C,SETP.WORLD,FPP_PUBLIC_RATES,AEMO,PUBLIC,2025/05/02,05:49:00,0000000461540208,FPP,0000000461540207
I,FPP,EST_PERF_COST_RATE,1,INTERVAL_DATETIME,CONSTRAINTID,VERSIONNO,BIDTYPE,RELEVANT_REGIONS,FPP_PAYMENT_RATE,FPP_RECOVERY_RATE,USED_FCAS_RATE,UNUSED_FCAS_RATE
D,FPP,EST_PERF_COST_RATE,1,"2025/05/02 05:45:00",F_I+NIL_APD_TL_L5,1,LOWERREG,"NSW1,QLD1,SA1,TAS1,VIC1",0.00092927,0.00091750,0.00018832,0.00043067
D,FPP,EST_PERF_COST_RATE,1,"2025/05/02 05:45:00",F_I+NIL_MG_R5,1,RAISEREG,"NSW1,QLD1,SA1,TAS1,VIC1",0.04081212,0.03700794,0.00903758,0.00411307
D,FPP,EST_PERF_COST_RATE,1,"2025/05/02 05:45:00",F_T+LREG_0050,1,LOWERREG,TAS1,0.63895856,0.20285293,0.04281909,0.40125177
D,FPP,EST_PERF_COST_RATE,1,"2025/05/02 05:45:00",F_T+RREG_0050,1,RAISEREG,TAS1,4.53381626,20.81383524,12.12779562,0.77133050
I,FPP,EST_RESIDUAL_COST_RATE,1,INTERVAL_DATETIME,CONSTRAINTID,VERSIONNO,BIDTYPE,RELEVANT_REGIONS,FPP,USED_FCAS,UNUSED_FCAS
D,FPP,EST_RESIDUAL_COST_RATE,1,"2025/05/02 05:45:00",F_I+NIL_APD_TL_L5,1,LOWERREG,"NSW1,QLD1,SA1,TAS1,VIC1",-0.00008762,-0.00001799,-0.00002001
D,FPP,EST_RESIDUAL_COST_RATE,1,"2025/05/02 05:45:00",F_I+NIL_MG_R5,1,RAISEREG,"NSW1,QLD1,SA1,TAS1,VIC1",-0.00029762,-0.00007268,-0.00021046
D,FPP,EST_RESIDUAL_COST_RATE,1,"2025/05/02 05:45:00",F_T+LREG_0050,1,LOWERREG,TAS1,0.00431468,0.00000000,-0.02078673
D,FPP,EST_RESIDUAL_COST_RATE,1,"2025/05/02 05:45:00",F_T+RREG_0050,1,RAISEREG,TAS1,0.01971618,0.00000000,-0.04862420
I,FPP,FCAS_SUMMARY,1,RUN_DATETIME,RUNNO,INTERVAL_DATETIME,CONSTRAINTID,VERSIONNO,BIDTYPE,RELEVANT_REGIONS,REGULATION_MW,CONSTRAINT_MARGINAL_VALUE,P_REGULATION,BASE_COST,TSFCAS,TOTAL_FPP,RCR,USAGE,USAGE_VALUE
D,FPP,FCAS_SUMMARY,1,"2025/05/02 05:45:00",1,"2025/05/02 05:45:00",F_I+NIL_APD_TL_L5,1,LOWERREG,"NSW1,QLD1,SA1,TAS1,VIC1",218.00000000,0.01000000,0.01000000,0.39996698,0.17500000,0.24795026,297.54031,0.29082050,0.29082050
D,FPP,FCAS_SUMMARY,1,"2025/05/02 05:45:00",1,"2025/05/02 05:45:00",F_I+NIL_MG_R5,1,RAISEREG,"NSW1,QLD1,SA1,TAS1,VIC1",229.99990000,0.10000000,0.10000000,5.64574983,1.83333250,1.50769767,180.92372,0.20083074,0.20083074
D,FPP,FCAS_SUMMARY,1,"2025/05/02 05:45:00",1,"2025/05/02 05:45:00",F_T+LREG_0050,1,LOWERREG,TAS1,50.00000000,2.53000000,2.53000000,10.54166667,10.54166667,8.09525997,38.39649,0.16209800,0.16209800
D,FPP,FCAS_SUMMARY,1,"2025/05/02 05:45:00",1,"2025/05/02 05:45:00",F_T+RREG_0050,1,RAISEREG,TAS1,50.00000000,5.51000000,5.51000000,22.95833333,22.95833333,14.66626087,31.94104,0.37222780,0.37222780
C,"END OF REPORT",17
