C,SETP.WORLD,FPP_RUN,AEMO,PUBLIC,2025/05/01,18:09:00,0000000461475554,FPP,0000000461475554
I,FPP,CONSTRAINT_FREQ_MEASURE,1,INTERVAL_DATETIME,MEASUREMENT_DATETIME,CONSTRAINTID,VERSIONNO,BIDTYPE,FM_RAISE_HZ,FM_LOWER_HZ,USED_IN_RCR_FLAG,CORRELATION_FLAG
D,FPP,CONSTRAINT_FREQ_MEASURE,1,"2025/05/01 18:05:00","2025/05/01 18:00:04",F_T+LREG_0050,1,LOWERREG,0.00000000,-0.00657500,1,0
D,FPP,CONSTRAINT_FREQ_MEASURE,1,"2025/05/01 18:05:00","2025/05/01 18:00:04",F_T+RREG_0050,1,RAISEREG,0.00000000,-0.00657500,1,0
D,FPP,CONSTRAINT_FREQ_MEASURE,1,"2025/05/01 18:05:00","2025/05/01 18:00:04",F_TASCAP_LREG_0210,1,LOWERREG,0.00000000,-0.01452191,1,0
D,FPP,CONSTRAINT_FREQ_MEASURE,1,"2025/05/01 18:05:00","2025/05/01 18:00:04",F_TASCAP_RREG_0220,1,RAISEREG,0.00000000,-0.01452191,1,0
D,FPP,CONSTRAINT_FREQ_MEASURE,1,"2025/05/01 18:05:00","2025/05/01 18:00:08",F_T+LREG_0050,1,LOWERREG,0.00000000,-0.01533611,1,0
D,FPP,CONSTRAINT_FREQ_MEASURE,1,"2025/05/01 18:05:00","2025/05/01 18:00:08",F_T+RREG_0050,1,RAISEREG,0.00000000,-0.01533611,1,0
D,FPP,CONSTRAINT_FREQ_MEASURE,1,"2025/05/01 18:05:00","2025/05/01 18:00:08",F_TASCAP_LREG_0210,1,LOWERREG,0.00000000,-0.01570748,1,0
D,FPP,CONSTRAINT_FREQ_MEASURE,1,"2025/05/01 18:05:00","2025/05/01 18:00:08",F_TASCAP_RREG_0220,1,RAISEREG,0.00000000,-0.01570748,1,0
D,FPP,CONSTRAINT_FREQ_MEASURE,1,"2025/05/01 18:05:00","2025/05/01 18:00:12",F_T+LREG_0050,1,LOWERREG,0.00000000,-0.02126142,1,0
D,FPP,CONSTRAINT_FREQ_MEASURE,1,"2025/05/01 18:05:00","2025/05/01 18:00:12",F_T+RREG_0050,1,RAISEREG,0.00000000,-0.02126142,1,0
D,FPP,CONSTRAINT_FREQ_MEASURE,1,"2025/05/01 18:05:00","2025/05/01 18:00:12",F_TASCAP_LREG_0210,1,LOWERREG,0.00000000,-0.01622342,1,0
D,FPP,CONSTRAINT_FREQ_MEASURE,1,"2025/05/01 18:05:00","2025/05/01 18:00:12",F_TASCAP_RREG_0220,1,RAISEREG,0.00000000,-0.01622342,1,0
D,FPP,CONSTRAINT_FREQ_MEASURE,1,"2025/05/01 18:05:00","2025/05/01 18:00:16",F_T+LREG_0050,1,LOWERREG,0.00000000,-0.02186999,1,0
D,FPP,CONSTRAINT_FREQ_MEASURE,1,"2025/05/01 18:05:00","2025/05/01 18:00:16",F_T+RREG_0050,1,RAISEREG,0.00000000,-0.02186999,1,0
D,FPP,CONSTRAINT_FREQ_MEASURE,1,"2025/05/01 18:05:00","2025/05/01 18:00:16",F_TASCAP_LREG_0210,1,LOWERREG,0.00000000,-0.01420695,1,0
D,FPP,CONSTRAINT_FREQ_MEASURE,1,"2025/05/01 18:05:00","2025/05/01 18:00:16",F_TASCAP_RREG_0220,1,RAISEREG,0.00000000,-0.01420695,1,0
D,FPP,CONSTRAINT_FREQ_MEASURE,1,"2025/05/01 18:05:00","2025/05/01 18:00:20",F_T+LREG_0050,1,LOWERREG,0.00000000,-0.01900999,1,0
D,FPP,CONSTRAINT_FREQ_MEASURE,1,"2025/05/01 18:05:00","2025/05/01 18:00:20",F_T+RREG_0050,1,RAISEREG,0.00000000,-0.01900999,1,0
D,FPP,CONSTRAINT_FREQ_MEASURE,1,"2025/05/01 18:05:00","2025/05/01 18:00:20",F_TASCAP_LREG_0210,1,LOWERREG,0.00000000,-0.00990993,1,0
D,FPP,CONSTRAINT_FREQ_MEASURE,1,"2025/05/01 18:05:00","2025/05/01 18:00:20",F_TASCAP_RREG_0220,1,RAISEREG,0.00000000,-0.00990993,1,0
D,FPP,CONSTRAINT_FREQ_MEASURE,1,"2025/05/01 18:05:00","2025/05/01 18:00:24",F_T+LREG_0050,1,LOWERREG,0.00000000,-0.01211888,1,0
D,FPP,CONSTRAINT_FREQ_MEASURE,1,"2025/05/01 18:05:00","2025/05/01 18:00:24",F_T+RREG_0050,1,RAISEREG,0.00000000,-0.01211888,1,0
D,FPP,CONSTRAINT_FREQ_MEASURE,1,"2025/05/01 18:05:00","2025/05/01 18:00:24",F_TASCAP_LREG_0210,1,LOWERREG,0.00000000,-0.00670917,1,0
D,FPP,CONSTRAINT_FREQ_MEASURE,1,"2025/05/01 18:05:00","2025/05/01 18:00:24",F_TASCAP_RREG_0220,1,RAISEREG,0.00000000,-0.00670917,1,0
D,FPP,CONSTRAINT_FREQ_MEASURE,1,"2025/05/01 18:05:00","2025/05/01 18:00:28",F_T+LREG_0050,1,LOWERREG,0.00000000,-0.00098135,1,0
D,FPP,CONSTRAINT_FREQ_MEASURE,1,"2025/05/01 18:05:00","2025/05/01 18:00:28",F_T+RREG_0050,1,RAISEREG,0.00000000,-0.00098135,1,0
D,FPP,CONSTRAINT_FREQ_MEASURE,1,"2025/05/01 18:05:00","2025/05/01 18:00:28",F_TASCAP_LREG_0210,1,LOWERREG,0.00000000,-0.00603255,1,0
D,FPP,CONSTRAINT_FREQ_MEASURE,1,"2025/05/01 18:05:00","2025/05/01 18:00:28",F_TASCAP_RREG_0220,1,RAISEREG,0.00000000,-0.00603255,1,0
D,FPP,CONSTRAINT_FREQ_MEASURE,1,"2025/05/01 18:05:00","2025/05/01 18:00:32",F_T+LREG_0050,1,LOWERREG,0.00523673,0.00000000,1,0
D,FPP,CONSTRAINT_FREQ_MEASURE,1,"2025/05/01 18:05:00","2025/05/01 18:00:32",F_T+RREG_0050,1,RAISEREG,0.00523673,0.00000000,1,0
D,FPP,CONSTRAINT_FREQ_MEASURE,1,"2025/05/01 18:05:00","2025/05/01 18:00:32",F_TASCAP_LREG_0210,1,LOWERREG,0.00000000,-0.00793546,1,0
D,FPP,CONSTRAINT_FREQ_MEASURE,1,"2025/05/01 18:05:00","2025/05/01 18:00:32",F_TASCAP_RREG_0220,1,RAISEREG,0.00000000,-0.00793546,1,0
D,FPP,CONSTRAINT_FREQ_MEASURE,1,"2025/05/01 18:05:00","2025/05/01 18:00:36",F_T+LREG_0050,1,LOWERREG,0.00318412,0.00000000,1,0
D,FPP,CONSTRAINT_FREQ_MEASURE,1,"2025/05/01 18:05:00","2025/05/01 18:00:36",F_T+RREG_0050,1,RAISEREG,0.00318412,0.00000000,1,0
D,FPP,CONSTRAINT_FREQ_MEASURE,1,"2025/05/01 18:05:00","2025/05/01 18:00:36",F_TASCAP_LREG_0210,1,LOWERREG,0.00000000,-0.00863746,1,0
D,FPP,CONSTRAINT_FREQ_MEASURE,1,"2025/05/01 18:05:00","2025/05/01 18:00:36",F_TASCAP_RREG_0220,1,RAISEREG,0.00000000,-0.00863746,1,0
D,FPP,CONSTRAINT_FREQ_MEASURE,1,"2025/05/01 18:05:00","2025/05/01 18:00:40",F_T+LREG_0050,1,LOWERREG,0.00000000,-0.00330124,1,0
D,FPP,CONSTRAINT_FREQ_MEASURE,1,"2025/05/01 18:05:00","2025/05/01 18:00:40",F_T+RREG_0050,1,RAISEREG,0.00000000,-0.00330124,1,0
D,FPP,CONSTRAINT_FREQ_MEASURE,1,"2025/05/01 18:05:00","2025/05/01 18:00:40",F_TASCAP_LREG_0210,1,LOWERREG,0.00000000,-0.00977095,1,0
D,FPP,CONSTRAINT_FREQ_MEASURE,1,"2025/05/01 18:05:00","2025/05/01 18:00:40",F_TASCAP_RREG_0220,1,RAISEREG,0.00000000,-0.00977095,1,0
D,FPP,CONSTRAINT_FREQ_MEASURE,1,"2025/05/01 18:05:00","2025/05/01 18:00:44",F_T+LREG_0050,1,LOWERREG,0.00000000,-0.00834541,1,0
D,FPP,CONSTRAINT_FREQ_MEASURE,1,"2025/05/01 18:05:00","2025/05/01 18:00:44",F_T+RREG_0050,1,RAISEREG,0.00000000,-0.00834541,1,0
D,FPP,CONSTRAINT_FREQ_MEASURE,1,"2025/05/01 18:05:00","2025/05/01 18:00:44",F_TASCAP_LREG_0210,1,LOWERREG,0.00000000,-0.01130030,1,0
D,FPP,CONSTRAINT_FREQ_MEASURE,1,"2025/05/01 18:05:00","2025/05/01 18:00:44",F_TASCAP_RREG_0220,1,RAISEREG,0.00000000,-0.01130030,1,0
D,FPP,CONSTRAINT_FREQ_MEASURE,1,"2025/05/01 18:05:00","2025/05/01 18:00:48",F_T+LREG_0050,1,LOWERREG,0.00000000,-0.00849087,1,0
D,FPP,CONSTRAINT_FREQ_MEASURE,1,"2025/05/01 18:05:00","2025/05/01 18:00:48",F_T+RREG_0050,1,RAISEREG,0.00000000,-0.00849087,1,0
D,FPP,CONSTRAINT_FREQ_MEASURE,1,"2025/05/01 18:05:00","2025/05/01 18:00:48",F_TASCAP_LREG_0210,1,LOWERREG,0.00000000,-0.01497329,1,0
D,FPP,CONSTRAINT_FREQ_MEASURE,1,"2025/05/01 18:05:00","2025/05/01 18:00:48",F_TASCAP_RREG_0220,1,RAISEREG,0.00000000,-0.01497329,1,0
D,FPP,CONSTRAINT_FREQ_MEASURE,1,"2025/05/01 18:05:00","2025/05/01 18:00:52",F_T+LREG_0050,1,LOWERREG,0.00000000,-0.00660401,1,0
D,FPP,CONSTRAINT_FREQ_MEASURE,1,"2025/05/01 18:05:00","2025/05/01 18:00:52",F_T+RREG_0050,1,RAISEREG,0.00000000,-0.00660401,1,0
D,FPP,CONSTRAINT_FREQ_MEASURE,1,"2025/05/01 18:05:00","2025/05/01 18:00:52",F_TASCAP_LREG_0210,1,LOWERREG,0.00000000,-0.01694887,1,0
D,FPP,CONSTRAINT_FREQ_MEASURE,1,"2025/05/01 18:05:00","2025/05/01 18:00:52",F_TASCAP_RREG_0220,1,RAISEREG,0.00000000,-0.01694887,1,0
D,FPP,CONSTRAINT_FREQ_MEASURE,1,"2025/05/01 18:05:00","2025/05/01 18:00:56",F_T+LREG_0050,1,LOWERREG,0.00000000,-0.00558090,1,0
D,FPP,CONSTRAINT_FREQ_MEASURE,1,"2025/05/01 18:05:00","2025/05/01 18:00:56",F_T+RREG_0050,1,RAISEREG,0.00000000,-0.00558090,1,0
D,FPP,CONSTRAINT_FREQ_MEASURE,1,"2025/05/01 18:05:00","2025/05/01 18:00:56",F_TASCAP_LREG_0210,1,LOWERREG,0.00000000,-0.01919114,1,0
D,FPP,CONSTRAINT_FREQ_MEASURE,1,"2025/05/01 18:05:00","2025/05/01 18:00:56",F_TASCAP_RREG_0220,1,RAISEREG,0.00000000,-0.01919114,1,0
D,FPP,CONSTRAINT_FREQ_MEASURE,1,"2025/05/01 18:05:00","2025/05/01 18:01:00",F_T+LREG_0050,1,LOWERREG,0.00000000,-0.00589626,1,0
D,FPP,CONSTRAINT_FREQ_MEASURE,1,"2025/05/01 18:05:00","2025/05/01 18:01:00",F_T+RREG_0050,1,RAISEREG,0.00000000,-0.00589626,1,0
D,FPP,CONSTRAINT_FREQ_MEASURE,1,"2025/05/01 18:05:00","2025/05/01 18:01:00",F_TASCAP_LREG_0210,1,LOWERREG,0.00000000,-0.01962766,1,0
D,FPP,CONSTRAINT_FREQ_MEASURE,1,"2025/05/01 18:05:00","2025/05/01 18:01:00",F_TASCAP_RREG_0220,1,RAISEREG,0.00000000,-0.01962766,1,0
D,FPP,CONSTRAINT_FREQ_MEASURE,1,"2025/05/01 18:05:00","2025/05/01 18:01:04",F_T+LREG_0050,1,LOWERREG,0.00000000,-0.00747487,1,0
D,FPP,CONSTRAINT_FREQ_MEASURE,1,"2025/05/01 18:05:00","2025/05/01 18:01:04",F_T+RREG_0050,1,RAISEREG,0.00000000,-0.00747487,1,0
D,FPP,CONSTRAINT_FREQ_MEASURE,1,"2025/05/01 18:05:00","2025/05/01 18:01:04",F_TASCAP_LREG_0210,1,LOWERREG,0.00000000,-0.02085201,1,0
D,FPP,CONSTRAINT_FREQ_MEASURE,1,"2025/05/01 18:05:00","2025/05/01 18:01:04",F_TASCAP_RREG_0220,1,RAISEREG,0.00000000,-0.02085201,1,0
D,FPP,CONSTRAINT_FREQ_MEASURE,1,"2025/05/01 18:05:00","2025/05/01 18:01:08",F_T+LREG_0050,1,LOWERREG,0.00000000,-0.00870268,1,0
D,FPP,CONSTRAINT_FREQ_MEASURE,1,"2025/05/01 18:05:00","2025/05/01 18:01:08",F_T+RREG_0050,1,RAISEREG,0.00000000,-0.00870268,1,0
D,FPP,CONSTRAINT_FREQ_MEASURE,1,"2025/05/01 18:05:00","2025/05/01 18:01:08",F_TASCAP_LREG_0210,1,LOWERREG,0.00000000,-0.02079424,1,0
D,FPP,CONSTRAINT_FREQ_MEASURE,1,"2025/05/01 18:05:00","2025/05/01 18:01:08",F_TASCAP_RREG_0220,1,RAISEREG,0.00000000,-0.02079424,1,0
D,FPP,CONSTRAINT_FREQ_MEASURE,1,"2025/05/01 18:05:00","2025/05/01 18:01:12",F_T+LREG_0050,1,LOWERREG,0.00000000,-0.00965764,1,0
D,FPP,CONSTRAINT_FREQ_MEASURE,1,"2025/05/01 18:05:00","2025/05/01 18:01:12",F_T+RREG_0050,1,RAISEREG,0.00000000,-0.00965764,1,0
D,FPP,CONSTRAINT_FREQ_MEASURE,1,"2025/05/01 18:05:00","2025/05/01 18:01:12",F_TASCAP_LREG_0210,1,LOWERREG,0.00000000,-0.01995157,1,0
D,FPP,CONSTRAINT_FREQ_MEASURE,1,"2025/05/01 18:05:00","2025/05/01 18:01:12",F_TASCAP_RREG_0220,1,RAISEREG,0.00000000,-0.01995157,1,0
D,FPP,CONSTRAINT_FREQ_MEASURE,1,"2025/05/01 18:05:00","2025/05/01 18:01:16",F_T+LREG_0050,1,LOWERREG,0.00000000,-0.00928928,1,0
D,FPP,CONSTRAINT_FREQ_MEASURE,1,"2025/05/01 18:05:00","2025/05/01 18:01:16",F_T+RREG_0050,1,RAISEREG,0.00000000,-0.00928928,1,0
D,FPP,CONSTRAINT_FREQ_MEASURE,1,"2025/05/01 18:05:00","2025/05/01 18:01:16",F_TASCAP_LREG_0210,1,LOWERREG,0.00000000,-0.01856245,1,0
D,FPP,CONSTRAINT_FREQ_MEASURE,1,"2025/05/01 18:05:00","2025/05/01 18:01:16",F_TASCAP_RREG_0220,1,RAISEREG,0.00000000,-0.01856245,1,0
D,FPP,CONSTRAINT_FREQ_MEASURE,1,"2025/05/01 18:05:00","2025/05/01 18:01:20",F_T+LREG_0050,1,LOWERREG,0.00000000,-0.00744722,1,0
D,FPP,CONSTRAINT_FREQ_MEASURE,1,"2025/05/01 18:05:00","2025/05/01 18:01:20",F_T+RREG_0050,1,RAISEREG,0.00000000,-0.00744722,1,0
D,FPP,CONSTRAINT_FREQ_MEASURE,1,"2025/05/01 18:05:00","2025/05/01 18:01:20",F_TASCAP_LREG_0210,1,LOWERREG,0.00000000,-0.01646600,1,0
D,FPP,CONSTRAINT_FREQ_MEASURE,1,"2025/05/01 18:05:00","2025/05/01 18:01:20",F_TASCAP_RREG_0220,1,RAISEREG,0.00000000,-0.01646600,1,0
D,FPP,CONSTRAINT_FREQ_MEASURE,1,"2025/05/01 18:05:00","2025/05/01 18:01:24",F_T+LREG_0050,1,LOWERREG,0.00000000,-0.00512562,1,0
D,FPP,CONSTRAINT_FREQ_MEASURE,1,"2025/05/01 18:05:00","2025/05/01 18:01:24",F_T+RREG_0050,1,RAISEREG,0.00000000,-0.00512562,1,0
D,FPP,CONSTRAINT_FREQ_MEASURE,1,"2025/05/01 18:05:00","2025/05/01 18:01:24",F_TASCAP_LREG_0210,1,LOWERREG,0.00000000,-0.01430021,1,0
D,FPP,CONSTRAINT_FREQ_MEASURE,1,"2025/05/01 18:05:00","2025/05/01 18:01:24",F_TASCAP_RREG_0220,1,RAISEREG,0.00000000,-0.01430021,1,0
D,FPP,CONSTRAINT_FREQ_MEASURE,1,"2025/05/01 18:05:00","2025/05/01 18:01:28",F_T+LREG_0050,1,LOWERREG,0.00000000,-0.00420882,1,0
D,FPP,CONSTRAINT_FREQ_MEASURE,1,"2025/05/01 18:05:00","2025/05/01 18:01:28",F_T+RREG_0050,1,RAISEREG,0.00000000,-0.00420882,1,0
D,FPP,CONSTRAINT_FREQ_MEASURE,1,"2025/05/01 18:05:00","2025/05/01 18:01:28",F_TASCAP_LREG_0210,1,LOWERREG,0.00000000,-0.01364170,1,0
D,FPP,CONSTRAINT_FREQ_MEASURE,1,"2025/05/01 18:05:00","2025/05/01 18:01:28",F_TASCAP_RREG_0220,1,RAISEREG,0.00000000,-0.01364170,1,0
D,FPP,CONSTRAINT_FREQ_MEASURE,1,"2025/05/01 18:05:00","2025/05/01 18:01:32",F_T+LREG_0050,1,LOWERREG,0.00000000,-0.00505130,1,0
D,FPP,CONSTRAINT_FREQ_MEASURE,1,"2025/05/01 18:05:00","2025/05/01 18:01:32",F_T+RREG_0050,1,RAISEREG,0.00000000,-0.00505130,1,0
D,FPP,CONSTRAINT_FREQ_MEASURE,1,"2025/05/01 18:05:00","2025/05/01 18:01:32",F_TASCAP_LREG_0210,1,LOWERREG,0.00000000,-0.01406199,1,0
D,FPP,CONSTRAINT_FREQ_MEASURE,1,"2025/05/01 18:05:00","2025/05/01 18:01:32",F_TASCAP_RREG_0220,1,RAISEREG,0.00000000,-0.01406199,1,0
D,FPP,CONSTRAINT_FREQ_MEASURE,1,"2025/05/01 18:05:00","2025/05/01 18:01:36",F_T+LREG_0050,1,LOWERREG,0.00000000,-0.00570657,1,0
D,FPP,CONSTRAINT_FREQ_MEASURE,1,"2025/05/01 18:05:00","2025/05/01 18:01:36",F_T+RREG_0050,1,RAISEREG,0.00000000,-0.00570657,1,0
D,FPP,CONSTRAINT_FREQ_MEASURE,1,"2025/05/01 18:05:00","2025/05/01 18:01:36",F_TASCAP_LREG_0210,1,LOWERREG,0.00000000,-0.01595976,1,0
D,FPP,CONSTRAINT_FREQ_MEASURE,1,"2025/05/01 18:05:00","2025/05/01 18:01:36",F_TASCAP_RREG_0220,1,RAISEREG,0.00000000,-0.01595976,1,0
D,FPP,CONSTRAINT_FREQ_MEASURE,1,"2025/05/01 18:05:00","2025/05/01 18:01:40",F_T+LREG_0050,1,LOWERREG,0.00000000,-0.00932733,1,0
D,FPP,CONSTRAINT_FREQ_MEASURE,1,"2025/05/01 18:05:00","2025/05/01 18:01:40",F_T+RREG_0050,1,RAISEREG,0.00000000,-0.00932733,1,0
D,FPP,CONSTRAINT_FREQ_MEASURE,1,"2025/05/01 18:05:00","2025/05/01 18:01:40",F_TASCAP_LREG_0210,1,LOWERREG,0.00000000,-0.01661161,1,0
D,FPP,CONSTRAINT_FREQ_MEASURE,1,"2025/05/01 18:05:00","2025/05/01 18:01:40",F_TASCAP_RREG_0220,1,RAISEREG,0.00000000,-0.01661161,1,0
D,FPP,CONSTRAINT_FREQ_MEASURE,1,"2025/05/01 18:05:00","2025/05/01 18:01:44",F_T+LREG_0050,1,LOWERREG,0.00000000,-0.01547681,1,0
D,FPP,CONSTRAINT_FREQ_MEASURE,1,"2025/05/01 18:05:00","2025/05/01 18:01:44",F_T+RREG_0050,1,RAISEREG,0.00000000,-0.01547681,1,0
D,FPP,CONSTRAINT_FREQ_MEASURE,1,"2025/05/01 18:05:00","2025/05/01 18:01:44",F_TASCAP_LREG_0210,1,LOWERREG,0.00000000,-0.01519410,1,0
D,FPP,CONSTRAINT_FREQ_MEASURE,1,"2025/05/01 18:05:00","2025/05/01 18:01:44",F_TASCAP_RREG_0220,1,RAISEREG,0.00000000,-0.01519410,1,0
D,FPP,CONSTRAINT_FREQ_MEASURE,1,"2025/05/01 18:05:00","2025/05/01 18:01:48",F_T+LREG_0050,1,LOWERREG,0.00000000,-0.02025974,1,0
D,FPP,CONSTRAINT_FREQ_MEASURE,1,"2025/05/01 18:05:00","2025/05/01 18:01:48",F_T+RREG_0050,1,RAISEREG,0.00000000,-0.02025974,1,0
D,FPP,CONSTRAINT_FREQ_MEASURE,1,"2025/05/01 18:05:00","2025/05/01 18:01:48",F_TASCAP_LREG_0210,1,LOWERREG,0.00000000,-0.01494764,1,0
D,FPP,CONSTRAINT_FREQ_MEASURE,1,"2025/05/01 18:05:00","2025/05/01 18:01:48",F_TASCAP_RREG_0220,1,RAISEREG,0.00000000,-0.01494764,1,0
D,FPP,CONSTRAINT_FREQ_MEASURE,1,"2025/05/01 18:05:00","2025/05/01 18:01:52",F_T+LREG_0050,1,LOWERREG,0.00000000,-0.01953535,1,0
D,FPP,CONSTRAINT_FREQ_MEASURE,1,"2025/05/01 18:05:00","2025/05/01 18:01:52",F_T+RREG_0050,1,RAISEREG,0.00000000,-0.01953535,1,0
D,FPP,CONSTRAINT_FREQ_MEASURE,1,"2025/05/01 18:05:00","2025/05/01 18:01:52",F_TASCAP_LREG_0210,1,LOWERREG,0.00000000,-0.01685513,1,0
D,FPP,CONSTRAINT_FREQ_MEASURE,1,"2025/05/01 18:05:00","2025/05/01 18:01:52",F_TASCAP_RREG_0220,1,RAISEREG,0.00000000,-0.01685513,1,0
D,FPP,CONSTRAINT_FREQ_MEASURE,1,"2025/05/01 18:05:00","2025/05/01 18:01:56",F_T+LREG_0050,1,LOWERREG,0.00000000,-0.01363861,1,0
D,FPP,CONSTRAINT_FREQ_MEASURE,1,"2025/05/01 18:05:00","2025/05/01 18:01:56",F_T+RREG_0050,1,RAISEREG,0.00000000,-0.01363861,1,0
D,FPP,CONSTRAINT_FREQ_MEASURE,1,"2025/05/01 18:05:00","2025/05/01 18:01:56",F_TASCAP_LREG_0210,1,LOWERREG,0.00000000,-0.01765172,1,0
D,FPP,CONSTRAINT_FREQ_MEASURE,1,"2025/05/01 18:05:00","2025/05/01 18:01:56",F_TASCAP_RREG_0220,1,RAISEREG,0.00000000,-0.01765172,1,0
D,FPP,CONSTRAINT_FREQ_MEASURE,1,"2025/05/01 18:05:00","2025/05/01 18:02:00",F_T+LREG_0050,1,LOWERREG,0.00000000,-0.00905225,1,0
D,FPP,CONSTRAINT_FREQ_MEASURE,1,"2025/05/01 18:05:00","2025/05/01 18:02:00",F_T+RREG_0050,1,RAISEREG,0.00000000,-0.00905225,1,0
D,FPP,CONSTRAINT_FREQ_MEASURE,1,"2025/05/01 18:05:00","2025/05/01 18:02:00",F_TASCAP_LREG_0210,1,LOWERREG,0.00000000,-0.01750611,1,0
D,FPP,CONSTRAINT_FREQ_MEASURE,1,"2025/05/01 18:05:00","2025/05/01 18:02:00",F_TASCAP_RREG_0220,1,RAISEREG,0.00000000,-0.01750611,1,0
D,FPP,CONSTRAINT_FREQ_MEASURE,1,"2025/05/01 18:05:00","2025/05/01 18:02:04",F_T+LREG_0050,1,LOWERREG,0.00000000,-0.00881842,1,0
D,FPP,CONSTRAINT_FREQ_MEASURE,1,"2025/05/01 18:05:00","2025/05/01 18:02:04",F_T+RREG_0050,1,RAISEREG,0.00000000,-0.00881842,1,0
D,FPP,CONSTRAINT_FREQ_MEASURE,1,"2025/05/01 18:05:00","2025/05/01 18:02:04",F_TASCAP_LREG_0210,1,LOWERREG,0.00000000,-0.01712794,1,0
D,FPP,CONSTRAINT_FREQ_MEASURE,1,"2025/05/01 18:05:00","2025/05/01 18:02:04",F_TASCAP_RREG_0220,1,RAISEREG,0.00000000,-0.01712794,1,0
D,FPP,CONSTRAINT_FREQ_MEASURE,1,"2025/05/01 18:05:00","2025/05/01 18:02:08",F_T+LREG_0050,1,LOWERREG,0.00000000,-0.01063655,1,0
D,FPP,CONSTRAINT_FREQ_MEASURE,1,"2025/05/01 18:05:00","2025/05/01 18:02:08",F_T+RREG_0050,1,RAISEREG,0.00000000,-0.01063655,1,0
D,FPP,CONSTRAINT_FREQ_MEASURE,1,"2025/05/01 18:05:00","2025/05/01 18:02:08",F_TASCAP_LREG_0210,1,LOWERREG,0.00000000,-0.01785367,1,0
D,FPP,CONSTRAINT_FREQ_MEASURE,1,"2025/05/01 18:05:00","2025/05/01 18:02:08",F_TASCAP_RREG_0220,1,RAISEREG,0.00000000,-0.01785367,1,0
D,FPP,CONSTRAINT_FREQ_MEASURE,1,"2025/05/01 18:05:00","2025/05/01 18:02:12",F_T+LREG_0050,1,LOWERREG,0.00000000,-0.01738398,1,0
D,FPP,CONSTRAINT_FREQ_MEASURE,1,"2025/05/01 18:05:00","2025/05/01 18:02:12",F_T+RREG_0050,1,RAISEREG,0.00000000,-0.01738398,1,0
D,FPP,CONSTRAINT_FREQ_MEASURE,1,"2025/05/01 18:05:00","2025/05/01 18:02:12",F_TASCAP_LREG_0210,1,LOWERREG,0.00000000,-0.01850776,1,0
D,FPP,CONSTRAINT_FREQ_MEASURE,1,"2025/05/01 18:05:00","2025/05/01 18:02:12",F_TASCAP_RREG_0220,1,RAISEREG,0.00000000,-0.01850776,1,0
D,FPP,CONSTRAINT_FREQ_MEASURE,1,"2025/05/01 18:05:00","2025/05/01 18:02:16",F_T+LREG_0050,1,LOWERREG,0.00000000,-0.02396532,1,0
D,FPP,CONSTRAINT_FREQ_MEASURE,1,"2025/05/01 18:05:00","2025/05/01 18:02:16",F_T+RREG_0050,1,RAISEREG,0.00000000,-0.02396532,1,0
D,FPP,CONSTRAINT_FREQ_MEASURE,1,"2025/05/01 18:05:00","2025/05/01 18:02:16",F_TASCAP_LREG_0210,1,LOWERREG,0.00000000,-0.01934444,1,0
D,FPP,CONSTRAINT_FREQ_MEASURE,1,"2025/05/01 18:05:00","2025/05/01 18:02:16",F_TASCAP_RREG_0220,1,RAISEREG,0.00000000,-0.01934444,1,0
D,FPP,CONSTRAINT_FREQ_MEASURE,1,"2025/05/01 18:05:00","2025/05/01 18:02:20",F_T+LREG_0050,1,LOWERREG,0.00000000,-0.02597303,1,0
D,FPP,CONSTRAINT_FREQ_MEASURE,1,"2025/05/01 18:05:00","2025/05/01 18:02:20",F_T+RREG_0050,1,RAISEREG,0.00000000,-0.02597303,1,0
D,FPP,CONSTRAINT_FREQ_MEASURE,1,"2025/05/01 18:05:00","2025/05/01 18:02:20",F_TASCAP_LREG_0210,1,LOWERREG,0.00000000,-0.01905983,1,0
D,FPP,CONSTRAINT_FREQ_MEASURE,1,"2025/05/01 18:05:00","2025/05/01 18:02:20",F_TASCAP_RREG_0220,1,RAISEREG,0.00000000,-0.01905983,1,0
D,FPP,CONSTRAINT_FREQ_MEASURE,1,"2025/05/01 18:05:00","2025/05/01 18:02:24",F_T+LREG_0050,1,LOWERREG,0.00000000,-0.01886791,1,0
D,FPP,CONSTRAINT_FREQ_MEASURE,1,"2025/05/01 18:05:00","2025/05/01 18:02:24",F_T+RREG_0050,1,RAISEREG,0.00000000,-0.01886791,1,0
D,FPP,CONSTRAINT_FREQ_MEASURE,1,"2025/05/01 18:05:00","2025/05/01 18:02:24",F_TASCAP_LREG_0210,1,LOWERREG,0.00000000,-0.01922123,1,0
D,FPP,CONSTRAINT_FREQ_MEASURE,1,"2025/05/01 18:05:00","2025/05/01 18:02:24",F_TASCAP_RREG_0220,1,RAISEREG,0.00000000,-0.01922123,1,0
D,FPP,CONSTRAINT_FREQ_MEASURE,1,"2025/05/01 18:05:00","2025/05/01 18:02:28",F_T+LREG_0050,1,LOWERREG,0.00000000,-0.01089726,1,0
D,FPP,CONSTRAINT_FREQ_MEASURE,1,"2025/05/01 18:05:00","2025/05/01 18:02:28",F_T+RREG_0050,1,RAISEREG,0.00000000,-0.01089726,1,0
D,FPP,CONSTRAINT_FREQ_MEASURE,1,"2025/05/01 18:05:00","2025/05/01 18:02:28",F_TASCAP_LREG_0210,1,LOWERREG,0.00000000,-0.01979861,1,0
D,FPP,CONSTRAINT_FREQ_MEASURE,1,"2025/05/01 18:05:00","2025/05/01 18:02:28",F_TASCAP_RREG_0220,1,RAISEREG,0.00000000,-0.01979861,1,0
D,FPP,CONSTRAINT_FREQ_MEASURE,1,"2025/05/01 18:05:00","2025/05/01 18:02:32",F_T+LREG_0050,1,LOWERREG,0.00000000,-0.00803120,1,0
D,FPP,CONSTRAINT_FREQ_MEASURE,1,"2025/05/01 18:05:00","2025/05/01 18:02:32",F_T+RREG_0050,1,RAISEREG,0.00000000,-0.00803120,1,0
D,FPP,CONSTRAINT_FREQ_MEASURE,1,"2025/05/01 18:05:00","2025/05/01 18:02:32",F_TASCAP_LREG_0210,1,LOWERREG,0.00000000,-0.02178562,1,0
D,FPP,CONSTRAINT_FREQ_MEASURE,1,"2025/05/01 18:05:00","2025/05/01 18:02:32",F_TASCAP_RREG_0220,1,RAISEREG,0.00000000,-0.02178562,1,0
D,FPP,CONSTRAINT_FREQ_MEASURE,1,"2025/05/01 18:05:00","2025/05/01 18:02:36",F_T+LREG_0050,1,LOWERREG,0.00000000,-0.00935760,1,0
D,FPP,CONSTRAINT_FREQ_MEASURE,1,"2025/05/01 18:05:00","2025/05/01 18:02:36",F_T+RREG_0050,1,RAISEREG,0.00000000,-0.00935760,1,0
D,FPP,CONSTRAINT_FREQ_MEASURE,1,"2025/05/01 18:05:00","2025/05/01 18:02:36",F_TASCAP_LREG_0210,1,LOWERREG,0.00000000,-0.02241044,1,0
D,FPP,CONSTRAINT_FREQ_MEASURE,1,"2025/05/01 18:05:00","2025/05/01 18:02:36",F_TASCAP_RREG_0220,1,RAISEREG,0.00000000,-0.02241044,1,0
D,FPP,CONSTRAINT_FREQ_MEASURE,1,"2025/05/01 18:05:00","2025/05/01 18:02:40",F_T+LREG_0050,1,LOWERREG,0.00000000,-0.01483369,1,0
D,FPP,CONSTRAINT_FREQ_MEASURE,1,"2025/05/01 18:05:00","2025/05/01 18:02:40",F_T+RREG_0050,1,RAISEREG,0.00000000,-0.01483369,1,0
D,FPP,CONSTRAINT_FREQ_MEASURE,1,"2025/05/01 18:05:00","2025/05/01 18:02:40",F_TASCAP_LREG_0210,1,LOWERREG,0.00000000,-0.02201668,1,0
D,FPP,CONSTRAINT_FREQ_MEASURE,1,"2025/05/01 18:05:00","2025/05/01 18:02:40",F_TASCAP_RREG_0220,1,RAISEREG,0.00000000,-0.02201668,1,0
D,FPP,CONSTRAINT_FREQ_MEASURE,1,"2025/05/01 18:05:00","2025/05/01 18:02:44",F_T+LREG_0050,1,LOWERREG,0.00000000,-0.01953731,1,0
D,FPP,CONSTRAINT_FREQ_MEASURE,1,"2025/05/01 18:05:00","2025/05/01 18:02:44",F_T+RREG_0050,1,RAISEREG,0.00000000,-0.01953731,1,0
D,FPP,CONSTRAINT_FREQ_MEASURE,1,"2025/05/01 18:05:00","2025/05/01 18:02:44",F_TASCAP_LREG_0210,1,LOWERREG,0.00000000,-0.02314691,1,0
D,FPP,CONSTRAINT_FREQ_MEASURE,1,"2025/05/01 18:05:00","2025/05/01 18:02:44",F_TASCAP_RREG_0220,1,RAISEREG,0.00000000,-0.02314691,1,0
D,FPP,CONSTRAINT_FREQ_MEASURE,1,"2025/05/01 18:05:00","2025/05/01 18:02:48",F_T+LREG_0050,1,LOWERREG,0.00000000,-0.02186235,1,0
D,FPP,CONSTRAINT_FREQ_MEASURE,1,"2025/05/01 18:05:00","2025/05/01 18:02:48",F_T+RREG_0050,1,RAISEREG,0.00000000,-0.02186235,1,0
D,FPP,CONSTRAINT_FREQ_MEASURE,1,"2025/05/01 18:05:00","2025/05/01 18:02:48",F_TASCAP_LREG_0210,1,LOWERREG,0.00000000,-0.02309988,1,0
D,FPP,CONSTRAINT_FREQ_MEASURE,1,"2025/05/01 18:05:00","2025/05/01 18:02:48",F_TASCAP_RREG_0220,1,RAISEREG,0.00000000,-0.02309988,1,0
D,FPP,CONSTRAINT_FREQ_MEASURE,1,"2025/05/01 18:05:00","2025/05/01 18:02:52",F_T+LREG_0050,1,LOWERREG,0.00000000,-0.02011516,1,0
D,FPP,CONSTRAINT_FREQ_MEASURE,1,"2025/05/01 18:05:00","2025/05/01 18:02:52",F_T+RREG_0050,1,RAISEREG,0.00000000,-0.02011516,1,0
D,FPP,CONSTRAINT_FREQ_MEASURE,1,"2025/05/01 18:05:00","2025/05/01 18:02:52",F_TASCAP_LREG_0210,1,LOWERREG,0.00000000,-0.02244048,1,0
D,FPP,CONSTRAINT_FREQ_MEASURE,1,"2025/05/01 18:05:00","2025/05/01 18:02:52",F_TASCAP_RREG_0220,1,RAISEREG,0.00000000,-0.02244048,1,0
D,FPP,CONSTRAINT_FREQ_MEASURE,1,"2025/05/01 18:05:00","2025/05/01 18:02:56",F_T+LREG_0050,1,LOWERREG,0.00000000,-0.01742290,1,0
D,FPP,CONSTRAINT_FREQ_MEASURE,1,"2025/05/01 18:05:00","2025/05/01 18:02:56",F_T+RREG_0050,1,RAISEREG,0.00000000,-0.01742290,1,0
D,FPP,CONSTRAINT_FREQ_MEASURE,1,"2025/05/01 18:05:00","2025/05/01 18:02:56",F_TASCAP_LREG_0210,1,LOWERREG,0.00000000,-0.02177667,1,0
D,FPP,CONSTRAINT_FREQ_MEASURE,1,"2025/05/01 18:05:00","2025/05/01 18:02:56",F_TASCAP_RREG_0220,1,RAISEREG,0.00000000,-0.02177667,1,0
D,FPP,CONSTRAINT_FREQ_MEASURE,1,"2025/05/01 18:05:00","2025/05/01 18:03:00",F_T+LREG_0050,1,LOWERREG,0.00000000,-0.01577337,1,0
D,FPP,CONSTRAINT_FREQ_MEASURE,1,"2025/05/01 18:05:00","2025/05/01 18:03:00",F_T+RREG_0050,1,RAISEREG,0.00000000,-0.01577337,1,0
D,FPP,CONSTRAINT_FREQ_MEASURE,1,"2025/05/01 18:05:00","2025/05/01 18:03:00",F_TASCAP_LREG_0210,1,LOWERREG,0.00000000,-0.02227444,1,0
D,FPP,CONSTRAINT_FREQ_MEASURE,1,"2025/05/01 18:05:00","2025/05/01 18:03:00",F_TASCAP_RREG_0220,1,RAISEREG,0.00000000,-0.02227444,1,0
D,FPP,CONSTRAINT_FREQ_MEASURE,1,"2025/05/01 18:05:00","2025/05/01 18:03:04",F_T+LREG_0050,1,LOWERREG,0.00000000,-0.01649040,1,0
D,FPP,CONSTRAINT_FREQ_MEASURE,1,"2025/05/01 18:05:00","2025/05/01 18:03:04",F_T+RREG_0050,1,RAISEREG,0.00000000,-0.01649040,1,0
D,FPP,CONSTRAINT_FREQ_MEASURE,1,"2025/05/01 18:05:00","2025/05/01 18:03:04",F_TASCAP_LREG_0210,1,LOWERREG,0.00000000,-0.02276790,1,0
D,FPP,CONSTRAINT_FREQ_MEASURE,1,"2025/05/01 18:05:00","2025/05/01 18:03:04",F_TASCAP_RREG_0220,1,RAISEREG,0.00000000,-0.02276790,1,0
D,FPP,CONSTRAINT_FREQ_MEASURE,1,"2025/05/01 18:05:00","2025/05/01 18:03:08",F_T+LREG_0050,1,LOWERREG,0.00000000,-0.01882587,1,0
D,FPP,CONSTRAINT_FREQ_MEASURE,1,"2025/05/01 18:05:00","2025/05/01 18:03:08",F_T+RREG_0050,1,RAISEREG,0.00000000,-0.01882587,1,0
D,FPP,CONSTRAINT_FREQ_MEASURE,1,"2025/05/01 18:05:00","2025/05/01 18:03:08",F_TASCAP_LREG_0210,1,LOWERREG,0.00000000,-0.02352729,1,0
D,FPP,CONSTRAINT_FREQ_MEASURE,1,"2025/05/01 18:05:00","2025/05/01 18:03:08",F_TASCAP_RREG_0220,1,RAISEREG,0.00000000,-0.02352729,1,0
D,FPP,CONSTRAINT_FREQ_MEASURE,1,"2025/05/01 18:05:00","2025/05/01 18:03:12",F_T+LREG_0050,1,LOWERREG,0.00000000,-0.01930901,1,0
D,FPP,CONSTRAINT_FREQ_MEASURE,1,"2025/05/01 18:05:00","2025/05/01 18:03:12",F_T+RREG_0050,1,RAISEREG,0.00000000,-0.01930901,1,0
D,FPP,CONSTRAINT_FREQ_MEASURE,1,"2025/05/01 18:05:00","2025/05/01 18:03:12",F_TASCAP_LREG_0210,1,LOWERREG,0.00000000,-0.02342832,1,0
D,FPP,CONSTRAINT_FREQ_MEASURE,1,"2025/05/01 18:05:00","2025/05/01 18:03:12",F_TASCAP_RREG_0220,1,RAISEREG,0.00000000,-0.02342832,1,0
D,FPP,CONSTRAINT_FREQ_MEASURE,1,"2025/05/01 18:05:00","2025/05/01 18:03:16",F_T+LREG_0050,1,LOWERREG,0.00000000,-0.01412923,1,0
D,FPP,CONSTRAINT_FREQ_MEASURE,1,"2025/05/01 18:05:00","2025/05/01 18:03:16",F_T+RREG_0050,1,RAISEREG,0.00000000,-0.01412923,1,0
D,FPP,CONSTRAINT_FREQ_MEASURE,1,"2025/05/01 18:05:00","2025/05/01 18:03:16",F_TASCAP_LREG_0210,1,LOWERREG,0.00000000,-0.02241529,1,0
D,FPP,CONSTRAINT_FREQ_MEASURE,1,"2025/05/01 18:05:00","2025/05/01 18:03:16",F_TASCAP_RREG_0220,1,RAISEREG,0.00000000,-0.02241529,1,0
D,FPP,CONSTRAINT_FREQ_MEASURE,1,"2025/05/01 18:05:00","2025/05/01 18:03:20",F_T+LREG_0050,1,LOWERREG,0.00000000,-0.00965607,1,0
D,FPP,CONSTRAINT_FREQ_MEASURE,1,"2025/05/01 18:05:00","2025/05/01 18:03:20",F_T+RREG_0050,1,RAISEREG,0.00000000,-0.00965607,1,0
D,FPP,CONSTRAINT_FREQ_MEASURE,1,"2025/05/01 18:05:00","2025/05/01 18:03:20",F_TASCAP_LREG_0210,1,LOWERREG,0.00000000,-0.02252134,1,0
D,FPP,CONSTRAINT_FREQ_MEASURE,1,"2025/05/01 18:05:00","2025/05/01 18:03:20",F_TASCAP_RREG_0220,1,RAISEREG,0.00000000,-0.02252134,1,0
D,FPP,CONSTRAINT_FREQ_MEASURE,1,"2025/05/01 18:05:00","2025/05/01 18:03:24",F_T+LREG_0050,1,LOWERREG,0.00000000,-0.00884361,1,0
D,FPP,CONSTRAINT_FREQ_MEASURE,1,"2025/05/01 18:05:00","2025/05/01 18:03:24",F_T+RREG_0050,1,RAISEREG,0.00000000,-0.00884361,1,0
D,FPP,CONSTRAINT_FREQ_MEASURE,1,"2025/05/01 18:05:00","2025/05/01 18:03:24",F_TASCAP_LREG_0210,1,LOWERREG,0.00000000,-0.02253473,1,0
D,FPP,CONSTRAINT_FREQ_MEASURE,1,"2025/05/01 18:05:00","2025/05/01 18:03:24",F_TASCAP_RREG_0220,1,RAISEREG,0.00000000,-0.02253473,1,0
D,FPP,CONSTRAINT_FREQ_MEASURE,1,"2025/05/01 18:05:00","2025/05/01 18:03:28",F_T+LREG_0050,1,LOWERREG,0.00000000,-0.01376725,1,0
D,FPP,CONSTRAINT_FREQ_MEASURE,1,"2025/05/01 18:05:00","2025/05/01 18:03:28",F_T+RREG_0050,1,RAISEREG,0.00000000,-0.01376725,1,0
D,FPP,CONSTRAINT_FREQ_MEASURE,1,"2025/05/01 18:05:00","2025/05/01 18:03:28",F_TASCAP_LREG_0210,1,LOWERREG,0.00000000,-0.02301545,1,0
D,FPP,CONSTRAINT_FREQ_MEASURE,1,"2025/05/01 18:05:00","2025/05/01 18:03:28",F_TASCAP_RREG_0220,1,RAISEREG,0.00000000,-0.02301545,1,0
D,FPP,CONSTRAINT_FREQ_MEASURE,1,"2025/05/01 18:05:00","2025/05/01 18:03:32",F_T+LREG_0050,1,LOWERREG,0.00000000,-0.03093008,1,0
D,FPP,CONSTRAINT_FREQ_MEASURE,1,"2025/05/01 18:05:00","2025/05/01 18:03:32",F_T+RREG_0050,1,RAISEREG,0.00000000,-0.03093008,1,0
D,FPP,CONSTRAINT_FREQ_MEASURE,1,"2025/05/01 18:05:00","2025/05/01 18:03:32",F_TASCAP_LREG_0210,1,LOWERREG,0.00000000,-0.02455272,1,0
D,FPP,CONSTRAINT_FREQ_MEASURE,1,"2025/05/01 18:05:00","2025/05/01 18:03:32",F_TASCAP_RREG_0220,1,RAISEREG,0.00000000,-0.02455272,1,0
D,FPP,CONSTRAINT_FREQ_MEASURE,1,"2025/05/01 18:05:00","2025/05/01 18:03:36",F_T+LREG_0050,1,LOWERREG,0.00000000,-0.04361228,1,0
D,FPP,CONSTRAINT_FREQ_MEASURE,1,"2025/05/01 18:05:00","2025/05/01 18:03:36",F_T+RREG_0050,1,RAISEREG,0.00000000,-0.04361228,1,0
D,FPP,CONSTRAINT_FREQ_MEASURE,1,"2025/05/01 18:05:00","2025/05/01 18:03:36",F_TASCAP_LREG_0210,1,LOWERREG,0.00000000,-0.02546310,1,0
D,FPP,CONSTRAINT_FREQ_MEASURE,1,"2025/05/01 18:05:00","2025/05/01 18:03:36",F_TASCAP_RREG_0220,1,RAISEREG,0.00000000,-0.02546310,1,0
D,FPP,CONSTRAINT_FREQ_MEASURE,1,"2025/05/01 18:05:00","2025/05/01 18:03:40",F_T+LREG_0050,1,LOWERREG,0.00000000,-0.04480955,1,0
D,FPP,CONSTRAINT_FREQ_MEASURE,1,"2025/05/01 18:05:00","2025/05/01 18:03:40",F_T+RREG_0050,1,RAISEREG,0.00000000,-0.04480955,1,0
D,FPP,CONSTRAINT_FREQ_MEASURE,1,"2025/05/01 18:05:00","2025/05/01 18:03:40",F_TASCAP_LREG_0210,1,LOWERREG,0.00000000,-0.02553942,1,0
D,FPP,CONSTRAINT_FREQ_MEASURE,1,"2025/05/01 18:05:00","2025/05/01 18:03:40",F_TASCAP_RREG_0220,1,RAISEREG,0.00000000,-0.02553942,1,0
D,FPP,CONSTRAINT_FREQ_MEASURE,1,"2025/05/01 18:05:00","2025/05/01 18:03:44",F_T+LREG_0050,1,LOWERREG,0.00000000,-0.03862965,1,0
D,FPP,CONSTRAINT_FREQ_MEASURE,1,"2025/05/01 18:05:00","2025/05/01 18:03:44",F_T+RREG_0050,1,RAISEREG,0.00000000,-0.03862965,1,0
D,FPP,CONSTRAINT_FREQ_MEASURE,1,"2025/05/01 18:05:00","2025/05/01 18:03:44",F_TASCAP_LREG_0210,1,LOWERREG,0.00000000,-0.02521078,1,0
D,FPP,CONSTRAINT_FREQ_MEASURE,1,"2025/05/01 18:05:00","2025/05/01 18:03:44",F_TASCAP_RREG_0220,1,RAISEREG,0.00000000,-0.02521078,1,0
D,FPP,CONSTRAINT_FREQ_MEASURE,1,"2025/05/01 18:05:00","2025/05/01 18:03:48",F_T+LREG_0050,1,LOWERREG,0.00000000,-0.02404528,1,0
D,FPP,CONSTRAINT_FREQ_MEASURE,1,"2025/05/01 18:05:00","2025/05/01 18:03:48",F_T+RREG_0050,1,RAISEREG,0.00000000,-0.02404528,1,0
D,FPP,CONSTRAINT_FREQ_MEASURE,1,"2025/05/01 18:05:00","2025/05/01 18:03:48",F_TASCAP_LREG_0210,1,LOWERREG,0.00000000,-0.02543437,1,0
D,FPP,CONSTRAINT_FREQ_MEASURE,1,"2025/05/01 18:05:00","2025/05/01 18:03:48",F_TASCAP_RREG_0220,1,RAISEREG,0.00000000,-0.02543437,1,0
D,FPP,CONSTRAINT_FREQ_MEASURE,1,"2025/05/01 18:05:00","2025/05/01 18:03:52",F_T+LREG_0050,1,LOWERREG,0.00000000,-0.00536855,1,0
D,FPP,CONSTRAINT_FREQ_MEASURE,1,"2025/05/01 18:05:00","2025/05/01 18:03:52",F_T+RREG_0050,1,RAISEREG,0.00000000,-0.00536855,1,0
D,FPP,CONSTRAINT_FREQ_MEASURE,1,"2025/05/01 18:05:00","2025/05/01 18:03:52",F_TASCAP_LREG_0210,1,LOWERREG,0.00000000,-0.02601773,1,0
D,FPP,CONSTRAINT_FREQ_MEASURE,1,"2025/05/01 18:05:00","2025/05/01 18:03:52",F_TASCAP_RREG_0220,1,RAISEREG,0.00000000,-0.02601773,1,0
D,FPP,CONSTRAINT_FREQ_MEASURE,1,"2025/05/01 18:05:00","2025/05/01 18:03:56",F_T+LREG_0050,1,LOWERREG,0.00204668,0.00000000,1,0
D,FPP,CONSTRAINT_FREQ_MEASURE,1,"2025/05/01 18:05:00","2025/05/01 18:03:56",F_T+RREG_0050,1,RAISEREG,0.00204668,0.00000000,1,0
D,FPP,CONSTRAINT_FREQ_MEASURE,1,"2025/05/01 18:05:00","2025/05/01 18:03:56",F_TASCAP_LREG_0210,1,LOWERREG,0.00000000,-0.02550651,1,0
D,FPP,CONSTRAINT_FREQ_MEASURE,1,"2025/05/01 18:05:00","2025/05/01 18:03:56",F_TASCAP_RREG_0220,1,RAISEREG,0.00000000,-0.02550651,1,0
D,FPP,CONSTRAINT_FREQ_MEASURE,1,"2025/05/01 18:05:00","2025/05/01 18:04:00",F_T+LREG_0050,1,LOWERREG,0.00581408,0.00000000,1,0
D,FPP,CONSTRAINT_FREQ_MEASURE,1,"2025/05/01 18:05:00","2025/05/01 18:04:00",F_T+RREG_0050,1,RAISEREG,0.00581408,0.00000000,1,0
D,FPP,CONSTRAINT_FREQ_MEASURE,1,"2025/05/01 18:05:00","2025/05/01 18:04:00",F_TASCAP_LREG_0210,1,LOWERREG,0.00000000,-0.02454461,1,0
D,FPP,CONSTRAINT_FREQ_MEASURE,1,"2025/05/01 18:05:00","2025/05/01 18:04:00",F_TASCAP_RREG_0220,1,RAISEREG,0.00000000,-0.02454461,1,0
D,FPP,CONSTRAINT_FREQ_MEASURE,1,"2025/05/01 18:05:00","2025/05/01 18:04:04",F_T+LREG_0050,1,LOWERREG,0.01052206,0.00000000,1,0
D,FPP,CONSTRAINT_FREQ_MEASURE,1,"2025/05/01 18:05:00","2025/05/01 18:04:04",F_T+RREG_0050,1,RAISEREG,0.01052206,0.00000000,1,0
D,FPP,CONSTRAINT_FREQ_MEASURE,1,"2025/05/01 18:05:00","2025/05/01 18:04:04",F_TASCAP_LREG_0210,1,LOWERREG,0.00000000,-0.02350815,1,0
D,FPP,CONSTRAINT_FREQ_MEASURE,1,"2025/05/01 18:05:00","2025/05/01 18:04:04",F_TASCAP_RREG_0220,1,RAISEREG,0.00000000,-0.02350815,1,0
D,FPP,CONSTRAINT_FREQ_MEASURE,1,"2025/05/01 18:05:00","2025/05/01 18:04:08",F_T+LREG_0050,1,LOWERREG,0.01573938,0.00000000,1,0
D,FPP,CONSTRAINT_FREQ_MEASURE,1,"2025/05/01 18:05:00","2025/05/01 18:04:08",F_T+RREG_0050,1,RAISEREG,0.01573938,0.00000000,1,0
D,FPP,CONSTRAINT_FREQ_MEASURE,1,"2025/05/01 18:05:00","2025/05/01 18:04:08",F_TASCAP_LREG_0210,1,LOWERREG,0.00000000,-0.02352668,1,0
D,FPP,CONSTRAINT_FREQ_MEASURE,1,"2025/05/01 18:05:00","2025/05/01 18:04:08",F_TASCAP_RREG_0220,1,RAISEREG,0.00000000,-0.02352668,1,0
D,FPP,CONSTRAINT_FREQ_MEASURE,1,"2025/05/01 18:05:00","2025/05/01 18:04:12",F_T+LREG_0050,1,LOWERREG,0.01224174,0.00000000,1,0
D,FPP,CONSTRAINT_FREQ_MEASURE,1,"2025/05/01 18:05:00","2025/05/01 18:04:12",F_T+RREG_0050,1,RAISEREG,0.01224174,0.00000000,1,0
D,FPP,CONSTRAINT_FREQ_MEASURE,1,"2025/05/01 18:05:00","2025/05/01 18:04:12",F_TASCAP_LREG_0210,1,LOWERREG,0.00000000,-0.02267052,1,0
D,FPP,CONSTRAINT_FREQ_MEASURE,1,"2025/05/01 18:05:00","2025/05/01 18:04:12",F_TASCAP_RREG_0220,1,RAISEREG,0.00000000,-0.02267052,1,0
D,FPP,CONSTRAINT_FREQ_MEASURE,1,"2025/05/01 18:05:00","2025/05/01 18:04:16",F_T+LREG_0050,1,LOWERREG,0.00574358,0.00000000,1,0
D,FPP,CONSTRAINT_FREQ_MEASURE,1,"2025/05/01 18:05:00","2025/05/01 18:04:16",F_T+RREG_0050,1,RAISEREG,0.00574358,0.00000000,1,0
D,FPP,CONSTRAINT_FREQ_MEASURE,1,"2025/05/01 18:05:00","2025/05/01 18:04:16",F_TASCAP_LREG_0210,1,LOWERREG,0.00000000,-0.02276774,1,0
D,FPP,CONSTRAINT_FREQ_MEASURE,1,"2025/05/01 18:05:00","2025/05/01 18:04:16",F_TASCAP_RREG_0220,1,RAISEREG,0.00000000,-0.02276774,1,0
D,FPP,CONSTRAINT_FREQ_MEASURE,1,"2025/05/01 18:05:00","2025/05/01 18:04:20",F_T+LREG_0050,1,LOWERREG,0.00000000,-0.00286610,1,0
D,FPP,CONSTRAINT_FREQ_MEASURE,1,"2025/05/01 18:05:00","2025/05/01 18:04:20",F_T+RREG_0050,1,RAISEREG,0.00000000,-0.00286610,1,0
D,FPP,CONSTRAINT_FREQ_MEASURE,1,"2025/05/01 18:05:00","2025/05/01 18:04:20",F_TASCAP_LREG_0210,1,LOWERREG,0.00000000,-0.02341413,1,0
D,FPP,CONSTRAINT_FREQ_MEASURE,1,"2025/05/01 18:05:00","2025/05/01 18:04:20",F_TASCAP_RREG_0220,1,RAISEREG,0.00000000,-0.02341413,1,0
D,FPP,CONSTRAINT_FREQ_MEASURE,1,"2025/05/01 18:05:00","2025/05/01 18:04:24",F_T+LREG_0050,1,LOWERREG,0.00000000,-0.01689586,1,0
D,FPP,CONSTRAINT_FREQ_MEASURE,1,"2025/05/01 18:05:00","2025/05/01 18:04:24",F_T+RREG_0050,1,RAISEREG,0.00000000,-0.01689586,1,0
D,FPP,CONSTRAINT_FREQ_MEASURE,1,"2025/05/01 18:05:00","2025/05/01 18:04:24",F_TASCAP_LREG_0210,1,LOWERREG,0.00000000,-0.02434835,1,0
D,FPP,CONSTRAINT_FREQ_MEASURE,1,"2025/05/01 18:05:00","2025/05/01 18:04:24",F_TASCAP_RREG_0220,1,RAISEREG,0.00000000,-0.02434835,1,0
D,FPP,CONSTRAINT_FREQ_MEASURE,1,"2025/05/01 18:05:00","2025/05/01 18:04:28",F_T+LREG_0050,1,LOWERREG,0.00000000,-0.02536345,1,0
D,FPP,CONSTRAINT_FREQ_MEASURE,1,"2025/05/01 18:05:00","2025/05/01 18:04:28",F_T+RREG_0050,1,RAISEREG,0.00000000,-0.02536345,1,0
D,FPP,CONSTRAINT_FREQ_MEASURE,1,"2025/05/01 18:05:00","2025/05/01 18:04:28",F_TASCAP_LREG_0210,1,LOWERREG,0.00000000,-0.02512506,1,0
D,FPP,CONSTRAINT_FREQ_MEASURE,1,"2025/05/01 18:05:00","2025/05/01 18:04:28",F_TASCAP_RREG_0220,1,RAISEREG,0.00000000,-0.02512506,1,0
D,FPP,CONSTRAINT_FREQ_MEASURE,1,"2025/05/01 18:05:00","2025/05/01 18:04:32",F_T+LREG_0050,1,LOWERREG,0.00000000,-0.02083824,1,0
D,FPP,CONSTRAINT_FREQ_MEASURE,1,"2025/05/01 18:05:00","2025/05/01 18:04:32",F_T+RREG_0050,1,RAISEREG,0.00000000,-0.02083824,1,0
D,FPP,CONSTRAINT_FREQ_MEASURE,1,"2025/05/01 18:05:00","2025/05/01 18:04:32",F_TASCAP_LREG_0210,1,LOWERREG,0.00000000,-0.02488770,1,0
D,FPP,CONSTRAINT_FREQ_MEASURE,1,"2025/05/01 18:05:00","2025/05/01 18:04:32",F_TASCAP_RREG_0220,1,RAISEREG,0.00000000,-0.02488770,1,0
D,FPP,CONSTRAINT_FREQ_MEASURE,1,"2025/05/01 18:05:00","2025/05/01 18:04:36",F_T+LREG_0050,1,LOWERREG,0.00000000,-0.01487419,1,0
D,FPP,CONSTRAINT_FREQ_MEASURE,1,"2025/05/01 18:05:00","2025/05/01 18:04:36",F_T+RREG_0050,1,RAISEREG,0.00000000,-0.01487419,1,0
D,FPP,CONSTRAINT_FREQ_MEASURE,1,"2025/05/01 18:05:00","2025/05/01 18:04:36",F_TASCAP_LREG_0210,1,LOWERREG,0.00000000,-0.02494696,1,0
D,FPP,CONSTRAINT_FREQ_MEASURE,1,"2025/05/01 18:05:00","2025/05/01 18:04:36",F_TASCAP_RREG_0220,1,RAISEREG,0.00000000,-0.02494696,1,0
D,FPP,CONSTRAINT_FREQ_MEASURE,1,"2025/05/01 18:05:00","2025/05/01 18:04:40",F_T+LREG_0050,1,LOWERREG,0.00000000,-0.01334659,1,0
D,FPP,CONSTRAINT_FREQ_MEASURE,1,"2025/05/01 18:05:00","2025/05/01 18:04:40",F_T+RREG_0050,1,RAISEREG,0.00000000,-0.01334659,1,0
D,FPP,CONSTRAINT_FREQ_MEASURE,1,"2025/05/01 18:05:00","2025/05/01 18:04:40",F_TASCAP_LREG_0210,1,LOWERREG,0.00000000,-0.02465213,1,0
D,FPP,CONSTRAINT_FREQ_MEASURE,1,"2025/05/01 18:05:00","2025/05/01 18:04:40",F_TASCAP_RREG_0220,1,RAISEREG,0.00000000,-0.02465213,1,0
D,FPP,CONSTRAINT_FREQ_MEASURE,1,"2025/05/01 18:05:00","2025/05/01 18:04:44",F_T+LREG_0050,1,LOWERREG,0.00000000,-0.01949179,1,0
D,FPP,CONSTRAINT_FREQ_MEASURE,1,"2025/05/01 18:05:00","2025/05/01 18:04:44",F_T+RREG_0050,1,RAISEREG,0.00000000,-0.01949179,1,0
D,FPP,CONSTRAINT_FREQ_MEASURE,1,"2025/05/01 18:05:00","2025/05/01 18:04:44",F_TASCAP_LREG_0210,1,LOWERREG,0.00000000,-0.02430748,1,0
D,FPP,CONSTRAINT_FREQ_MEASURE,1,"2025/05/01 18:05:00","2025/05/01 18:04:44",F_TASCAP_RREG_0220,1,RAISEREG,0.00000000,-0.02430748,1,0
D,FPP,CONSTRAINT_FREQ_MEASURE,1,"2025/05/01 18:05:00","2025/05/01 18:04:48",F_T+LREG_0050,1,LOWERREG,0.00000000,-0.02649361,1,0
D,FPP,CONSTRAINT_FREQ_MEASURE,1,"2025/05/01 18:05:00","2025/05/01 18:04:48",F_T+RREG_0050,1,RAISEREG,0.00000000,-0.02649361,1,0
D,FPP,CONSTRAINT_FREQ_MEASURE,1,"2025/05/01 18:05:00","2025/05/01 18:04:48",F_TASCAP_LREG_0210,1,LOWERREG,0.00000000,-0.02262738,1,0
D,FPP,CONSTRAINT_FREQ_MEASURE,1,"2025/05/01 18:05:00","2025/05/01 18:04:48",F_TASCAP_RREG_0220,1,RAISEREG,0.00000000,-0.02262738,1,0
D,FPP,CONSTRAINT_FREQ_MEASURE,1,"2025/05/01 18:05:00","2025/05/01 18:04:52",F_T+LREG_0050,1,LOWERREG,0.00000000,-0.02527281,1,0
D,FPP,CONSTRAINT_FREQ_MEASURE,1,"2025/05/01 18:05:00","2025/05/01 18:04:52",F_T+RREG_0050,1,RAISEREG,0.00000000,-0.02527281,1,0
D,FPP,CONSTRAINT_FREQ_MEASURE,1,"2025/05/01 18:05:00","2025/05/01 18:04:52",F_TASCAP_LREG_0210,1,LOWERREG,0.00000000,-0.02081406,1,0
D,FPP,CONSTRAINT_FREQ_MEASURE,1,"2025/05/01 18:05:00","2025/05/01 18:04:52",F_TASCAP_RREG_0220,1,RAISEREG,0.00000000,-0.02081406,1,0
D,FPP,CONSTRAINT_FREQ_MEASURE,1,"2025/05/01 18:05:00","2025/05/01 18:04:56",F_T+LREG_0050,1,LOWERREG,0.00000000,-0.01921219,1,0
D,FPP,CONSTRAINT_FREQ_MEASURE,1,"2025/05/01 18:05:00","2025/05/01 18:04:56",F_T+RREG_0050,1,RAISEREG,0.00000000,-0.01921219,1,0
D,FPP,CONSTRAINT_FREQ_MEASURE,1,"2025/05/01 18:05:00","2025/05/01 18:04:56",F_TASCAP_LREG_0210,1,LOWERREG,0.00000000,-0.02053206,1,0
D,FPP,CONSTRAINT_FREQ_MEASURE,1,"2025/05/01 18:05:00","2025/05/01 18:04:56",F_TASCAP_RREG_0220,1,RAISEREG,0.00000000,-0.02053206,1,0
D,FPP,CONSTRAINT_FREQ_MEASURE,1,"2025/05/01 18:05:00","2025/05/01 18:05:00",F_T+LREG_0050,1,LOWERREG,0.00000000,-0.01516504,1,0
D,FPP,CONSTRAINT_FREQ_MEASURE,1,"2025/05/01 18:05:00","2025/05/01 18:05:00",F_T+RREG_0050,1,RAISEREG,0.00000000,-0.01516504,1,0
D,FPP,CONSTRAINT_FREQ_MEASURE,1,"2025/05/01 18:05:00","2025/05/01 18:05:00",F_TASCAP_LREG_0210,1,LOWERREG,0.00000000,-0.02036420,1,0
D,FPP,CONSTRAINT_FREQ_MEASURE,1,"2025/05/01 18:05:00","2025/05/01 18:05:00",F_TASCAP_RREG_0220,1,RAISEREG,0.00000000,-0.02036420,1,0
I,FPP,FPP_RCR,1,INTERVAL_DATETIME,CONSTRAINTID,VERSIONNO,BIDTYPE,RCR,RCR_REASON_FLAG
D,FPP,FPP_RCR,1,"2025/05/01 18:05:00",F_T+LREG_0050,1,LOWERREG,55.90315,0
D,FPP,FPP_RCR,1,"2025/05/01 18:05:00",F_T+RREG_0050,1,RAISEREG,58.88359,0
D,FPP,FPP_RCR,1,"2025/05/01 18:05:00",F_TASCAP_LREG_0210,1,LOWERREG,213.43821,0
D,FPP,FPP_RCR,1,"2025/05/01 18:05:00",F_TASCAP_RREG_0220,1,RAISEREG,0.00000,1
I,FPP,FPP_USAGE,1,INTERVAL_DATETIME,CONSTRAINTID,VERSIONNO,BIDTYPE,REGULATION_MW,USED_MW,USAGE,USAGE_REASON_FLAG,USAGE_VALUE
D,FPP,FPP_USAGE,1,"2025/05/01 18:05:00",F_T+LREG_0050,1,LOWERREG,50.00000000,47.21997000,0.94439940,0,0.94439940
D,FPP,FPP_USAGE,1,"2025/05/01 18:05:00",F_T+RREG_0050,1,RAISEREG,50.00000000,0.04611000,0.00092220,0,0.00092220
D,FPP,FPP_USAGE,1,"2025/05/01 18:05:00",F_TASCAP_LREG_0210,1,LOWERREG,160.00000000,32.41931000,0.20262069,0,0.20262069
D,FPP,FPP_USAGE,1,"2025/05/01 18:05:00",F_TASCAP_RREG_0220,1,RAISEREG,170.00000000,59.52229000,0.00000000,1,0.00000000
I,FPP,REGION_FREQ_MEASURE,1,INTERVAL_DATETIME,MEASUREMENT_DATETIME,REGIONID,VERSIONNO,FREQ_DEVIATION_HZ,HZ_QUALITY_FLAG,FREQ_MEASURE_HZ,FM_ALIGNMENT_FLAG
D,FPP,REGION_FREQ_MEASURE,1,"2025/05/01 18:05:00","2025/05/01 18:00:04",NSW1,1,0.01500000,1,-0.01526186,1
D,FPP,REGION_FREQ_MEASURE,1,"2025/05/01 18:05:00","2025/05/01 18:00:04",QLD1,1,0.01000000,1,-0.01429063,1
D,FPP,REGION_FREQ_MEASURE,1,"2025/05/01 18:05:00","2025/05/01 18:00:04",SA1,1,0.02000000,1,-0.01360697,1
D,FPP,REGION_FREQ_MEASURE,1,"2025/05/01 18:05:00","2025/05/01 18:00:04",TAS1,1,0.02400000,1,-0.00657500,1
D,FPP,REGION_FREQ_MEASURE,1,"2025/05/01 18:05:00","2025/05/01 18:00:04",VIC1,1,0.02200000,1,-0.01392378,1
D,FPP,REGION_FREQ_MEASURE,1,"2025/05/01 18:05:00","2025/05/01 18:00:08",NSW1,1,0.02300000,1,-0.01698145,1
D,FPP,REGION_FREQ_MEASURE,1,"2025/05/01 18:05:00","2025/05/01 18:00:08",QLD1,1,0.02400000,1,-0.01644827,1
D,FPP,REGION_FREQ_MEASURE,1,"2025/05/01 18:05:00","2025/05/01 18:00:08",SA1,1,0.00900000,1,-0.01258320,1
D,FPP,REGION_FREQ_MEASURE,1,"2025/05/01 18:05:00","2025/05/01 18:00:08",TAS1,1,0.04600000,1,-0.01533611,1
D,FPP,REGION_FREQ_MEASURE,1,"2025/05/01 18:05:00","2025/05/01 18:00:08",VIC1,1,0.01300000,1,-0.01371850,1
D,FPP,REGION_FREQ_MEASURE,1,"2025/05/01 18:05:00","2025/05/01 18:00:12",NSW1,1,0.01900000,1,-0.01743002,1
D,FPP,REGION_FREQ_MEASURE,1,"2025/05/01 18:05:00","2025/05/01 18:00:12",QLD1,1,0.02000000,1,-0.01723754,1
D,FPP,REGION_FREQ_MEASURE,1,"2025/05/01 18:05:00","2025/05/01 18:00:12",SA1,1,0.01500000,1,-0.01312027,1
D,FPP,REGION_FREQ_MEASURE,1,"2025/05/01 18:05:00","2025/05/01 18:00:12",TAS1,1,0.04200000,1,-0.02126142,1
D,FPP,REGION_FREQ_MEASURE,1,"2025/05/01 18:05:00","2025/05/01 18:00:12",VIC1,1,0.01500000,1,-0.01400328,1
D,FPP,REGION_FREQ_MEASURE,1,"2025/05/01 18:05:00","2025/05/01 18:00:16",NSW1,1,-0.00500000,1,-0.01244557,1
D,FPP,REGION_FREQ_MEASURE,1,"2025/05/01 18:05:00","2025/05/01 18:00:16",QLD1,1,0.00300000,1,-0.01407364,1
D,FPP,REGION_FREQ_MEASURE,1,"2025/05/01 18:05:00","2025/05/01 18:00:16",SA1,1,0.02400000,1,-0.01553799,1
D,FPP,REGION_FREQ_MEASURE,1,"2025/05/01 18:05:00","2025/05/01 18:00:16",TAS1,1,0.02400000,1,-0.02186999,1
D,FPP,REGION_FREQ_MEASURE,1,"2025/05/01 18:05:00","2025/05/01 18:00:16",VIC1,1,0.02600000,1,-0.01666922,1
D,FPP,REGION_FREQ_MEASURE,1,"2025/05/01 18:05:00","2025/05/01 18:00:20",NSW1,1,-0.01500000,1,-0.00634655,1
D,FPP,REGION_FREQ_MEASURE,1,"2025/05/01 18:05:00","2025/05/01 18:00:20",QLD1,1,-0.01600000,1,-0.00739061,0
D,FPP,REGION_FREQ_MEASURE,1,"2025/05/01 18:05:00","2025/05/01 18:00:20",SA1,1,0.01300000,1,-0.01497399,1
D,FPP,REGION_FREQ_MEASURE,1,"2025/05/01 18:05:00","2025/05/01 18:00:20",TAS1,1,0.00900000,1,-0.01900999,1
D,FPP,REGION_FREQ_MEASURE,1,"2025/05/01 18:05:00","2025/05/01 18:00:20",VIC1,1,0.01800000,1,-0.01696495,1
D,FPP,REGION_FREQ_MEASURE,1,"2025/05/01 18:05:00","2025/05/01 18:00:24",NSW1,1,0.00100000,1,-0.00515843,1
D,FPP,REGION_FREQ_MEASURE,1,"2025/05/01 18:05:00","2025/05/01 18:00:24",QLD1,1,-0.00600000,1,-0.00441492,1
D,FPP,REGION_FREQ_MEASURE,1,"2025/05/01 18:05:00","2025/05/01 18:00:24",SA1,1,-0.01200000,1,-0.00897977,1
D,FPP,REGION_FREQ_MEASURE,1,"2025/05/01 18:05:00","2025/05/01 18:00:24",TAS1,1,-0.01200000,1,-0.01211888,1
D,FPP,REGION_FREQ_MEASURE,1,"2025/05/01 18:05:00","2025/05/01 18:00:24",VIC1,1,-0.00900000,1,-0.01119496,1
D,FPP,REGION_FREQ_MEASURE,1,"2025/05/01 18:05:00","2025/05/01 18:00:28",NSW1,1,0.01500000,1,-0.00734545,1
D,FPP,REGION_FREQ_MEASURE,1,"2025/05/01 18:05:00","2025/05/01 18:00:28",QLD1,1,0.01100000,1,-0.00587827,1
D,FPP,REGION_FREQ_MEASURE,1,"2025/05/01 18:05:00","2025/05/01 18:00:28",SA1,1,-0.02000000,1,-0.00253982,0
D,FPP,REGION_FREQ_MEASURE,1,"2025/05/01 18:05:00","2025/05/01 18:00:28",TAS1,1,-0.03800000,1,-0.00098135,0
D,FPP,REGION_FREQ_MEASURE,1,"2025/05/01 18:05:00","2025/05/01 18:00:28",VIC1,1,-0.01600000,1,-0.00515164,0
D,FPP,REGION_FREQ_MEASURE,1,"2025/05/01 18:05:00","2025/05/01 18:00:32",NSW1,1,0.02100000,1,-0.01037979,1
D,FPP,REGION_FREQ_MEASURE,1,"2025/05/01 18:05:00","2025/05/01 18:00:32",QLD1,1,0.01600000,1,-0.00812754,1
D,FPP,REGION_FREQ_MEASURE,1,"2025/05/01 18:05:00","2025/05/01 18:00:32",SA1,1,0.00800000,1,-0.00375319,1
D,FPP,REGION_FREQ_MEASURE,1,"2025/05/01 18:05:00","2025/05/01 18:00:32",TAS1,1,-0.02700000,1,0.00523673,1
D,FPP,REGION_FREQ_MEASURE,1,"2025/05/01 18:05:00","2025/05/01 18:00:32",VIC1,1,0.00500000,1,-0.00511794,1
D,FPP,REGION_FREQ_MEASURE,1,"2025/05/01 18:05:00","2025/05/01 18:00:36",NSW1,1,0.00800000,1,-0.00985095,1
D,FPP,REGION_FREQ_MEASURE,1,"2025/05/01 18:05:00","2025/05/01 18:00:36",QLD1,1,0.01000000,1,-0.00854364,1
D,FPP,REGION_FREQ_MEASURE,1,"2025/05/01 18:05:00","2025/05/01 18:00:36",SA1,1,0.01900000,1,-0.00714137,1
D,FPP,REGION_FREQ_MEASURE,1,"2025/05/01 18:05:00","2025/05/01 18:00:36",TAS1,1,0.00400000,1,0.00318412,1
D,FPP,REGION_FREQ_MEASURE,1,"2025/05/01 18:05:00","2025/05/01 18:00:36",VIC1,1,0.01500000,1,-0.00731395,1
D,FPP,REGION_FREQ_MEASURE,1,"2025/05/01 18:05:00","2025/05/01 18:00:40",NSW1,1,0.01600000,1,-0.01121741,1
D,FPP,REGION_FREQ_MEASURE,1,"2025/05/01 18:05:00","2025/05/01 18:00:40",QLD1,1,0.01000000,1,-0.00886728,1
D,FPP,REGION_FREQ_MEASURE,1,"2025/05/01 18:05:00","2025/05/01 18:00:40",SA1,1,0.01300000,1,-0.00844329,1
D,FPP,REGION_FREQ_MEASURE,1,"2025/05/01 18:05:00","2025/05/01 18:00:40",TAS1,1,0.02600000,1,-0.00330124,1
D,FPP,REGION_FREQ_MEASURE,1,"2025/05/01 18:05:00","2025/05/01 18:00:40",VIC1,1,0.01500000,1,-0.00902196,1
D,FPP,REGION_FREQ_MEASURE,1,"2025/05/01 18:05:00","2025/05/01 18:00:44",NSW1,1,0.02500000,1,-0.01428021,1
D,FPP,REGION_FREQ_MEASURE,1,"2025/05/01 18:05:00","2025/05/01 18:00:44",QLD1,1,0.01800000,1,-0.01089677,1
D,FPP,REGION_FREQ_MEASURE,1,"2025/05/01 18:05:00","2025/05/01 18:00:44",SA1,1,0.00700000,1,-0.00812256,1
D,FPP,REGION_FREQ_MEASURE,1,"2025/05/01 18:05:00","2025/05/01 18:00:44",TAS1,1,0.02600000,1,-0.00834541,1
D,FPP,REGION_FREQ_MEASURE,1,"2025/05/01 18:05:00","2025/05/01 18:00:44",VIC1,1,0.00500000,1,-0.00812819,1
D,FPP,REGION_FREQ_MEASURE,1,"2025/05/01 18:05:00","2025/05/01 18:00:48",NSW1,1,0.03500000,1,-0.01888461,1
D,FPP,REGION_FREQ_MEASURE,1,"2025/05/01 18:05:00","2025/05/01 18:00:48",QLD1,1,0.03400000,1,-0.01603082,1
D,FPP,REGION_FREQ_MEASURE,1,"2025/05/01 18:05:00","2025/05/01 18:00:48",SA1,1,0.01500000,1,-0.00965088,1
D,FPP,REGION_FREQ_MEASURE,1,"2025/05/01 18:05:00","2025/05/01 18:00:48",TAS1,1,0.00900000,1,-0.00849087,1
D,FPP,REGION_FREQ_MEASURE,1,"2025/05/01 18:05:00","2025/05/01 18:00:48",VIC1,1,0.01300000,1,-0.00921081,1
D,FPP,REGION_FREQ_MEASURE,1,"2025/05/01 18:05:00","2025/05/01 18:00:52",NSW1,1,0.02500000,1,-0.02024359,1
D,FPP,REGION_FREQ_MEASURE,1,"2025/05/01 18:05:00","2025/05/01 18:00:52",QLD1,1,0.02000000,1,-0.01691286,1
D,FPP,REGION_FREQ_MEASURE,1,"2025/05/01 18:05:00","2025/05/01 18:00:52",SA1,1,0.02300000,1,-0.01261735,1
D,FPP,REGION_FREQ_MEASURE,1,"2025/05/01 18:05:00","2025/05/01 18:00:52",TAS1,1,0.00000000,1,-0.00660401,1
D,FPP,REGION_FREQ_MEASURE,1,"2025/05/01 18:05:00","2025/05/01 18:00:52",VIC1,1,0.02700000,1,-0.01316396,1
D,FPP,REGION_FREQ_MEASURE,1,"2025/05/01 18:05:00","2025/05/01 18:00:56",NSW1,1,0.02700000,1,-0.02174501,1
D,FPP,REGION_FREQ_MEASURE,1,"2025/05/01 18:05:00","2025/05/01 18:00:56",QLD1,1,0.02800000,1,-0.01937667,1
D,FPP,REGION_FREQ_MEASURE,1,"2025/05/01 18:05:00","2025/05/01 18:00:56",SA1,1,0.02300000,1,-0.01492461,1
D,FPP,REGION_FREQ_MEASURE,1,"2025/05/01 18:05:00","2025/05/01 18:00:56",TAS1,1,0.00200000,1,-0.00558090,1
D,FPP,REGION_FREQ_MEASURE,1,"2025/05/01 18:05:00","2025/05/01 18:00:56",VIC1,1,0.02700000,1,-0.01623864,1
D,FPP,REGION_FREQ_MEASURE,1,"2025/05/01 18:05:00","2025/05/01 18:01:00",NSW1,1,0.02300000,1,-0.02202390,1
D,FPP,REGION_FREQ_MEASURE,1,"2025/05/01 18:05:00","2025/05/01 18:01:00",QLD1,1,0.01900000,1,-0.01929297,1
D,FPP,REGION_FREQ_MEASURE,1,"2025/05/01 18:05:00","2025/05/01 18:01:00",SA1,1,0.02100000,1,-0.01627470,1
D,FPP,REGION_FREQ_MEASURE,1,"2025/05/01 18:05:00","2025/05/01 18:01:00",TAS1,1,0.00700000,1,-0.00589626,1
D,FPP,REGION_FREQ_MEASURE,1,"2025/05/01 18:05:00","2025/05/01 18:01:00",VIC1,1,0.02100000,1,-0.01729672,1
D,FPP,REGION_FREQ_MEASURE,1,"2025/05/01 18:05:00","2025/05/01 18:01:04",NSW1,1,0.02500000,1,-0.02268526,1
D,FPP,REGION_FREQ_MEASURE,1,"2025/05/01 18:05:00","2025/05/01 18:01:04",QLD1,1,0.02400000,1,-0.02033898,1
D,FPP,REGION_FREQ_MEASURE,1,"2025/05/01 18:05:00","2025/05/01 18:01:04",SA1,1,0.02400000,1,-0.01799143,1
D,FPP,REGION_FREQ_MEASURE,1,"2025/05/01 18:05:00","2025/05/01 18:01:04",TAS1,1,0.01300000,1,-0.00747487,1
D,FPP,REGION_FREQ_MEASURE,1,"2025/05/01 18:05:00","2025/05/01 18:01:04",VIC1,1,0.02700000,1,-0.01945300,1
D,FPP,REGION_FREQ_MEASURE,1,"2025/05/01 18:05:00","2025/05/01 18:01:08",NSW1,1,0.01900000,1,-0.02186631,1
D,FPP,REGION_FREQ_MEASURE,1,"2025/05/01 18:05:00","2025/05/01 18:01:08",QLD1,1,0.02300000,1,-0.02093032,1
D,FPP,REGION_FREQ_MEASURE,1,"2025/05/01 18:05:00","2025/05/01 18:01:08",SA1,1,0.02100000,1,-0.01866000,1
D,FPP,REGION_FREQ_MEASURE,1,"2025/05/01 18:05:00","2025/05/01 18:01:08",TAS1,1,0.01300000,1,-0.00870268,1
D,FPP,REGION_FREQ_MEASURE,1,"2025/05/01 18:05:00","2025/05/01 18:01:08",VIC1,1,0.02000000,1,-0.01957456,1
D,FPP,REGION_FREQ_MEASURE,1,"2025/05/01 18:05:00","2025/05/01 18:01:12",NSW1,1,0.01600000,1,-0.02056269,1
D,FPP,REGION_FREQ_MEASURE,1,"2025/05/01 18:05:00","2025/05/01 18:01:12",QLD1,1,0.00900000,1,-0.01827914,1
D,FPP,REGION_FREQ_MEASURE,1,"2025/05/01 18:05:00","2025/05/01 18:01:12",SA1,1,0.02500000,1,-0.02006889,1
D,FPP,REGION_FREQ_MEASURE,1,"2025/05/01 18:05:00","2025/05/01 18:01:12",TAS1,1,0.01300000,1,-0.00965764,1
D,FPP,REGION_FREQ_MEASURE,1,"2025/05/01 18:05:00","2025/05/01 18:01:12",VIC1,1,0.02600000,1,-0.02100244,1
D,FPP,REGION_FREQ_MEASURE,1,"2025/05/01 18:05:00","2025/05/01 18:01:16",NSW1,1,0.01500000,1,-0.01932654,1
D,FPP,REGION_FREQ_MEASURE,1,"2025/05/01 18:05:00","2025/05/01 18:01:16",QLD1,1,0.01600000,1,-0.01777266,1
D,FPP,REGION_FREQ_MEASURE,1,"2025/05/01 18:05:00","2025/05/01 18:01:16",SA1,1,0.00600000,1,-0.01694247,1
D,FPP,REGION_FREQ_MEASURE,1,"2025/05/01 18:05:00","2025/05/01 18:01:16",TAS1,1,0.00800000,1,-0.00928928,1
D,FPP,REGION_FREQ_MEASURE,1,"2025/05/01 18:05:00","2025/05/01 18:01:16",VIC1,1,0.01100000,1,-0.01877968,1
D,FPP,REGION_FREQ_MEASURE,1,"2025/05/01 18:05:00","2025/05/01 18:01:20",NSW1,1,0.00700000,1,-0.01658731,1
D,FPP,REGION_FREQ_MEASURE,1,"2025/05/01 18:05:00","2025/05/01 18:01:20",QLD1,1,0.00500000,1,-0.01493429,1
D,FPP,REGION_FREQ_MEASURE,1,"2025/05/01 18:05:00","2025/05/01 18:01:20",SA1,1,0.01400000,1,-0.01628859,1
D,FPP,REGION_FREQ_MEASURE,1,"2025/05/01 18:05:00","2025/05/01 18:01:20",TAS1,1,0.00100000,1,-0.00744722,1
D,FPP,REGION_FREQ_MEASURE,1,"2025/05/01 18:05:00","2025/05/01 18:01:20",VIC1,1,0.01600000,1,-0.01816197,1
D,FPP,REGION_FREQ_MEASURE,1,"2025/05/01 18:05:00","2025/05/01 18:01:24",NSW1,1,0.00400000,1,-0.01379013,1
D,FPP,REGION_FREQ_MEASURE,1,"2025/05/01 18:05:00","2025/05/01 18:01:24",QLD1,1,0.00200000,1,-0.01206000,1
D,FPP,REGION_FREQ_MEASURE,1,"2025/05/01 18:05:00","2025/05/01 18:01:24",SA1,1,0.02000000,1,-0.01711335,1
D,FPP,REGION_FREQ_MEASURE,1,"2025/05/01 18:05:00","2025/05/01 18:01:24",TAS1,1,-0.00300000,1,-0.00512562,1
D,FPP,REGION_FREQ_MEASURE,1,"2025/05/01 18:05:00","2025/05/01 18:01:24",VIC1,1,0.01300000,1,-0.01701487,1
D,FPP,REGION_FREQ_MEASURE,1,"2025/05/01 18:05:00","2025/05/01 18:01:28",NSW1,1,0.01700000,1,-0.01450343,1
D,FPP,REGION_FREQ_MEASURE,1,"2025/05/01 18:05:00","2025/05/01 18:01:28",QLD1,1,0.01300000,1,-0.01226889,1
D,FPP,REGION_FREQ_MEASURE,1,"2025/05/01 18:05:00","2025/05/01 18:01:28",SA1,1,0.00300000,1,-0.01397705,1
D,FPP,REGION_FREQ_MEASURE,1,"2025/05/01 18:05:00","2025/05/01 18:01:28",TAS1,1,0.00100000,1,-0.00420882,1
D,FPP,REGION_FREQ_MEASURE,1,"2025/05/01 18:05:00","2025/05/01 18:01:28",VIC1,1,0.00300000,1,-0.01390045,1
D,FPP,REGION_FREQ_MEASURE,1,"2025/05/01 18:05:00","2025/05/01 18:01:32",NSW1,1,0.01900000,1,-0.01550267,1
D,FPP,REGION_FREQ_MEASURE,1,"2025/05/01 18:05:00","2025/05/01 18:01:32",QLD1,1,0.02100000,1,-0.01420914,1
D,FPP,REGION_FREQ_MEASURE,1,"2025/05/01 18:05:00","2025/05/01 18:01:32",SA1,1,0.00700000,1,-0.01242659,1
D,FPP,REGION_FREQ_MEASURE,1,"2025/05/01 18:05:00","2025/05/01 18:01:32",TAS1,1,0.00800000,1,-0.00505130,1
D,FPP,REGION_FREQ_MEASURE,1,"2025/05/01 18:05:00","2025/05/01 18:01:32",VIC1,1,0.00600000,1,-0.01214479,1
D,FPP,REGION_FREQ_MEASURE,1,"2025/05/01 18:05:00","2025/05/01 18:01:36",NSW1,1,0.02500000,1,-0.01761319,1
D,FPP,REGION_FREQ_MEASURE,1,"2025/05/01 18:05:00","2025/05/01 18:01:36",QLD1,1,0.02400000,1,-0.01638489,1
D,FPP,REGION_FREQ_MEASURE,1,"2025/05/01 18:05:00","2025/05/01 18:01:36",SA1,1,0.02000000,1,-0.01410957,1
D,FPP,REGION_FREQ_MEASURE,1,"2025/05/01 18:05:00","2025/05/01 18:01:36",TAS1,1,0.00800000,1,-0.00570657,1
D,FPP,REGION_FREQ_MEASURE,1,"2025/05/01 18:05:00","2025/05/01 18:01:36",VIC1,1,0.01800000,1,-0.01344595,1
D,FPP,REGION_FREQ_MEASURE,1,"2025/05/01 18:05:00","2025/05/01 18:01:40",NSW1,1,0.01700000,1,-0.01747693,1
D,FPP,REGION_FREQ_MEASURE,1,"2025/05/01 18:05:00","2025/05/01 18:01:40",QLD1,1,0.01800000,1,-0.01674380,1
D,FPP,REGION_FREQ_MEASURE,1,"2025/05/01 18:05:00","2025/05/01 18:01:40",SA1,1,0.02200000,1,-0.01586300,1
D,FPP,REGION_FREQ_MEASURE,1,"2025/05/01 18:05:00","2025/05/01 18:01:40",TAS1,1,0.02200000,1,-0.00932733,1
D,FPP,REGION_FREQ_MEASURE,1,"2025/05/01 18:05:00","2025/05/01 18:01:40",VIC1,1,0.02200000,1,-0.01534685,1
D,FPP,REGION_FREQ_MEASURE,1,"2025/05/01 18:05:00","2025/05/01 18:01:44",NSW1,1,0.00400000,1,-0.01448206,1
D,FPP,REGION_FREQ_MEASURE,1,"2025/05/01 18:05:00","2025/05/01 18:01:44",QLD1,1,0.00400000,1,-0.01391184,1
D,FPP,REGION_FREQ_MEASURE,1,"2025/05/01 18:05:00","2025/05/01 18:01:44",SA1,1,0.02200000,1,-0.01722678,1
D,FPP,REGION_FREQ_MEASURE,1,"2025/05/01 18:05:00","2025/05/01 18:01:44",TAS1,1,0.03700000,1,-0.01547681,1
D,FPP,REGION_FREQ_MEASURE,1,"2025/05/01 18:05:00","2025/05/01 18:01:44",VIC1,1,0.02400000,1,-0.01726977,1
D,FPP,REGION_FREQ_MEASURE,1,"2025/05/01 18:05:00","2025/05/01 18:01:48",NSW1,1,0.02100000,1,-0.01593049,1
D,FPP,REGION_FREQ_MEASURE,1,"2025/05/01 18:05:00","2025/05/01 18:01:48",QLD1,1,0.01100000,1,-0.01326476,1
D,FPP,REGION_FREQ_MEASURE,1,"2025/05/01 18:05:00","2025/05/01 18:01:48",SA1,1,0.00400000,1,-0.01428750,1
D,FPP,REGION_FREQ_MEASURE,1,"2025/05/01 18:05:00","2025/05/01 18:01:48",TAS1,1,0.03700000,1,-0.02025974,1
D,FPP,REGION_FREQ_MEASURE,1,"2025/05/01 18:05:00","2025/05/01 18:01:48",VIC1,1,0.01000000,1,-0.01565427,1
D,FPP,REGION_FREQ_MEASURE,1,"2025/05/01 18:05:00","2025/05/01 18:01:52",NSW1,1,0.03400000,1,-0.01994594,1
D,FPP,REGION_FREQ_MEASURE,1,"2025/05/01 18:05:00","2025/05/01 18:01:52",QLD1,1,0.03200000,1,-0.01742815,1
D,FPP,REGION_FREQ_MEASURE,1,"2025/05/01 18:05:00","2025/05/01 18:01:52",SA1,1,0.00300000,1,-0.01177917,1
D,FPP,REGION_FREQ_MEASURE,1,"2025/05/01 18:05:00","2025/05/01 18:01:52",TAS1,1,0.01700000,1,-0.01953535,1
D,FPP,REGION_FREQ_MEASURE,1,"2025/05/01 18:05:00","2025/05/01 18:01:52",VIC1,1,0.00300000,1,-0.01284221,1
D,FPP,REGION_FREQ_MEASURE,1,"2025/05/01 18:05:00","2025/05/01 18:01:56",NSW1,1,0.01600000,1,-0.01906906,1
D,FPP,REGION_FREQ_MEASURE,1,"2025/05/01 18:05:00","2025/05/01 18:01:56",QLD1,1,0.02100000,1,-0.01822189,1
D,FPP,REGION_FREQ_MEASURE,1,"2025/05/01 18:05:00","2025/05/01 18:01:56",SA1,1,0.02600000,1,-0.01493935,1
D,FPP,REGION_FREQ_MEASURE,1,"2025/05/01 18:05:00","2025/05/01 18:01:56",TAS1,1,-0.00700000,1,-0.01363861,1
D,FPP,REGION_FREQ_MEASURE,1,"2025/05/01 18:05:00","2025/05/01 18:01:56",VIC1,1,0.02500000,1,-0.01554394,1
D,FPP,REGION_FREQ_MEASURE,1,"2025/05/01 18:05:00","2025/05/01 18:02:00",NSW1,1,0.01100000,1,-0.01727594,1
D,FPP,REGION_FREQ_MEASURE,1,"2025/05/01 18:05:00","2025/05/01 18:02:00",QLD1,1,0.01000000,1,-0.01639480,1
D,FPP,REGION_FREQ_MEASURE,1,"2025/05/01 18:05:00","2025/05/01 18:02:00",SA1,1,0.03000000,1,-0.01828616,1
D,FPP,REGION_FREQ_MEASURE,1,"2025/05/01 18:05:00","2025/05/01 18:02:00",TAS1,1,-0.00700000,1,-0.00905225,1
D,FPP,REGION_FREQ_MEASURE,1,"2025/05/01 18:05:00","2025/05/01 18:02:00",VIC1,1,0.03100000,1,-0.01897862,1
D,FPP,REGION_FREQ_MEASURE,1,"2025/05/01 18:05:00","2025/05/01 18:02:04",NSW1,1,0.02200000,1,-0.01832573,1
D,FPP,REGION_FREQ_MEASURE,1,"2025/05/01 18:05:00","2025/05/01 18:02:04",QLD1,1,0.01500000,1,-0.01608484,1
D,FPP,REGION_FREQ_MEASURE,1,"2025/05/01 18:05:00","2025/05/01 18:02:04",SA1,1,0.00600000,1,-0.01555590,1
D,FPP,REGION_FREQ_MEASURE,1,"2025/05/01 18:05:00","2025/05/01 18:02:04",TAS1,1,0.00800000,1,-0.00881842,1
D,FPP,REGION_FREQ_MEASURE,1,"2025/05/01 18:05:00","2025/05/01 18:02:04",VIC1,1,0.01000000,1,-0.01698337,1
D,FPP,REGION_FREQ_MEASURE,1,"2025/05/01 18:05:00","2025/05/01 18:02:08",NSW1,1,0.02200000,1,-0.01914223,1
D,FPP,REGION_FREQ_MEASURE,1,"2025/05/01 18:05:00","2025/05/01 18:02:08",QLD1,1,0.02700000,1,-0.01851043,1
D,FPP,REGION_FREQ_MEASURE,1,"2025/05/01 18:05:00","2025/05/01 18:02:08",SA1,1,0.01300000,1,-0.01498792,1
D,FPP,REGION_FREQ_MEASURE,1,"2025/05/01 18:05:00","2025/05/01 18:02:08",TAS1,1,0.01700000,1,-0.01063655,1
D,FPP,REGION_FREQ_MEASURE,1,"2025/05/01 18:05:00","2025/05/01 18:02:08",VIC1,1,0.01200000,1,-0.01587595,1
D,FPP,REGION_FREQ_MEASURE,1,"2025/05/01 18:05:00","2025/05/01 18:02:12",NSW1,1,0.02100000,1,-0.01955507,1
D,FPP,REGION_FREQ_MEASURE,1,"2025/05/01 18:05:00","2025/05/01 18:02:12",QLD1,1,0.02200000,1,-0.01928589,1
D,FPP,REGION_FREQ_MEASURE,1,"2025/05/01 18:05:00","2025/05/01 18:02:12",SA1,1,0.02100000,1,-0.01632394,1
D,FPP,REGION_FREQ_MEASURE,1,"2025/05/01 18:05:00","2025/05/01 18:02:12",TAS1,1,0.04100000,1,-0.01738398,1
D,FPP,REGION_FREQ_MEASURE,1,"2025/05/01 18:05:00","2025/05/01 18:02:12",VIC1,1,0.01900000,1,-0.01657018,1
D,FPP,REGION_FREQ_MEASURE,1,"2025/05/01 18:05:00","2025/05/01 18:02:16",NSW1,1,0.02100000,1,-0.01987617,1
D,FPP,REGION_FREQ_MEASURE,1,"2025/05/01 18:05:00","2025/05/01 18:02:16",QLD1,1,0.02100000,1,-0.01966680,1
D,FPP,REGION_FREQ_MEASURE,1,"2025/05/01 18:05:00","2025/05/01 18:02:16",SA1,1,0.02500000,1,-0.01825195,1
D,FPP,REGION_FREQ_MEASURE,1,"2025/05/01 18:05:00","2025/05/01 18:02:16",TAS1,1,0.04700000,1,-0.02396532,1
D,FPP,REGION_FREQ_MEASURE,1,"2025/05/01 18:05:00","2025/05/01 18:02:16",VIC1,1,0.02500000,1,-0.01844347,1
D,FPP,REGION_FREQ_MEASURE,1,"2025/05/01 18:05:00","2025/05/01 18:02:20",NSW1,1,0.01600000,1,-0.01901480,1
D,FPP,REGION_FREQ_MEASURE,1,"2025/05/01 18:05:00","2025/05/01 18:02:20",QLD1,1,0.01800000,1,-0.01929640,1
D,FPP,REGION_FREQ_MEASURE,1,"2025/05/01 18:05:00","2025/05/01 18:02:20",SA1,1,0.01900000,1,-0.01841818,1
D,FPP,REGION_FREQ_MEASURE,1,"2025/05/01 18:05:00","2025/05/01 18:02:20",TAS1,1,0.03300000,1,-0.02597303,1
D,FPP,REGION_FREQ_MEASURE,1,"2025/05/01 18:05:00","2025/05/01 18:02:20",VIC1,1,0.02100000,1,-0.01901159,1
D,FPP,REGION_FREQ_MEASURE,1,"2025/05/01 18:05:00","2025/05/01 18:02:24",NSW1,1,0.02100000,1,-0.01945596,1
D,FPP,REGION_FREQ_MEASURE,1,"2025/05/01 18:05:00","2025/05/01 18:02:24",QLD1,1,0.01800000,1,-0.01900831,1
D,FPP,REGION_FREQ_MEASURE,1,"2025/05/01 18:05:00","2025/05/01 18:02:24",SA1,1,0.02400000,1,-0.01965858,1
D,FPP,REGION_FREQ_MEASURE,1,"2025/05/01 18:05:00","2025/05/01 18:02:24",TAS1,1,-0.00600000,1,-0.01886791,1
D,FPP,REGION_FREQ_MEASURE,1,"2025/05/01 18:05:00","2025/05/01 18:02:24",VIC1,1,0.01900000,1,-0.01900901,1
D,FPP,REGION_FREQ_MEASURE,1,"2025/05/01 18:05:00","2025/05/01 18:02:28",NSW1,1,0.02600000,1,-0.02091019,1
D,FPP,REGION_FREQ_MEASURE,1,"2025/05/01 18:05:00","2025/05/01 18:02:28",QLD1,1,0.02400000,1,-0.02011757,1
D,FPP,REGION_FREQ_MEASURE,1,"2025/05/01 18:05:00","2025/05/01 18:02:28",SA1,1,0.01000000,1,-0.01751223,1
D,FPP,REGION_FREQ_MEASURE,1,"2025/05/01 18:05:00","2025/05/01 18:02:28",TAS1,1,-0.01700000,1,-0.01089726,0
D,FPP,REGION_FREQ_MEASURE,1,"2025/05/01 18:05:00","2025/05/01 18:02:28",VIC1,1,0.01600000,1,-0.01834034,1
D,FPP,REGION_FREQ_MEASURE,1,"2025/05/01 18:05:00","2025/05/01 18:02:32",NSW1,1,0.03100000,1,-0.02315237,1
D,FPP,REGION_FREQ_MEASURE,1,"2025/05/01 18:05:00","2025/05/01 18:02:32",QLD1,1,0.03300000,1,-0.02298033,1
D,FPP,REGION_FREQ_MEASURE,1,"2025/05/01 18:05:00","2025/05/01 18:02:32",SA1,1,0.02200000,1,-0.01850951,1
D,FPP,REGION_FREQ_MEASURE,1,"2025/05/01 18:05:00","2025/05/01 18:02:32",TAS1,1,-0.00200000,1,-0.00803120,1
D,FPP,REGION_FREQ_MEASURE,1,"2025/05/01 18:05:00","2025/05/01 18:02:32",VIC1,1,0.02200000,1,-0.01915360,1
D,FPP,REGION_FREQ_MEASURE,1,"2025/05/01 18:05:00","2025/05/01 18:02:36",NSW1,1,0.02400000,1,-0.02334073,1
D,FPP,REGION_FREQ_MEASURE,1,"2025/05/01 18:05:00","2025/05/01 18:02:36",QLD1,1,0.02300000,1,-0.02298470,1
D,FPP,REGION_FREQ_MEASURE,1,"2025/05/01 18:05:00","2025/05/01 18:02:36",SA1,1,0.03000000,1,-0.02106295,1
D,FPP,REGION_FREQ_MEASURE,1,"2025/05/01 18:05:00","2025/05/01 18:02:36",TAS1,1,0.01400000,1,-0.00935760,1
D,FPP,REGION_FREQ_MEASURE,1,"2025/05/01 18:05:00","2025/05/01 18:02:36",VIC1,1,0.02600000,1,-0.02067502,1
D,FPP,REGION_FREQ_MEASURE,1,"2025/05/01 18:05:00","2025/05/01 18:02:40",NSW1,1,0.01700000,1,-0.02193168,1
D,FPP,REGION_FREQ_MEASURE,1,"2025/05/01 18:05:00","2025/05/01 18:02:40",QLD1,1,0.02000000,1,-0.02232143,1
D,FPP,REGION_FREQ_MEASURE,1,"2025/05/01 18:05:00","2025/05/01 18:02:40",SA1,1,0.02400000,1,-0.02171563,1
D,FPP,REGION_FREQ_MEASURE,1,"2025/05/01 18:05:00","2025/05/01 18:02:40",TAS1,1,0.03400000,1,-0.01483369,1
D,FPP,REGION_FREQ_MEASURE,1,"2025/05/01 18:05:00","2025/05/01 18:02:40",VIC1,1,0.02600000,1,-0.02185835,1
D,FPP,REGION_FREQ_MEASURE,1,"2025/05/01 18:05:00","2025/05/01 18:02:44",NSW1,1,0.03000000,1,-0.02372464,1
D,FPP,REGION_FREQ_MEASURE,1,"2025/05/01 18:05:00","2025/05/01 18:02:44",QLD1,1,0.02800000,1,-0.02358333,1
D,FPP,REGION_FREQ_MEASURE,1,"2025/05/01 18:05:00","2025/05/01 18:02:44",SA1,1,0.02200000,1,-0.02177882,1
D,FPP,REGION_FREQ_MEASURE,1,"2025/05/01 18:05:00","2025/05/01 18:02:44",TAS1,1,0.03600000,1,-0.01953731,1
D,FPP,REGION_FREQ_MEASURE,1,"2025/05/01 18:05:00","2025/05/01 18:02:44",VIC1,1,0.02300000,1,-0.02211205,1
D,FPP,REGION_FREQ_MEASURE,1,"2025/05/01 18:05:00","2025/05/01 18:02:48",NSW1,1,0.02300000,1,-0.02356361,1
D,FPP,REGION_FREQ_MEASURE,1,"2025/05/01 18:05:00","2025/05/01 18:02:48",QLD1,1,0.02700000,1,-0.02434259,1
D,FPP,REGION_FREQ_MEASURE,1,"2025/05/01 18:05:00","2025/05/01 18:02:48",SA1,1,0.01900000,1,-0.02116130,1
D,FPP,REGION_FREQ_MEASURE,1,"2025/05/01 18:05:00","2025/05/01 18:02:48",TAS1,1,0.03000000,1,-0.02186235,1
D,FPP,REGION_FREQ_MEASURE,1,"2025/05/01 18:05:00","2025/05/01 18:02:48",VIC1,1,0.01900000,1,-0.02142048,1
D,FPP,REGION_FREQ_MEASURE,1,"2025/05/01 18:05:00","2025/05/01 18:02:52",NSW1,1,0.01700000,1,-0.02210503,1
D,FPP,REGION_FREQ_MEASURE,1,"2025/05/01 18:05:00","2025/05/01 18:02:52",QLD1,1,0.01600000,1,-0.02248868,1
D,FPP,REGION_FREQ_MEASURE,1,"2025/05/01 18:05:00","2025/05/01 18:02:52",SA1,1,0.02700000,1,-0.02245879,1
D,FPP,REGION_FREQ_MEASURE,1,"2025/05/01 18:05:00","2025/05/01 18:02:52",TAS1,1,0.01400000,1,-0.02011516,1
D,FPP,REGION_FREQ_MEASURE,1,"2025/05/01 18:05:00","2025/05/01 18:02:52",VIC1,1,0.02800000,1,-0.02288260,1
D,FPP,REGION_FREQ_MEASURE,1,"2025/05/01 18:05:00","2025/05/01 18:02:56",NSW1,1,0.02200000,1,-0.02208169,1
D,FPP,REGION_FREQ_MEASURE,1,"2025/05/01 18:05:00","2025/05/01 18:02:56",QLD1,1,0.01800000,1,-0.02149120,1
D,FPP,REGION_FREQ_MEASURE,1,"2025/05/01 18:05:00","2025/05/01 18:02:56",SA1,1,0.01700000,1,-0.02124573,1
D,FPP,REGION_FREQ_MEASURE,1,"2025/05/01 18:05:00","2025/05/01 18:02:56",TAS1,1,0.00800000,1,-0.01742290,1
D,FPP,REGION_FREQ_MEASURE,1,"2025/05/01 18:05:00","2025/05/01 18:02:56",VIC1,1,0.01800000,1,-0.02179758,1
D,FPP,REGION_FREQ_MEASURE,1,"2025/05/01 18:05:00","2025/05/01 18:03:00",NSW1,1,0.02800000,1,-0.02339687,1
D,FPP,REGION_FREQ_MEASURE,1,"2025/05/01 18:05:00","2025/05/01 18:03:00",QLD1,1,0.02600000,1,-0.02249316,1
D,FPP,REGION_FREQ_MEASURE,1,"2025/05/01 18:05:00","2025/05/01 18:03:00",SA1,1,0.01500000,1,-0.01985779,1
D,FPP,REGION_FREQ_MEASURE,1,"2025/05/01 18:05:00","2025/05/01 18:03:00",TAS1,1,0.01000000,1,-0.01577337,1
D,FPP,REGION_FREQ_MEASURE,1,"2025/05/01 18:05:00","2025/05/01 18:03:00",VIC1,1,0.01800000,1,-0.02095367,1
D,FPP,REGION_FREQ_MEASURE,1,"2025/05/01 18:05:00","2025/05/01 18:03:04",NSW1,1,0.02500000,1,-0.02375312,1
D,FPP,REGION_FREQ_MEASURE,1,"2025/05/01 18:05:00","2025/05/01 18:03:04",QLD1,1,0.02500000,1,-0.02305024,1
D,FPP,REGION_FREQ_MEASURE,1,"2025/05/01 18:05:00","2025/05/01 18:03:04",SA1,1,0.02500000,1,-0.02100050,1
D,FPP,REGION_FREQ_MEASURE,1,"2025/05/01 18:05:00","2025/05/01 18:03:04",TAS1,1,0.01900000,1,-0.01649040,1
D,FPP,REGION_FREQ_MEASURE,1,"2025/05/01 18:05:00","2025/05/01 18:03:04",VIC1,1,0.02300000,1,-0.02140841,1
D,FPP,REGION_FREQ_MEASURE,1,"2025/05/01 18:05:00","2025/05/01 18:03:08",NSW1,1,0.02500000,1,-0.02403020,1
D,FPP,REGION_FREQ_MEASURE,1,"2025/05/01 18:05:00","2025/05/01 18:03:08",QLD1,1,0.02700000,1,-0.02392796,1
D,FPP,REGION_FREQ_MEASURE,1,"2025/05/01 18:05:00","2025/05/01 18:03:08",SA1,1,0.03000000,1,-0.02300039,1
D,FPP,REGION_FREQ_MEASURE,1,"2025/05/01 18:05:00","2025/05/01 18:03:08",TAS1,1,0.02700000,1,-0.01882587,1
D,FPP,REGION_FREQ_MEASURE,1,"2025/05/01 18:05:00","2025/05/01 18:03:08",VIC1,1,0.02600000,1,-0.02242876,1
D,FPP,REGION_FREQ_MEASURE,1,"2025/05/01 18:05:00","2025/05/01 18:03:12",NSW1,1,0.02300000,1,-0.02380127,1
D,FPP,REGION_FREQ_MEASURE,1,"2025/05/01 18:05:00","2025/05/01 18:03:12",QLD1,1,0.02200000,1,-0.02349952,1
D,FPP,REGION_FREQ_MEASURE,1,"2025/05/01 18:05:00","2025/05/01 18:03:12",SA1,1,0.02500000,1,-0.02344475,1
D,FPP,REGION_FREQ_MEASURE,1,"2025/05/01 18:05:00","2025/05/01 18:03:12",TAS1,1,0.02100000,1,-0.01930901,1
D,FPP,REGION_FREQ_MEASURE,1,"2025/05/01 18:05:00","2025/05/01 18:03:12",VIC1,1,0.02400000,1,-0.02277792,1
D,FPP,REGION_FREQ_MEASURE,1,"2025/05/01 18:05:00","2025/05/01 18:03:16",NSW1,1,0.01600000,1,-0.02206765,1
D,FPP,REGION_FREQ_MEASURE,1,"2025/05/01 18:05:00","2025/05/01 18:03:16",QLD1,1,0.01500000,1,-0.02161074,1
D,FPP,REGION_FREQ_MEASURE,1,"2025/05/01 18:05:00","2025/05/01 18:03:16",SA1,1,0.02200000,1,-0.02312369,1
D,FPP,REGION_FREQ_MEASURE,1,"2025/05/01 18:05:00","2025/05/01 18:03:16",TAS1,1,-0.00400000,1,-0.01412923,1
D,FPP,REGION_FREQ_MEASURE,1,"2025/05/01 18:05:00","2025/05/01 18:03:16",VIC1,1,0.02700000,1,-0.02371616,1
D,FPP,REGION_FREQ_MEASURE,1,"2025/05/01 18:05:00","2025/05/01 18:03:20",NSW1,1,0.02500000,1,-0.02271928,1
D,FPP,REGION_FREQ_MEASURE,1,"2025/05/01 18:05:00","2025/05/01 18:03:20",QLD1,1,0.02100000,1,-0.02147502,1
D,FPP,REGION_FREQ_MEASURE,1,"2025/05/01 18:05:00","2025/05/01 18:03:20",SA1,1,0.01900000,1,-0.02220731,1
D,FPP,REGION_FREQ_MEASURE,1,"2025/05/01 18:05:00","2025/05/01 18:03:20",TAS1,1,-0.00600000,1,-0.00965607,1
D,FPP,REGION_FREQ_MEASURE,1,"2025/05/01 18:05:00","2025/05/01 18:03:20",VIC1,1,0.02300000,1,-0.02355701,1
D,FPP,REGION_FREQ_MEASURE,1,"2025/05/01 18:05:00","2025/05/01 18:03:24",NSW1,1,0.02600000,1,-0.02344833,1
D,FPP,REGION_FREQ_MEASURE,1,"2025/05/01 18:05:00","2025/05/01 18:03:24",QLD1,1,0.02500000,1,-0.02225835,1
D,FPP,REGION_FREQ_MEASURE,1,"2025/05/01 18:05:00","2025/05/01 18:03:24",SA1,1,0.01700000,1,-0.02105013,1
D,FPP,REGION_FREQ_MEASURE,1,"2025/05/01 18:05:00","2025/05/01 18:03:24",TAS1,1,0.00600000,1,-0.00884361,1
D,FPP,REGION_FREQ_MEASURE,1,"2025/05/01 18:05:00","2025/05/01 18:03:24",VIC1,1,0.01600000,1,-0.02187767,1
D,FPP,REGION_FREQ_MEASURE,1,"2025/05/01 18:05:00","2025/05/01 18:03:28",NSW1,1,0.02500000,1,-0.02379315,1
D,FPP,REGION_FREQ_MEASURE,1,"2025/05/01 18:05:00","2025/05/01 18:03:28",QLD1,1,0.02400000,1,-0.02264538,1
D,FPP,REGION_FREQ_MEASURE,1,"2025/05/01 18:05:00","2025/05/01 18:03:28",SA1,1,0.02500000,1,-0.02192788,1
D,FPP,REGION_FREQ_MEASURE,1,"2025/05/01 18:05:00","2025/05/01 18:03:28",TAS1,1,0.03100000,1,-0.01376725,1
D,FPP,REGION_FREQ_MEASURE,1,"2025/05/01 18:05:00","2025/05/01 18:03:28",VIC1,1,0.02500000,1,-0.02257152,1
D,FPP,REGION_FREQ_MEASURE,1,"2025/05/01 18:05:00","2025/05/01 18:03:32",NSW1,1,0.03300000,1,-0.02583912,1
D,FPP,REGION_FREQ_MEASURE,1,"2025/05/01 18:05:00","2025/05/01 18:03:32",QLD1,1,0.03400000,1,-0.02516863,1
D,FPP,REGION_FREQ_MEASURE,1,"2025/05/01 18:05:00","2025/05/01 18:03:32",SA1,1,0.02400000,1,-0.02238835,1
D,FPP,REGION_FREQ_MEASURE,1,"2025/05/01 18:05:00","2025/05/01 18:03:32",TAS1,1,0.09100000,1,-0.03093008,1
D,FPP,REGION_FREQ_MEASURE,1,"2025/05/01 18:05:00","2025/05/01 18:03:32",VIC1,1,0.02200000,1,-0.02244452,1
D,FPP,REGION_FREQ_MEASURE,1,"2025/05/01 18:05:00","2025/05/01 18:03:36",NSW1,1,0.02900000,1,-0.02654154,1
D,FPP,REGION_FREQ_MEASURE,1,"2025/05/01 18:05:00","2025/05/01 18:03:36",QLD1,1,0.03100000,1,-0.02646449,1
D,FPP,REGION_FREQ_MEASURE,1,"2025/05/01 18:05:00","2025/05/01 18:03:36",SA1,1,0.02600000,1,-0.02319094,1
D,FPP,REGION_FREQ_MEASURE,1,"2025/05/01 18:05:00","2025/05/01 18:03:36",TAS1,1,0.08800000,1,-0.04361228,1
D,FPP,REGION_FREQ_MEASURE,1,"2025/05/01 18:05:00","2025/05/01 18:03:36",VIC1,1,0.02600000,1,-0.02323463,1
D,FPP,REGION_FREQ_MEASURE,1,"2025/05/01 18:05:00","2025/05/01 18:03:40",NSW1,1,0.02100000,1,-0.02531009,1
D,FPP,REGION_FREQ_MEASURE,1,"2025/05/01 18:05:00","2025/05/01 18:03:40",QLD1,1,0.02300000,1,-0.02569460,1
D,FPP,REGION_FREQ_MEASURE,1,"2025/05/01 18:05:00","2025/05/01 18:03:40",SA1,1,0.03500000,1,-0.02581518,1
D,FPP,REGION_FREQ_MEASURE,1,"2025/05/01 18:05:00","2025/05/01 18:03:40",TAS1,1,0.04900000,1,-0.04480955,1
D,FPP,REGION_FREQ_MEASURE,1,"2025/05/01 18:05:00","2025/05/01 18:03:40",VIC1,1,0.03400000,1,-0.02562693,1
D,FPP,REGION_FREQ_MEASURE,1,"2025/05/01 18:05:00","2025/05/01 18:03:44",NSW1,1,0.02500000,1,-0.02524118,1
D,FPP,REGION_FREQ_MEASURE,1,"2025/05/01 18:05:00","2025/05/01 18:03:44",QLD1,1,0.02000000,1,-0.02442913,1
D,FPP,REGION_FREQ_MEASURE,1,"2025/05/01 18:05:00","2025/05/01 18:03:44",SA1,1,0.02600000,1,-0.02585625,1
D,FPP,REGION_FREQ_MEASURE,1,"2025/05/01 18:05:00","2025/05/01 18:03:44",TAS1,1,0.01700000,1,-0.03862965,1
D,FPP,REGION_FREQ_MEASURE,1,"2025/05/01 18:05:00","2025/05/01 18:03:44",VIC1,1,0.02700000,1,-0.02593206,1
D,FPP,REGION_FREQ_MEASURE,1,"2025/05/01 18:05:00","2025/05/01 18:03:48",NSW1,1,0.02700000,1,-0.02563203,1
D,FPP,REGION_FREQ_MEASURE,1,"2025/05/01 18:05:00","2025/05/01 18:03:48",QLD1,1,0.03200000,1,-0.02611155,1
D,FPP,REGION_FREQ_MEASURE,1,"2025/05/01 18:05:00","2025/05/01 18:03:48",SA1,1,0.01900000,1,-0.02433264,1
D,FPP,REGION_FREQ_MEASURE,1,"2025/05/01 18:05:00","2025/05/01 18:03:48",TAS1,1,-0.02700000,1,-0.02404528,0
D,FPP,REGION_FREQ_MEASURE,1,"2025/05/01 18:05:00","2025/05/01 18:03:48",VIC1,1,0.02000000,1,-0.02461382,1
D,FPP,REGION_FREQ_MEASURE,1,"2025/05/01 18:05:00","2025/05/01 18:03:52",NSW1,1,0.02700000,1,-0.02593602,1
D,FPP,REGION_FREQ_MEASURE,1,"2025/05/01 18:05:00","2025/05/01 18:03:52",QLD1,1,0.02800000,1,-0.02653121,1
D,FPP,REGION_FREQ_MEASURE,1,"2025/05/01 18:05:00","2025/05/01 18:03:52",SA1,1,0.02700000,1,-0.02492539,1
D,FPP,REGION_FREQ_MEASURE,1,"2025/05/01 18:05:00","2025/05/01 18:03:52",TAS1,1,-0.06000000,1,-0.00536855,0
D,FPP,REGION_FREQ_MEASURE,1,"2025/05/01 18:05:00","2025/05/01 18:03:52",VIC1,1,0.03000000,1,-0.02581075,1
D,FPP,REGION_FREQ_MEASURE,1,"2025/05/01 18:05:00","2025/05/01 18:03:56",NSW1,1,0.02100000,1,-0.02483913,1
D,FPP,REGION_FREQ_MEASURE,1,"2025/05/01 18:05:00","2025/05/01 18:03:56",QLD1,1,0.02600000,1,-0.02641316,1
D,FPP,REGION_FREQ_MEASURE,1,"2025/05/01 18:05:00","2025/05/01 18:03:56",SA1,1,0.02400000,1,-0.02471975,1
D,FPP,REGION_FREQ_MEASURE,1,"2025/05/01 18:05:00","2025/05/01 18:03:56",TAS1,1,-0.02800000,1,0.00204668,1
D,FPP,REGION_FREQ_MEASURE,1,"2025/05/01 18:05:00","2025/05/01 18:03:56",VIC1,1,0.02500000,1,-0.02563058,1
D,FPP,REGION_FREQ_MEASURE,1,"2025/05/01 18:05:00","2025/05/01 18:04:00",NSW1,1,0.01900000,1,-0.02354155,1
D,FPP,REGION_FREQ_MEASURE,1,"2025/05/01 18:05:00","2025/05/01 18:04:00",QLD1,1,0.01800000,1,-0.02454357,1
D,FPP,REGION_FREQ_MEASURE,1,"2025/05/01 18:05:00","2025/05/01 18:04:00",SA1,1,0.02600000,1,-0.02500425,1
D,FPP,REGION_FREQ_MEASURE,1,"2025/05/01 18:05:00","2025/05/01 18:04:00",TAS1,1,-0.01900000,1,0.00581408,1
D,FPP,REGION_FREQ_MEASURE,1,"2025/05/01 18:05:00","2025/05/01 18:04:00",VIC1,1,0.02700000,1,-0.02593490,1
D,FPP,REGION_FREQ_MEASURE,1,"2025/05/01 18:05:00","2025/05/01 18:04:04",NSW1,1,0.02100000,1,-0.02297676,1
D,FPP,REGION_FREQ_MEASURE,1,"2025/05/01 18:05:00","2025/05/01 18:04:04",QLD1,1,0.01900000,1,-0.02331167,1
D,FPP,REGION_FREQ_MEASURE,1,"2025/05/01 18:05:00","2025/05/01 18:04:04",SA1,1,0.01700000,1,-0.02322553,1
D,FPP,REGION_FREQ_MEASURE,1,"2025/05/01 18:05:00","2025/05/01 18:04:04",TAS1,1,-0.02700000,1,0.01052206,1
D,FPP,REGION_FREQ_MEASURE,1,"2025/05/01 18:05:00","2025/05/01 18:04:04",VIC1,1,0.02000000,1,-0.02461603,1
D,FPP,REGION_FREQ_MEASURE,1,"2025/05/01 18:05:00","2025/05/01 18:04:08",NSW1,1,0.02600000,1,-0.02364859,1
D,FPP,REGION_FREQ_MEASURE,1,"2025/05/01 18:05:00","2025/05/01 18:04:08",QLD1,1,0.02500000,1,-0.02368685,1
D,FPP,REGION_FREQ_MEASURE,1,"2025/05/01 18:05:00","2025/05/01 18:04:08",SA1,1,0.01700000,1,-0.02184208,1
D,FPP,REGION_FREQ_MEASURE,1,"2025/05/01 18:05:00","2025/05/01 18:04:08",TAS1,1,-0.03400000,1,0.01573938,1
D,FPP,REGION_FREQ_MEASURE,1,"2025/05/01 18:05:00","2025/05/01 18:04:08",VIC1,1,0.02000000,1,-0.02359025,1
D,FPP,REGION_FREQ_MEASURE,1,"2025/05/01 18:05:00","2025/05/01 18:04:12",NSW1,1,0.01800000,1,-0.02239335,1
D,FPP,REGION_FREQ_MEASURE,1,"2025/05/01 18:05:00","2025/05/01 18:04:12",QLD1,1,0.02100000,1,-0.02308977,1
D,FPP,REGION_FREQ_MEASURE,1,"2025/05/01 18:05:00","2025/05/01 18:04:12",SA1,1,0.02200000,1,-0.02187717,1
D,FPP,REGION_FREQ_MEASURE,1,"2025/05/01 18:05:00","2025/05/01 18:04:12",TAS1,1,0.00000000,1,0.01224174,1
D,FPP,REGION_FREQ_MEASURE,1,"2025/05/01 18:05:00","2025/05/01 18:04:12",VIC1,1,0.02000000,1,-0.02279242,1
D,FPP,REGION_FREQ_MEASURE,1,"2025/05/01 18:05:00","2025/05/01 18:04:16",NSW1,1,0.02200000,1,-0.02230594,1
D,FPP,REGION_FREQ_MEASURE,1,"2025/05/01 18:05:00","2025/05/01 18:04:16",QLD1,1,0.02000000,1,-0.02240315,1
D,FPP,REGION_FREQ_MEASURE,1,"2025/05/01 18:05:00","2025/05/01 18:04:16",SA1,1,0.02500000,1,-0.02257113,1
D,FPP,REGION_FREQ_MEASURE,1,"2025/05/01 18:05:00","2025/05/01 18:04:16",TAS1,1,0.01700000,1,0.00574358,0
D,FPP,REGION_FREQ_MEASURE,1,"2025/05/01 18:05:00","2025/05/01 18:04:16",VIC1,1,0.02800000,1,-0.02394966,1
D,FPP,REGION_FREQ_MEASURE,1,"2025/05/01 18:05:00","2025/05/01 18:04:20",NSW1,1,0.03000000,1,-0.02401573,1
D,FPP,REGION_FREQ_MEASURE,1,"2025/05/01 18:05:00","2025/05/01 18:04:20",QLD1,1,0.03000000,1,-0.02409134,1
D,FPP,REGION_FREQ_MEASURE,1,"2025/05/01 18:05:00","2025/05/01 18:04:20",SA1,1,0.01800000,1,-0.02155532,1
D,FPP,REGION_FREQ_MEASURE,1,"2025/05/01 18:05:00","2025/05/01 18:04:20",TAS1,1,0.03300000,1,-0.00286610,1
D,FPP,REGION_FREQ_MEASURE,1,"2025/05/01 18:05:00","2025/05/01 18:04:20",VIC1,1,0.01600000,1,-0.02218307,1
D,FPP,REGION_FREQ_MEASURE,1,"2025/05/01 18:05:00","2025/05/01 18:04:24",NSW1,1,0.03000000,1,-0.02534557,1
D,FPP,REGION_FREQ_MEASURE,1,"2025/05/01 18:05:00","2025/05/01 18:04:24",QLD1,1,0.02800000,1,-0.02495993,1
D,FPP,REGION_FREQ_MEASURE,1,"2025/05/01 18:05:00","2025/05/01 18:04:24",SA1,1,0.02600000,1,-0.02254303,1
D,FPP,REGION_FREQ_MEASURE,1,"2025/05/01 18:05:00","2025/05/01 18:04:24",TAS1,1,0.06600000,1,-0.01689586,1
D,FPP,REGION_FREQ_MEASURE,1,"2025/05/01 18:05:00","2025/05/01 18:04:24",VIC1,1,0.02400000,1,-0.02258683,1
D,FPP,REGION_FREQ_MEASURE,1,"2025/05/01 18:05:00","2025/05/01 18:04:28",NSW1,1,0.02600000,1,-0.02549100,1
D,FPP,REGION_FREQ_MEASURE,1,"2025/05/01 18:05:00","2025/05/01 18:04:28",QLD1,1,0.02600000,1,-0.02519106,1
D,FPP,REGION_FREQ_MEASURE,1,"2025/05/01 18:05:00","2025/05/01 18:04:28",SA1,1,0.03100000,1,-0.02442236,1
D,FPP,REGION_FREQ_MEASURE,1,"2025/05/01 18:05:00","2025/05/01 18:04:28",TAS1,1,0.05500000,1,-0.02536345,1
D,FPP,REGION_FREQ_MEASURE,1,"2025/05/01 18:05:00","2025/05/01 18:04:28",VIC1,1,0.03200000,1,-0.02467865,1
D,FPP,REGION_FREQ_MEASURE,1,"2025/05/01 18:05:00","2025/05/01 18:04:32",NSW1,1,0.02200000,1,-0.02471522,1
D,FPP,REGION_FREQ_MEASURE,1,"2025/05/01 18:05:00","2025/05/01 18:04:32",QLD1,1,0.02100000,1,-0.02425971,1
D,FPP,REGION_FREQ_MEASURE,1,"2025/05/01 18:05:00","2025/05/01 18:04:32",SA1,1,0.03100000,1,-0.02588406,1
D,FPP,REGION_FREQ_MEASURE,1,"2025/05/01 18:05:00","2025/05/01 18:04:32",TAS1,1,0.00500000,1,-0.02083824,1
D,FPP,REGION_FREQ_MEASURE,1,"2025/05/01 18:05:00","2025/05/01 18:04:32",VIC1,1,0.02900000,1,-0.02563895,1
D,FPP,REGION_FREQ_MEASURE,1,"2025/05/01 18:05:00","2025/05/01 18:04:36",NSW1,1,0.02500000,1,-0.02477850,1
D,FPP,REGION_FREQ_MEASURE,1,"2025/05/01 18:05:00","2025/05/01 18:04:36",QLD1,1,0.02700000,1,-0.02486866,1
D,FPP,REGION_FREQ_MEASURE,1,"2025/05/01 18:05:00","2025/05/01 18:04:36",SA1,1,0.02200000,1,-0.02502094,1
D,FPP,REGION_FREQ_MEASURE,1,"2025/05/01 18:05:00","2025/05/01 18:04:36",TAS1,1,-0.00600000,1,-0.01487419,1
D,FPP,REGION_FREQ_MEASURE,1,"2025/05/01 18:05:00","2025/05/01 18:04:36",VIC1,1,0.02400000,1,-0.02527474,1
D,FPP,REGION_FREQ_MEASURE,1,"2025/05/01 18:05:00","2025/05/01 18:04:40",NSW1,1,0.02300000,1,-0.02438328,1
D,FPP,REGION_FREQ_MEASURE,1,"2025/05/01 18:05:00","2025/05/01 18:04:40",QLD1,1,0.02400000,1,-0.02467562,1
D,FPP,REGION_FREQ_MEASURE,1,"2025/05/01 18:05:00","2025/05/01 18:04:40",SA1,1,0.02400000,1,-0.02479406,1
D,FPP,REGION_FREQ_MEASURE,1,"2025/05/01 18:05:00","2025/05/01 18:04:40",TAS1,1,0.00800000,1,-0.01334659,1
D,FPP,REGION_FREQ_MEASURE,1,"2025/05/01 18:05:00","2025/05/01 18:04:40",VIC1,1,0.02400000,1,-0.02499146,1
D,FPP,REGION_FREQ_MEASURE,1,"2025/05/01 18:05:00","2025/05/01 18:04:44",NSW1,1,0.02000000,1,-0.02340922,1
D,FPP,REGION_FREQ_MEASURE,1,"2025/05/01 18:05:00","2025/05/01 18:04:44",QLD1,1,0.02500000,1,-0.02474770,1
D,FPP,REGION_FREQ_MEASURE,1,"2025/05/01 18:05:00","2025/05/01 18:04:44",SA1,1,0.02500000,1,-0.02483982,1
D,FPP,REGION_FREQ_MEASURE,1,"2025/05/01 18:05:00","2025/05/01 18:04:44",TAS1,1,0.04100000,1,-0.01949179,1
D,FPP,REGION_FREQ_MEASURE,1,"2025/05/01 18:05:00","2025/05/01 18:04:44",VIC1,1,0.02500000,1,-0.02499336,1
D,FPP,REGION_FREQ_MEASURE,1,"2025/05/01 18:05:00","2025/05/01 18:04:48",NSW1,1,0.01300000,1,-0.02109606,1
D,FPP,REGION_FREQ_MEASURE,1,"2025/05/01 18:05:00","2025/05/01 18:04:48",QLD1,1,0.01400000,1,-0.02235932,1
D,FPP,REGION_FREQ_MEASURE,1,"2025/05/01 18:05:00","2025/05/01 18:04:48",SA1,1,0.02700000,1,-0.02531986,1
D,FPP,REGION_FREQ_MEASURE,1,"2025/05/01 18:05:00","2025/05/01 18:04:48",TAS1,1,0.05100000,1,-0.02649361,1
D,FPP,REGION_FREQ_MEASURE,1,"2025/05/01 18:05:00","2025/05/01 18:04:48",VIC1,1,0.02300000,1,-0.02455039,1
D,FPP,REGION_FREQ_MEASURE,1,"2025/05/01 18:05:00","2025/05/01 18:04:52",NSW1,1,0.01500000,1,-0.01974138,1
D,FPP,REGION_FREQ_MEASURE,1,"2025/05/01 18:05:00","2025/05/01 18:04:52",QLD1,1,0.01200000,1,-0.02005725,1
D,FPP,REGION_FREQ_MEASURE,1,"2025/05/01 18:05:00","2025/05/01 18:04:52",SA1,1,0.01300000,1,-0.02258211,1
D,FPP,REGION_FREQ_MEASURE,1,"2025/05/01 18:05:00","2025/05/01 18:04:52",TAS1,1,0.02100000,1,-0.02527281,1
D,FPP,REGION_FREQ_MEASURE,1,"2025/05/01 18:05:00","2025/05/01 18:04:52",VIC1,1,0.01700000,1,-0.02287253,1
D,FPP,REGION_FREQ_MEASURE,1,"2025/05/01 18:05:00","2025/05/01 18:04:56",NSW1,1,0.02400000,1,-0.02068774,1
D,FPP,REGION_FREQ_MEASURE,1,"2025/05/01 18:05:00","2025/05/01 18:04:56",QLD1,1,0.02400000,1,-0.02093342,1
D,FPP,REGION_FREQ_MEASURE,1,"2025/05/01 18:05:00","2025/05/01 18:04:56",SA1,1,0.01000000,1,-0.01978609,1
D,FPP,REGION_FREQ_MEASURE,1,"2025/05/01 18:05:00","2025/05/01 18:04:56",TAS1,1,-0.00200000,1,-0.01921219,1
D,FPP,REGION_FREQ_MEASURE,1,"2025/05/01 18:05:00","2025/05/01 18:04:56",VIC1,1,0.01000000,1,-0.02001197,1
D,FPP,REGION_FREQ_MEASURE,1,"2025/05/01 18:05:00","2025/05/01 18:05:00",NSW1,1,0.02100000,1,-0.02075713,1
D,FPP,REGION_FREQ_MEASURE,1,"2025/05/01 18:05:00","2025/05/01 18:05:00",QLD1,1,0.02200000,1,-0.02117044,1
D,FPP,REGION_FREQ_MEASURE,1,"2025/05/01 18:05:00","2025/05/01 18:05:00",SA1,1,0.01700000,1,-0.01916696,1
D,FPP,REGION_FREQ_MEASURE,1,"2025/05/01 18:05:00","2025/05/01 18:05:00",TAS1,1,0.00100000,1,-0.01516504,1
D,FPP,REGION_FREQ_MEASURE,1,"2025/05/01 18:05:00","2025/05/01 18:05:00",VIC1,1,0.01600000,1,-0.01912042,1
I,FPP,RESIDUAL_CF,1,INTERVAL_DATETIME,CONSTRAINTID,VERSIONNO,BIDTYPE,RESIDUAL_CF,NEGATIVE_RESIDUAL_CF,RESIDUAL_DCF,RESIDUAL_CF_REASON_FLAG,CF_ABS_POSITIVE_PERF_TOTAL,CF_ABS_NEGATIVE_PERF_TOTAL,NCF_ABS_NEGATIVE_PERF_TOTAL
D,FPP,RESIDUAL_CF,1,"2025/05/01 18:05:00",F_T+LREG_0050,1,LOWERREG,-0.97262955,-0.97262955,-0.22422379,0,46.34701,29.34405,29.34405
D,FPP,RESIDUAL_CF,1,"2025/05/01 18:05:00",F_T+RREG_0050,1,RAISEREG,0.95345414,0.00000000,-0.32144596,0,1.65106,2.97755,2.97755
D,FPP,RESIDUAL_CF,1,"2025/05/01 18:05:00",F_TASCAP_LREG_0210,1,LOWERREG,-0.16680937,-0.16680937,-0.28196824,0,230.98380,257.92772,257.92772
D,FPP,RESIDUAL_CF,1,"2025/05/01 18:05:00",F_TASCAP_RREG_0220,1,RAISEREG,0.00000000,0.00000000,-0.24320973,8,0.00000,0.00000,0.00000
I,FPP,RESIDUAL_PERFORMANCE,1,INTERVAL_DATETIME,REGIONID,VERSIONNO,RAISE_PERFORMANCE,RAISE_REASON_FLAG,LOWER_PERFORMANCE,LOWER_REASON_FLAG
D,FPP,RESIDUAL_PERFORMANCE,1,"2025/05/01 18:05:00",NSW1,1,,8,-30.91518,0
D,FPP,RESIDUAL_PERFORMANCE,1,"2025/05/01 18:05:00",QLD1,1,,8,-57.97944,0
D,FPP,RESIDUAL_PERFORMANCE,1,"2025/05/01 18:05:00",SA1,1,,8,37.31428,0
D,FPP,RESIDUAL_PERFORMANCE,1,"2025/05/01 18:05:00",TAS1,1,1.57421,0,-28.54089,0
D,FPP,RESIDUAL_PERFORMANCE,1,"2025/05/01 18:05:00",VIC1,1,,8,8.55558,0
I,FPP,FPP_RUN,1,INTERVAL_DATETIME,VERSIONNO,FPPRUN_DATETIME,RUN_STATUS,AUTHORISED_DATETIME
D,FPP,FPP_RUN,1,"2025/05/01 18:05:00",1,"2025/05/01 18:05:00",Completed,"2025/05/01 18:08:56"
C,"END OF REPORT",702
