C,SETP.WORLD,FPP_RUN,AEMO,PUBLIC,2025/05/02,19:39:00,0000000461622208,FPP,0000000461622208
I,FPP,CONSTRAINT_FREQ_MEASURE,1,INTERVAL_DATETIME,MEASUREMENT_DATETIME,CONSTRAINTID,VERSIONNO,BIDTYPE,FM_RAISE_HZ,FM_LOWER_HZ,USED_IN_RCR_FLAG,CORRELATION_FLAG
D,FPP,CONSTRAINT_FREQ_MEASURE,1,"2025/05/02 19:35:00","2025/05/02 19:30:04",F_I+NIL_MG_R5,1,RAISEREG,0.00000000,-0.01309309,1,0
D,FPP,CONSTRAINT_FREQ_MEASURE,1,"2025/05/02 19:35:00","2025/05/02 19:30:04",F_T+LREG_0050,1,LOWERREG,0.00000000,-0.01933862,1,0
D,FPP,CONSTRAINT_FREQ_MEASURE,1,"2025/05/02 19:35:00","2025/05/02 19:30:04",F_T+RREG_0050,1,RAISEREG,0.00000000,-0.01933862,1,0
D,FPP,CONSTRAINT_FREQ_MEASURE,1,"2025/05/02 19:35:00","2025/05/02 19:30:04",F_TASCAP_LREG_0210,1,LOWERREG,0.00000000,-0.01274280,1,0
D,FPP,CONSTRAINT_FREQ_MEASURE,1,"2025/05/02 19:35:00","2025/05/02 19:30:08",F_I+NIL_MG_R5,1,RAISEREG,0.00000000,-0.00709151,1,0
D,FPP,CONSTRAINT_FREQ_MEASURE,1,"2025/05/02 19:35:00","2025/05/02 19:30:08",F_T+LREG_0050,1,LOWERREG,0.00000000,-0.01437448,1,0
D,FPP,CONSTRAINT_FREQ_MEASURE,1,"2025/05/02 19:35:00","2025/05/02 19:30:08",F_T+RREG_0050,1,RAISEREG,0.00000000,-0.01437448,1,0
D,FPP,CONSTRAINT_FREQ_MEASURE,1,"2025/05/02 19:35:00","2025/05/02 19:30:08",F_TASCAP_LREG_0210,1,LOWERREG,0.00000000,-0.00668303,1,0
D,FPP,CONSTRAINT_FREQ_MEASURE,1,"2025/05/02 19:35:00","2025/05/02 19:30:12",F_I+NIL_MG_R5,1,RAISEREG,0.00190641,0.00000000,0,0
D,FPP,CONSTRAINT_FREQ_MEASURE,1,"2025/05/02 19:35:00","2025/05/02 19:30:12",F_T+LREG_0050,1,LOWERREG,0.00000000,-0.00473571,1,0
D,FPP,CONSTRAINT_FREQ_MEASURE,1,"2025/05/02 19:35:00","2025/05/02 19:30:12",F_T+RREG_0050,1,RAISEREG,0.00000000,-0.00473571,1,0
D,FPP,CONSTRAINT_FREQ_MEASURE,1,"2025/05/02 19:35:00","2025/05/02 19:30:12",F_TASCAP_LREG_0210,1,LOWERREG,0.00227895,0.00000000,1,0
D,FPP,CONSTRAINT_FREQ_MEASURE,1,"2025/05/02 19:35:00","2025/05/02 19:30:16",F_I+NIL_MG_R5,1,RAISEREG,0.00958695,0.00000000,1,0
D,FPP,CONSTRAINT_FREQ_MEASURE,1,"2025/05/02 19:35:00","2025/05/02 19:30:16",F_T+LREG_0050,1,LOWERREG,0.00787223,0.00000000,1,0
D,FPP,CONSTRAINT_FREQ_MEASURE,1,"2025/05/02 19:35:00","2025/05/02 19:30:16",F_T+RREG_0050,1,RAISEREG,0.00787223,0.00000000,1,0
D,FPP,CONSTRAINT_FREQ_MEASURE,1,"2025/05/02 19:35:00","2025/05/02 19:30:16",F_TASCAP_LREG_0210,1,LOWERREG,0.00968313,0.00000000,1,0
D,FPP,CONSTRAINT_FREQ_MEASURE,1,"2025/05/02 19:35:00","2025/05/02 19:30:20",F_I+NIL_MG_R5,1,RAISEREG,0.01357592,0.00000000,1,0
D,FPP,CONSTRAINT_FREQ_MEASURE,1,"2025/05/02 19:35:00","2025/05/02 19:30:20",F_T+LREG_0050,1,LOWERREG,0.02190062,0.00000000,1,0
D,FPP,CONSTRAINT_FREQ_MEASURE,1,"2025/05/02 19:35:00","2025/05/02 19:30:20",F_T+RREG_0050,1,RAISEREG,0.02190062,0.00000000,1,0
D,FPP,CONSTRAINT_FREQ_MEASURE,1,"2025/05/02 19:35:00","2025/05/02 19:30:20",F_TASCAP_LREG_0210,1,LOWERREG,0.01310901,0.00000000,1,0
D,FPP,CONSTRAINT_FREQ_MEASURE,1,"2025/05/02 19:35:00","2025/05/02 19:30:24",F_I+NIL_MG_R5,1,RAISEREG,0.01316540,0.00000000,1,0
D,FPP,CONSTRAINT_FREQ_MEASURE,1,"2025/05/02 19:35:00","2025/05/02 19:30:24",F_T+LREG_0050,1,LOWERREG,0.02903382,0.00000000,1,0
D,FPP,CONSTRAINT_FREQ_MEASURE,1,"2025/05/02 19:35:00","2025/05/02 19:30:24",F_T+RREG_0050,1,RAISEREG,0.02903382,0.00000000,1,0
D,FPP,CONSTRAINT_FREQ_MEASURE,1,"2025/05/02 19:35:00","2025/05/02 19:30:24",F_TASCAP_LREG_0210,1,LOWERREG,0.01227538,0.00000000,1,0
D,FPP,CONSTRAINT_FREQ_MEASURE,1,"2025/05/02 19:35:00","2025/05/02 19:30:28",F_I+NIL_MG_R5,1,RAISEREG,0.01192093,0.00000000,1,0
D,FPP,CONSTRAINT_FREQ_MEASURE,1,"2025/05/02 19:35:00","2025/05/02 19:30:28",F_T+LREG_0050,1,LOWERREG,0.02924853,0.00000000,1,0
D,FPP,CONSTRAINT_FREQ_MEASURE,1,"2025/05/02 19:35:00","2025/05/02 19:30:28",F_T+RREG_0050,1,RAISEREG,0.02924853,0.00000000,1,0
D,FPP,CONSTRAINT_FREQ_MEASURE,1,"2025/05/02 19:35:00","2025/05/02 19:30:28",F_TASCAP_LREG_0210,1,LOWERREG,0.01094907,0.00000000,1,0
D,FPP,CONSTRAINT_FREQ_MEASURE,1,"2025/05/02 19:35:00","2025/05/02 19:30:32",F_I+NIL_MG_R5,1,RAISEREG,0.01142958,0.00000000,1,0
D,FPP,CONSTRAINT_FREQ_MEASURE,1,"2025/05/02 19:35:00","2025/05/02 19:30:32",F_T+LREG_0050,1,LOWERREG,0.02252663,0.00000000,1,0
D,FPP,CONSTRAINT_FREQ_MEASURE,1,"2025/05/02 19:35:00","2025/05/02 19:30:32",F_T+RREG_0050,1,RAISEREG,0.02252663,0.00000000,1,0
D,FPP,CONSTRAINT_FREQ_MEASURE,1,"2025/05/02 19:35:00","2025/05/02 19:30:32",F_TASCAP_LREG_0210,1,LOWERREG,0.01080718,0.00000000,1,0
D,FPP,CONSTRAINT_FREQ_MEASURE,1,"2025/05/02 19:35:00","2025/05/02 19:30:36",F_I+NIL_MG_R5,1,RAISEREG,0.00999041,0.00000000,1,0
D,FPP,CONSTRAINT_FREQ_MEASURE,1,"2025/05/02 19:35:00","2025/05/02 19:30:36",F_T+LREG_0050,1,LOWERREG,0.01729849,0.00000000,1,0
D,FPP,CONSTRAINT_FREQ_MEASURE,1,"2025/05/02 19:35:00","2025/05/02 19:30:36",F_T+RREG_0050,1,RAISEREG,0.01729849,0.00000000,1,0
D,FPP,CONSTRAINT_FREQ_MEASURE,1,"2025/05/02 19:35:00","2025/05/02 19:30:36",F_TASCAP_LREG_0210,1,LOWERREG,0.00958052,0.00000000,1,0
D,FPP,CONSTRAINT_FREQ_MEASURE,1,"2025/05/02 19:35:00","2025/05/02 19:30:40",F_I+NIL_MG_R5,1,RAISEREG,0.00926521,0.00000000,1,0
D,FPP,CONSTRAINT_FREQ_MEASURE,1,"2025/05/02 19:35:00","2025/05/02 19:30:40",F_T+LREG_0050,1,LOWERREG,0.01967660,0.00000000,1,0
D,FPP,CONSTRAINT_FREQ_MEASURE,1,"2025/05/02 19:35:00","2025/05/02 19:30:40",F_T+RREG_0050,1,RAISEREG,0.01967660,0.00000000,1,0
D,FPP,CONSTRAINT_FREQ_MEASURE,1,"2025/05/02 19:35:00","2025/05/02 19:30:40",F_TASCAP_LREG_0210,1,LOWERREG,0.00868126,0.00000000,1,0
D,FPP,CONSTRAINT_FREQ_MEASURE,1,"2025/05/02 19:35:00","2025/05/02 19:30:44",F_I+NIL_MG_R5,1,RAISEREG,0.01011860,0.00000000,1,0
D,FPP,CONSTRAINT_FREQ_MEASURE,1,"2025/05/02 19:35:00","2025/05/02 19:30:44",F_T+LREG_0050,1,LOWERREG,0.02663736,0.00000000,1,0
D,FPP,CONSTRAINT_FREQ_MEASURE,1,"2025/05/02 19:35:00","2025/05/02 19:30:44",F_T+RREG_0050,1,RAISEREG,0.02663736,0.00000000,1,0
D,FPP,CONSTRAINT_FREQ_MEASURE,1,"2025/05/02 19:35:00","2025/05/02 19:30:44",F_TASCAP_LREG_0210,1,LOWERREG,0.00919211,0.00000000,1,0
D,FPP,CONSTRAINT_FREQ_MEASURE,1,"2025/05/02 19:35:00","2025/05/02 19:30:48",F_I+NIL_MG_R5,1,RAISEREG,0.01233146,0.00000000,1,0
D,FPP,CONSTRAINT_FREQ_MEASURE,1,"2025/05/02 19:35:00","2025/05/02 19:30:48",F_T+LREG_0050,1,LOWERREG,0.02938461,0.00000000,1,0
D,FPP,CONSTRAINT_FREQ_MEASURE,1,"2025/05/02 19:35:00","2025/05/02 19:30:48",F_T+RREG_0050,1,RAISEREG,0.02938461,0.00000000,1,0
D,FPP,CONSTRAINT_FREQ_MEASURE,1,"2025/05/02 19:35:00","2025/05/02 19:30:48",F_TASCAP_LREG_0210,1,LOWERREG,0.01137499,0.00000000,1,0
D,FPP,CONSTRAINT_FREQ_MEASURE,1,"2025/05/02 19:35:00","2025/05/02 19:30:52",F_I+NIL_MG_R5,1,RAISEREG,0.01220830,0.00000000,1,0
D,FPP,CONSTRAINT_FREQ_MEASURE,1,"2025/05/02 19:35:00","2025/05/02 19:30:52",F_T+LREG_0050,1,LOWERREG,0.02618803,0.00000000,1,0
D,FPP,CONSTRAINT_FREQ_MEASURE,1,"2025/05/02 19:35:00","2025/05/02 19:30:52",F_T+RREG_0050,1,RAISEREG,0.02618803,0.00000000,1,0
D,FPP,CONSTRAINT_FREQ_MEASURE,1,"2025/05/02 19:35:00","2025/05/02 19:30:52",F_TASCAP_LREG_0210,1,LOWERREG,0.01142421,0.00000000,1,0
D,FPP,CONSTRAINT_FREQ_MEASURE,1,"2025/05/02 19:35:00","2025/05/02 19:30:56",F_I+NIL_MG_R5,1,RAISEREG,0.01099010,0.00000000,1,0
D,FPP,CONSTRAINT_FREQ_MEASURE,1,"2025/05/02 19:35:00","2025/05/02 19:30:56",F_T+LREG_0050,1,LOWERREG,0.02259069,0.00000000,1,0
D,FPP,CONSTRAINT_FREQ_MEASURE,1,"2025/05/02 19:35:00","2025/05/02 19:30:56",F_T+RREG_0050,1,RAISEREG,0.02259069,0.00000000,1,0
D,FPP,CONSTRAINT_FREQ_MEASURE,1,"2025/05/02 19:35:00","2025/05/02 19:30:56",F_TASCAP_LREG_0210,1,LOWERREG,0.01033946,0.00000000,1,0
D,FPP,CONSTRAINT_FREQ_MEASURE,1,"2025/05/02 19:35:00","2025/05/02 19:31:00",F_I+NIL_MG_R5,1,RAISEREG,0.00849048,0.00000000,1,0
D,FPP,CONSTRAINT_FREQ_MEASURE,1,"2025/05/02 19:35:00","2025/05/02 19:31:00",F_T+LREG_0050,1,LOWERREG,0.02290387,0.00000000,1,0
D,FPP,CONSTRAINT_FREQ_MEASURE,1,"2025/05/02 19:35:00","2025/05/02 19:31:00",F_T+RREG_0050,1,RAISEREG,0.02290387,0.00000000,1,0
D,FPP,CONSTRAINT_FREQ_MEASURE,1,"2025/05/02 19:35:00","2025/05/02 19:31:00",F_TASCAP_LREG_0210,1,LOWERREG,0.00768207,0.00000000,1,0
D,FPP,CONSTRAINT_FREQ_MEASURE,1,"2025/05/02 19:35:00","2025/05/02 19:31:04",F_I+NIL_MG_R5,1,RAISEREG,0.00622603,0.00000000,1,0
D,FPP,CONSTRAINT_FREQ_MEASURE,1,"2025/05/02 19:35:00","2025/05/02 19:31:04",F_T+LREG_0050,1,LOWERREG,0.02559190,0.00000000,1,0
D,FPP,CONSTRAINT_FREQ_MEASURE,1,"2025/05/02 19:35:00","2025/05/02 19:31:04",F_T+RREG_0050,1,RAISEREG,0.02559190,0.00000000,1,0
D,FPP,CONSTRAINT_FREQ_MEASURE,1,"2025/05/02 19:35:00","2025/05/02 19:31:04",F_TASCAP_LREG_0210,1,LOWERREG,0.00513985,0.00000000,1,0
D,FPP,CONSTRAINT_FREQ_MEASURE,1,"2025/05/02 19:35:00","2025/05/02 19:31:08",F_I+NIL_MG_R5,1,RAISEREG,0.00441891,0.00000000,1,0
D,FPP,CONSTRAINT_FREQ_MEASURE,1,"2025/05/02 19:35:00","2025/05/02 19:31:08",F_T+LREG_0050,1,LOWERREG,0.02546037,0.00000000,1,0
D,FPP,CONSTRAINT_FREQ_MEASURE,1,"2025/05/02 19:35:00","2025/05/02 19:31:08",F_T+RREG_0050,1,RAISEREG,0.02546037,0.00000000,1,0
D,FPP,CONSTRAINT_FREQ_MEASURE,1,"2025/05/02 19:35:00","2025/05/02 19:31:08",F_TASCAP_LREG_0210,1,LOWERREG,0.00323875,0.00000000,1,0
D,FPP,CONSTRAINT_FREQ_MEASURE,1,"2025/05/02 19:35:00","2025/05/02 19:31:12",F_I+NIL_MG_R5,1,RAISEREG,0.00375465,0.00000000,1,0
D,FPP,CONSTRAINT_FREQ_MEASURE,1,"2025/05/02 19:35:00","2025/05/02 19:31:12",F_T+LREG_0050,1,LOWERREG,0.02335807,0.00000000,1,0
D,FPP,CONSTRAINT_FREQ_MEASURE,1,"2025/05/02 19:35:00","2025/05/02 19:31:12",F_T+RREG_0050,1,RAISEREG,0.02335807,0.00000000,1,0
D,FPP,CONSTRAINT_FREQ_MEASURE,1,"2025/05/02 19:35:00","2025/05/02 19:31:12",F_TASCAP_LREG_0210,1,LOWERREG,0.00265515,0.00000000,1,0
D,FPP,CONSTRAINT_FREQ_MEASURE,1,"2025/05/02 19:35:00","2025/05/02 19:31:16",F_I+NIL_MG_R5,1,RAISEREG,0.00454590,0.00000000,1,0
D,FPP,CONSTRAINT_FREQ_MEASURE,1,"2025/05/02 19:35:00","2025/05/02 19:31:16",F_T+LREG_0050,1,LOWERREG,0.02038961,0.00000000,1,0
D,FPP,CONSTRAINT_FREQ_MEASURE,1,"2025/05/02 19:35:00","2025/05/02 19:31:16",F_T+RREG_0050,1,RAISEREG,0.02038961,0.00000000,1,0
D,FPP,CONSTRAINT_FREQ_MEASURE,1,"2025/05/02 19:35:00","2025/05/02 19:31:16",F_TASCAP_LREG_0210,1,LOWERREG,0.00365727,0.00000000,1,0
D,FPP,CONSTRAINT_FREQ_MEASURE,1,"2025/05/02 19:35:00","2025/05/02 19:31:20",F_I+NIL_MG_R5,1,RAISEREG,0.00500228,0.00000000,1,0
D,FPP,CONSTRAINT_FREQ_MEASURE,1,"2025/05/02 19:35:00","2025/05/02 19:31:20",F_T+LREG_0050,1,LOWERREG,0.01674747,0.00000000,1,0
D,FPP,CONSTRAINT_FREQ_MEASURE,1,"2025/05/02 19:35:00","2025/05/02 19:31:20",F_T+RREG_0050,1,RAISEREG,0.01674747,0.00000000,1,0
D,FPP,CONSTRAINT_FREQ_MEASURE,1,"2025/05/02 19:35:00","2025/05/02 19:31:20",F_TASCAP_LREG_0210,1,LOWERREG,0.00434353,0.00000000,1,0
D,FPP,CONSTRAINT_FREQ_MEASURE,1,"2025/05/02 19:35:00","2025/05/02 19:31:24",F_I+NIL_MG_R5,1,RAISEREG,0.00373013,0.00000000,1,0
D,FPP,CONSTRAINT_FREQ_MEASURE,1,"2025/05/02 19:35:00","2025/05/02 19:31:24",F_T+LREG_0050,1,LOWERREG,0.01702581,0.00000000,1,0
D,FPP,CONSTRAINT_FREQ_MEASURE,1,"2025/05/02 19:35:00","2025/05/02 19:31:24",F_T+RREG_0050,1,RAISEREG,0.01702581,0.00000000,1,0
D,FPP,CONSTRAINT_FREQ_MEASURE,1,"2025/05/02 19:35:00","2025/05/02 19:31:24",F_TASCAP_LREG_0210,1,LOWERREG,0.00298441,0.00000000,1,0
D,FPP,CONSTRAINT_FREQ_MEASURE,1,"2025/05/02 19:35:00","2025/05/02 19:31:28",F_I+NIL_MG_R5,1,RAISEREG,0.00134208,0.00000000,1,0
D,FPP,CONSTRAINT_FREQ_MEASURE,1,"2025/05/02 19:35:00","2025/05/02 19:31:28",F_T+LREG_0050,1,LOWERREG,0.01924230,0.00000000,1,0
D,FPP,CONSTRAINT_FREQ_MEASURE,1,"2025/05/02 19:35:00","2025/05/02 19:31:28",F_T+RREG_0050,1,RAISEREG,0.01924230,0.00000000,1,0
D,FPP,CONSTRAINT_FREQ_MEASURE,1,"2025/05/02 19:35:00","2025/05/02 19:31:28",F_TASCAP_LREG_0210,1,LOWERREG,0.00033810,0.00000000,1,0
D,FPP,CONSTRAINT_FREQ_MEASURE,1,"2025/05/02 19:35:00","2025/05/02 19:31:32",F_I+NIL_MG_R5,1,RAISEREG,0.00146776,0.00000000,1,0
D,FPP,CONSTRAINT_FREQ_MEASURE,1,"2025/05/02 19:35:00","2025/05/02 19:31:32",F_T+LREG_0050,1,LOWERREG,0.01852179,0.00000000,1,0
D,FPP,CONSTRAINT_FREQ_MEASURE,1,"2025/05/02 19:35:00","2025/05/02 19:31:32",F_T+RREG_0050,1,RAISEREG,0.01852179,0.00000000,1,0
D,FPP,CONSTRAINT_FREQ_MEASURE,1,"2025/05/02 19:35:00","2025/05/02 19:31:32",F_TASCAP_LREG_0210,1,LOWERREG,0.00051124,0.00000000,1,0
D,FPP,CONSTRAINT_FREQ_MEASURE,1,"2025/05/02 19:35:00","2025/05/02 19:31:36",F_I+NIL_MG_R5,1,RAISEREG,0.00382685,0.00000000,1,0
D,FPP,CONSTRAINT_FREQ_MEASURE,1,"2025/05/02 19:35:00","2025/05/02 19:31:36",F_T+LREG_0050,1,LOWERREG,0.01640584,0.00000000,1,0
D,FPP,CONSTRAINT_FREQ_MEASURE,1,"2025/05/02 19:35:00","2025/05/02 19:31:36",F_T+RREG_0050,1,RAISEREG,0.01640584,0.00000000,1,0
D,FPP,CONSTRAINT_FREQ_MEASURE,1,"2025/05/02 19:35:00","2025/05/02 19:31:36",F_TASCAP_LREG_0210,1,LOWERREG,0.00312133,0.00000000,1,0
D,FPP,CONSTRAINT_FREQ_MEASURE,1,"2025/05/02 19:35:00","2025/05/02 19:31:40",F_I+NIL_MG_R5,1,RAISEREG,0.00657580,0.00000000,1,0
D,FPP,CONSTRAINT_FREQ_MEASURE,1,"2025/05/02 19:35:00","2025/05/02 19:31:40",F_T+LREG_0050,1,LOWERREG,0.01187121,0.00000000,1,0
D,FPP,CONSTRAINT_FREQ_MEASURE,1,"2025/05/02 19:35:00","2025/05/02 19:31:40",F_T+RREG_0050,1,RAISEREG,0.01187121,0.00000000,1,0
D,FPP,CONSTRAINT_FREQ_MEASURE,1,"2025/05/02 19:35:00","2025/05/02 19:31:40",F_TASCAP_LREG_0210,1,LOWERREG,0.00627880,0.00000000,1,0
D,FPP,CONSTRAINT_FREQ_MEASURE,1,"2025/05/02 19:35:00","2025/05/02 19:31:44",F_I+NIL_MG_R5,1,RAISEREG,0.00968031,0.00000000,1,0
D,FPP,CONSTRAINT_FREQ_MEASURE,1,"2025/05/02 19:35:00","2025/05/02 19:31:44",F_T+LREG_0050,1,LOWERREG,0.01145539,0.00000000,1,0
D,FPP,CONSTRAINT_FREQ_MEASURE,1,"2025/05/02 19:35:00","2025/05/02 19:31:44",F_T+RREG_0050,1,RAISEREG,0.01145539,0.00000000,1,0
D,FPP,CONSTRAINT_FREQ_MEASURE,1,"2025/05/02 19:35:00","2025/05/02 19:31:44",F_TASCAP_LREG_0210,1,LOWERREG,0.00958075,0.00000000,1,0
D,FPP,CONSTRAINT_FREQ_MEASURE,1,"2025/05/02 19:35:00","2025/05/02 19:31:48",F_I+NIL_MG_R5,1,RAISEREG,0.01219667,0.00000000,1,0
D,FPP,CONSTRAINT_FREQ_MEASURE,1,"2025/05/02 19:35:00","2025/05/02 19:31:48",F_T+LREG_0050,1,LOWERREG,0.01535419,0.00000000,1,0
D,FPP,CONSTRAINT_FREQ_MEASURE,1,"2025/05/02 19:35:00","2025/05/02 19:31:48",F_T+RREG_0050,1,RAISEREG,0.01535419,0.00000000,1,0
D,FPP,CONSTRAINT_FREQ_MEASURE,1,"2025/05/02 19:35:00","2025/05/02 19:31:48",F_TASCAP_LREG_0210,1,LOWERREG,0.01201957,0.00000000,1,0
D,FPP,CONSTRAINT_FREQ_MEASURE,1,"2025/05/02 19:35:00","2025/05/02 19:31:52",F_I+NIL_MG_R5,1,RAISEREG,0.01344592,0.00000000,1,0
D,FPP,CONSTRAINT_FREQ_MEASURE,1,"2025/05/02 19:35:00","2025/05/02 19:31:52",F_T+LREG_0050,1,LOWERREG,0.02171993,0.00000000,1,0
D,FPP,CONSTRAINT_FREQ_MEASURE,1,"2025/05/02 19:35:00","2025/05/02 19:31:52",F_T+RREG_0050,1,RAISEREG,0.02171993,0.00000000,1,0
D,FPP,CONSTRAINT_FREQ_MEASURE,1,"2025/05/02 19:35:00","2025/05/02 19:31:52",F_TASCAP_LREG_0210,1,LOWERREG,0.01298185,0.00000000,1,0
D,FPP,CONSTRAINT_FREQ_MEASURE,1,"2025/05/02 19:35:00","2025/05/02 19:31:56",F_I+NIL_MG_R5,1,RAISEREG,0.01309953,0.00000000,1,0
D,FPP,CONSTRAINT_FREQ_MEASURE,1,"2025/05/02 19:35:00","2025/05/02 19:31:56",F_T+LREG_0050,1,LOWERREG,0.02889328,0.00000000,1,0
D,FPP,CONSTRAINT_FREQ_MEASURE,1,"2025/05/02 19:35:00","2025/05/02 19:31:56",F_T+RREG_0050,1,RAISEREG,0.02889328,0.00000000,1,0
D,FPP,CONSTRAINT_FREQ_MEASURE,1,"2025/05/02 19:35:00","2025/05/02 19:31:56",F_TASCAP_LREG_0210,1,LOWERREG,0.01221370,0.00000000,1,0
D,FPP,CONSTRAINT_FREQ_MEASURE,1,"2025/05/02 19:35:00","2025/05/02 19:32:00",F_I+NIL_MG_R5,1,RAISEREG,0.01156376,0.00000000,1,0
D,FPP,CONSTRAINT_FREQ_MEASURE,1,"2025/05/02 19:35:00","2025/05/02 19:32:00",F_T+LREG_0050,1,LOWERREG,0.03358366,0.00000000,1,0
D,FPP,CONSTRAINT_FREQ_MEASURE,1,"2025/05/02 19:35:00","2025/05/02 19:32:00",F_T+RREG_0050,1,RAISEREG,0.03358366,0.00000000,1,0
D,FPP,CONSTRAINT_FREQ_MEASURE,1,"2025/05/02 19:35:00","2025/05/02 19:32:00",F_TASCAP_LREG_0210,1,LOWERREG,0.01032873,0.00000000,1,0
D,FPP,CONSTRAINT_FREQ_MEASURE,1,"2025/05/02 19:35:00","2025/05/02 19:32:04",F_I+NIL_MG_R5,1,RAISEREG,0.00926205,0.00000000,1,0
D,FPP,CONSTRAINT_FREQ_MEASURE,1,"2025/05/02 19:35:00","2025/05/02 19:32:04",F_T+LREG_0050,1,LOWERREG,0.03412062,0.00000000,1,0
D,FPP,CONSTRAINT_FREQ_MEASURE,1,"2025/05/02 19:35:00","2025/05/02 19:32:04",F_T+RREG_0050,1,RAISEREG,0.03412062,0.00000000,1,0
D,FPP,CONSTRAINT_FREQ_MEASURE,1,"2025/05/02 19:35:00","2025/05/02 19:32:04",F_TASCAP_LREG_0210,1,LOWERREG,0.00786780,0.00000000,1,0
D,FPP,CONSTRAINT_FREQ_MEASURE,1,"2025/05/02 19:35:00","2025/05/02 19:32:08",F_I+NIL_MG_R5,1,RAISEREG,0.00885793,0.00000000,1,0
D,FPP,CONSTRAINT_FREQ_MEASURE,1,"2025/05/02 19:35:00","2025/05/02 19:32:08",F_T+LREG_0050,1,LOWERREG,0.03342715,0.00000000,1,0
D,FPP,CONSTRAINT_FREQ_MEASURE,1,"2025/05/02 19:35:00","2025/05/02 19:32:08",F_T+RREG_0050,1,RAISEREG,0.03342715,0.00000000,1,0
D,FPP,CONSTRAINT_FREQ_MEASURE,1,"2025/05/02 19:35:00","2025/05/02 19:32:08",F_TASCAP_LREG_0210,1,LOWERREG,0.00747991,0.00000000,1,0
D,FPP,CONSTRAINT_FREQ_MEASURE,1,"2025/05/02 19:35:00","2025/05/02 19:32:12",F_I+NIL_MG_R5,1,RAISEREG,0.01090589,0.00000000,1,0
D,FPP,CONSTRAINT_FREQ_MEASURE,1,"2025/05/02 19:35:00","2025/05/02 19:32:12",F_T+LREG_0050,1,LOWERREG,0.03222112,0.00000000,1,0
D,FPP,CONSTRAINT_FREQ_MEASURE,1,"2025/05/02 19:35:00","2025/05/02 19:32:12",F_T+RREG_0050,1,RAISEREG,0.03222112,0.00000000,1,0
D,FPP,CONSTRAINT_FREQ_MEASURE,1,"2025/05/02 19:35:00","2025/05/02 19:32:12",F_TASCAP_LREG_0210,1,LOWERREG,0.00971038,0.00000000,1,0
D,FPP,CONSTRAINT_FREQ_MEASURE,1,"2025/05/02 19:35:00","2025/05/02 19:32:16",F_I+NIL_MG_R5,1,RAISEREG,0.01377166,0.00000000,1,0
D,FPP,CONSTRAINT_FREQ_MEASURE,1,"2025/05/02 19:35:00","2025/05/02 19:32:16",F_T+LREG_0050,1,LOWERREG,0.03128309,0.00000000,1,0
D,FPP,CONSTRAINT_FREQ_MEASURE,1,"2025/05/02 19:35:00","2025/05/02 19:32:16",F_T+RREG_0050,1,RAISEREG,0.03128309,0.00000000,1,0
D,FPP,CONSTRAINT_FREQ_MEASURE,1,"2025/05/02 19:35:00","2025/05/02 19:32:16",F_TASCAP_LREG_0210,1,LOWERREG,0.01278949,0.00000000,1,0
D,FPP,CONSTRAINT_FREQ_MEASURE,1,"2025/05/02 19:35:00","2025/05/02 19:32:20",F_I+NIL_MG_R5,1,RAISEREG,0.01556255,0.00000000,1,0
D,FPP,CONSTRAINT_FREQ_MEASURE,1,"2025/05/02 19:35:00","2025/05/02 19:32:20",F_T+LREG_0050,1,LOWERREG,0.03055351,0.00000000,1,0
D,FPP,CONSTRAINT_FREQ_MEASURE,1,"2025/05/02 19:35:00","2025/05/02 19:32:20",F_T+RREG_0050,1,RAISEREG,0.03055351,0.00000000,1,0
D,FPP,CONSTRAINT_FREQ_MEASURE,1,"2025/05/02 19:35:00","2025/05/02 19:32:20",F_TASCAP_LREG_0210,1,LOWERREG,0.01472174,0.00000000,1,0
D,FPP,CONSTRAINT_FREQ_MEASURE,1,"2025/05/02 19:35:00","2025/05/02 19:32:24",F_I+NIL_MG_R5,1,RAISEREG,0.01530517,0.00000000,1,0
D,FPP,CONSTRAINT_FREQ_MEASURE,1,"2025/05/02 19:35:00","2025/05/02 19:32:24",F_T+LREG_0050,1,LOWERREG,0.02731940,0.00000000,1,0
D,FPP,CONSTRAINT_FREQ_MEASURE,1,"2025/05/02 19:35:00","2025/05/02 19:32:24",F_T+RREG_0050,1,RAISEREG,0.02731940,0.00000000,1,0
D,FPP,CONSTRAINT_FREQ_MEASURE,1,"2025/05/02 19:35:00","2025/05/02 19:32:24",F_TASCAP_LREG_0210,1,LOWERREG,0.01463133,0.00000000,1,0
D,FPP,CONSTRAINT_FREQ_MEASURE,1,"2025/05/02 19:35:00","2025/05/02 19:32:28",F_I+NIL_MG_R5,1,RAISEREG,0.01337359,0.00000000,1,0
D,FPP,CONSTRAINT_FREQ_MEASURE,1,"2025/05/02 19:35:00","2025/05/02 19:32:28",F_T+LREG_0050,1,LOWERREG,0.02702620,0.00000000,1,0
D,FPP,CONSTRAINT_FREQ_MEASURE,1,"2025/05/02 19:35:00","2025/05/02 19:32:28",F_T+RREG_0050,1,RAISEREG,0.02702620,0.00000000,1,0
D,FPP,CONSTRAINT_FREQ_MEASURE,1,"2025/05/02 19:35:00","2025/05/02 19:32:28",F_TASCAP_LREG_0210,1,LOWERREG,0.01260785,0.00000000,1,0
D,FPP,CONSTRAINT_FREQ_MEASURE,1,"2025/05/02 19:35:00","2025/05/02 19:32:32",F_I+NIL_MG_R5,1,RAISEREG,0.00845511,0.00000000,1,0
D,FPP,CONSTRAINT_FREQ_MEASURE,1,"2025/05/02 19:35:00","2025/05/02 19:32:32",F_T+LREG_0050,1,LOWERREG,0.03079816,0.00000000,1,0
D,FPP,CONSTRAINT_FREQ_MEASURE,1,"2025/05/02 19:35:00","2025/05/02 19:32:32",F_T+RREG_0050,1,RAISEREG,0.03079816,0.00000000,1,0
D,FPP,CONSTRAINT_FREQ_MEASURE,1,"2025/05/02 19:35:00","2025/05/02 19:32:32",F_TASCAP_LREG_0210,1,LOWERREG,0.00720195,0.00000000,1,0
D,FPP,CONSTRAINT_FREQ_MEASURE,1,"2025/05/02 19:35:00","2025/05/02 19:32:36",F_I+NIL_MG_R5,1,RAISEREG,0.00569089,0.00000000,1,0
D,FPP,CONSTRAINT_FREQ_MEASURE,1,"2025/05/02 19:35:00","2025/05/02 19:32:36",F_T+LREG_0050,1,LOWERREG,0.03373190,0.00000000,1,0
D,FPP,CONSTRAINT_FREQ_MEASURE,1,"2025/05/02 19:35:00","2025/05/02 19:32:36",F_T+RREG_0050,1,RAISEREG,0.03373190,0.00000000,1,0
D,FPP,CONSTRAINT_FREQ_MEASURE,1,"2025/05/02 19:35:00","2025/05/02 19:32:36",F_TASCAP_LREG_0210,1,LOWERREG,0.00411814,0.00000000,1,0
D,FPP,CONSTRAINT_FREQ_MEASURE,1,"2025/05/02 19:35:00","2025/05/02 19:32:40",F_I+NIL_MG_R5,1,RAISEREG,0.00704433,0.00000000,1,0
D,FPP,CONSTRAINT_FREQ_MEASURE,1,"2025/05/02 19:35:00","2025/05/02 19:32:40",F_T+LREG_0050,1,LOWERREG,0.02734703,0.00000000,1,0
D,FPP,CONSTRAINT_FREQ_MEASURE,1,"2025/05/02 19:35:00","2025/05/02 19:32:40",F_T+RREG_0050,1,RAISEREG,0.02734703,0.00000000,1,0
D,FPP,CONSTRAINT_FREQ_MEASURE,1,"2025/05/02 19:35:00","2025/05/02 19:32:40",F_TASCAP_LREG_0210,1,LOWERREG,0.00590561,0.00000000,1,0
D,FPP,CONSTRAINT_FREQ_MEASURE,1,"2025/05/02 19:35:00","2025/05/02 19:32:44",F_I+NIL_MG_R5,1,RAISEREG,0.00971842,0.00000000,1,0
D,FPP,CONSTRAINT_FREQ_MEASURE,1,"2025/05/02 19:35:00","2025/05/02 19:32:44",F_T+LREG_0050,1,LOWERREG,0.01682547,0.00000000,1,0
D,FPP,CONSTRAINT_FREQ_MEASURE,1,"2025/05/02 19:35:00","2025/05/02 19:32:44",F_T+RREG_0050,1,RAISEREG,0.01682547,0.00000000,1,0
D,FPP,CONSTRAINT_FREQ_MEASURE,1,"2025/05/02 19:35:00","2025/05/02 19:32:44",F_TASCAP_LREG_0210,1,LOWERREG,0.00931981,0.00000000,1,0
D,FPP,CONSTRAINT_FREQ_MEASURE,1,"2025/05/02 19:35:00","2025/05/02 19:32:48",F_I+NIL_MG_R5,1,RAISEREG,0.01237161,0.00000000,1,0
D,FPP,CONSTRAINT_FREQ_MEASURE,1,"2025/05/02 19:35:00","2025/05/02 19:32:48",F_T+LREG_0050,1,LOWERREG,0.01375314,0.00000000,1,0
D,FPP,CONSTRAINT_FREQ_MEASURE,1,"2025/05/02 19:35:00","2025/05/02 19:32:48",F_T+RREG_0050,1,RAISEREG,0.01375314,0.00000000,1,0
D,FPP,CONSTRAINT_FREQ_MEASURE,1,"2025/05/02 19:35:00","2025/05/02 19:32:48",F_TASCAP_LREG_0210,1,LOWERREG,0.01229412,0.00000000,1,0
D,FPP,CONSTRAINT_FREQ_MEASURE,1,"2025/05/02 19:35:00","2025/05/02 19:32:52",F_I+NIL_MG_R5,1,RAISEREG,0.01231934,0.00000000,1,0
D,FPP,CONSTRAINT_FREQ_MEASURE,1,"2025/05/02 19:35:00","2025/05/02 19:32:52",F_T+LREG_0050,1,LOWERREG,0.02291911,0.00000000,1,0
D,FPP,CONSTRAINT_FREQ_MEASURE,1,"2025/05/02 19:35:00","2025/05/02 19:32:52",F_T+RREG_0050,1,RAISEREG,0.02291911,0.00000000,1,0
D,FPP,CONSTRAINT_FREQ_MEASURE,1,"2025/05/02 19:35:00","2025/05/02 19:32:52",F_TASCAP_LREG_0210,1,LOWERREG,0.01172483,0.00000000,1,0
D,FPP,CONSTRAINT_FREQ_MEASURE,1,"2025/05/02 19:35:00","2025/05/02 19:32:56",F_I+NIL_MG_R5,1,RAISEREG,0.01013318,0.00000000,1,0
D,FPP,CONSTRAINT_FREQ_MEASURE,1,"2025/05/02 19:35:00","2025/05/02 19:32:56",F_T+LREG_0050,1,LOWERREG,0.02915931,0.00000000,1,0
D,FPP,CONSTRAINT_FREQ_MEASURE,1,"2025/05/02 19:35:00","2025/05/02 19:32:56",F_T+RREG_0050,1,RAISEREG,0.02915931,0.00000000,1,0
D,FPP,CONSTRAINT_FREQ_MEASURE,1,"2025/05/02 19:35:00","2025/05/02 19:32:56",F_TASCAP_LREG_0210,1,LOWERREG,0.00906606,0.00000000,1,0
D,FPP,CONSTRAINT_FREQ_MEASURE,1,"2025/05/02 19:35:00","2025/05/02 19:33:00",F_I+NIL_MG_R5,1,RAISEREG,0.00731664,0.00000000,1,0
D,FPP,CONSTRAINT_FREQ_MEASURE,1,"2025/05/02 19:35:00","2025/05/02 19:33:00",F_T+LREG_0050,1,LOWERREG,0.02445724,0.00000000,1,0
D,FPP,CONSTRAINT_FREQ_MEASURE,1,"2025/05/02 19:35:00","2025/05/02 19:33:00",F_T+RREG_0050,1,RAISEREG,0.02445724,0.00000000,1,0
D,FPP,CONSTRAINT_FREQ_MEASURE,1,"2025/05/02 19:35:00","2025/05/02 19:33:00",F_TASCAP_LREG_0210,1,LOWERREG,0.00635527,0.00000000,1,0
D,FPP,CONSTRAINT_FREQ_MEASURE,1,"2025/05/02 19:35:00","2025/05/02 19:33:04",F_I+NIL_MG_R5,1,RAISEREG,0.00558101,0.00000000,1,0
D,FPP,CONSTRAINT_FREQ_MEASURE,1,"2025/05/02 19:35:00","2025/05/02 19:33:04",F_T+LREG_0050,1,LOWERREG,0.01524452,0.00000000,1,0
D,FPP,CONSTRAINT_FREQ_MEASURE,1,"2025/05/02 19:35:00","2025/05/02 19:33:04",F_T+RREG_0050,1,RAISEREG,0.01524452,0.00000000,1,0
D,FPP,CONSTRAINT_FREQ_MEASURE,1,"2025/05/02 19:35:00","2025/05/02 19:33:04",F_TASCAP_LREG_0210,1,LOWERREG,0.00503901,0.00000000,1,0
D,FPP,CONSTRAINT_FREQ_MEASURE,1,"2025/05/02 19:35:00","2025/05/02 19:33:08",F_I+NIL_MG_R5,1,RAISEREG,0.00399658,0.00000000,1,0
D,FPP,CONSTRAINT_FREQ_MEASURE,1,"2025/05/02 19:35:00","2025/05/02 19:33:08",F_T+LREG_0050,1,LOWERREG,0.01119018,0.00000000,1,0
D,FPP,CONSTRAINT_FREQ_MEASURE,1,"2025/05/02 19:35:00","2025/05/02 19:33:08",F_T+RREG_0050,1,RAISEREG,0.01119018,0.00000000,1,0
D,FPP,CONSTRAINT_FREQ_MEASURE,1,"2025/05/02 19:35:00","2025/05/02 19:33:08",F_TASCAP_LREG_0210,1,LOWERREG,0.00359311,0.00000000,1,0
D,FPP,CONSTRAINT_FREQ_MEASURE,1,"2025/05/02 19:35:00","2025/05/02 19:33:12",F_I+NIL_MG_R5,1,RAISEREG,0.00315885,0.00000000,1,0
D,FPP,CONSTRAINT_FREQ_MEASURE,1,"2025/05/02 19:35:00","2025/05/02 19:33:12",F_T+LREG_0050,1,LOWERREG,0.00981458,0.00000000,1,0
D,FPP,CONSTRAINT_FREQ_MEASURE,1,"2025/05/02 19:35:00","2025/05/02 19:33:12",F_T+RREG_0050,1,RAISEREG,0.00981458,0.00000000,1,0
D,FPP,CONSTRAINT_FREQ_MEASURE,1,"2025/05/02 19:35:00","2025/05/02 19:33:12",F_TASCAP_LREG_0210,1,LOWERREG,0.00278555,0.00000000,1,0
D,FPP,CONSTRAINT_FREQ_MEASURE,1,"2025/05/02 19:35:00","2025/05/02 19:33:16",F_I+NIL_MG_R5,1,RAISEREG,0.00202744,0.00000000,1,0
D,FPP,CONSTRAINT_FREQ_MEASURE,1,"2025/05/02 19:35:00","2025/05/02 19:33:16",F_T+LREG_0050,1,LOWERREG,0.00918912,0.00000000,1,0
D,FPP,CONSTRAINT_FREQ_MEASURE,1,"2025/05/02 19:35:00","2025/05/02 19:33:16",F_T+RREG_0050,1,RAISEREG,0.00918912,0.00000000,1,0
D,FPP,CONSTRAINT_FREQ_MEASURE,1,"2025/05/02 19:35:00","2025/05/02 19:33:16",F_TASCAP_LREG_0210,1,LOWERREG,0.00162576,0.00000000,1,0
D,FPP,CONSTRAINT_FREQ_MEASURE,1,"2025/05/02 19:35:00","2025/05/02 19:33:20",F_I+NIL_MG_R5,1,RAISEREG,0.00000000,-0.00022318,0,0
D,FPP,CONSTRAINT_FREQ_MEASURE,1,"2025/05/02 19:35:00","2025/05/02 19:33:20",F_T+LREG_0050,1,LOWERREG,0.00448043,0.00000000,1,0
D,FPP,CONSTRAINT_FREQ_MEASURE,1,"2025/05/02 19:35:00","2025/05/02 19:33:20",F_T+RREG_0050,1,RAISEREG,0.00448043,0.00000000,1,0
D,FPP,CONSTRAINT_FREQ_MEASURE,1,"2025/05/02 19:35:00","2025/05/02 19:33:20",F_TASCAP_LREG_0210,1,LOWERREG,0.00000000,-0.00048699,1,0
D,FPP,CONSTRAINT_FREQ_MEASURE,1,"2025/05/02 19:35:00","2025/05/02 19:33:24",F_I+NIL_MG_R5,1,RAISEREG,0.00000000,-0.00390706,1,0
D,FPP,CONSTRAINT_FREQ_MEASURE,1,"2025/05/02 19:35:00","2025/05/02 19:33:24",F_T+LREG_0050,1,LOWERREG,0.00000000,-0.00607078,1,0
D,FPP,CONSTRAINT_FREQ_MEASURE,1,"2025/05/02 19:35:00","2025/05/02 19:33:24",F_T+RREG_0050,1,RAISEREG,0.00000000,-0.00607078,1,0
D,FPP,CONSTRAINT_FREQ_MEASURE,1,"2025/05/02 19:35:00","2025/05/02 19:33:24",F_TASCAP_LREG_0210,1,LOWERREG,0.00000000,-0.00378571,1,0
D,FPP,CONSTRAINT_FREQ_MEASURE,1,"2025/05/02 19:35:00","2025/05/02 19:33:28",F_I+NIL_MG_R5,1,RAISEREG,0.00000000,-0.00596501,1,0
D,FPP,CONSTRAINT_FREQ_MEASURE,1,"2025/05/02 19:35:00","2025/05/02 19:33:28",F_T+LREG_0050,1,LOWERREG,0.00000000,-0.01316616,1,0
D,FPP,CONSTRAINT_FREQ_MEASURE,1,"2025/05/02 19:35:00","2025/05/02 19:33:28",F_T+RREG_0050,1,RAISEREG,0.00000000,-0.01316616,1,0
D,FPP,CONSTRAINT_FREQ_MEASURE,1,"2025/05/02 19:35:00","2025/05/02 19:33:28",F_TASCAP_LREG_0210,1,LOWERREG,0.00000000,-0.00556111,1,0
D,FPP,CONSTRAINT_FREQ_MEASURE,1,"2025/05/02 19:35:00","2025/05/02 19:33:32",F_I+NIL_MG_R5,1,RAISEREG,0.00000000,-0.00692139,1,0
D,FPP,CONSTRAINT_FREQ_MEASURE,1,"2025/05/02 19:35:00","2025/05/02 19:33:32",F_T+LREG_0050,1,LOWERREG,0.00000000,-0.01512924,1,0
D,FPP,CONSTRAINT_FREQ_MEASURE,1,"2025/05/02 19:35:00","2025/05/02 19:33:32",F_T+RREG_0050,1,RAISEREG,0.00000000,-0.01512924,1,0
D,FPP,CONSTRAINT_FREQ_MEASURE,1,"2025/05/02 19:35:00","2025/05/02 19:33:32",F_TASCAP_LREG_0210,1,LOWERREG,0.00000000,-0.00646103,1,0
D,FPP,CONSTRAINT_FREQ_MEASURE,1,"2025/05/02 19:35:00","2025/05/02 19:33:36",F_I+NIL_MG_R5,1,RAISEREG,0.00000000,-0.00857164,1,0
D,FPP,CONSTRAINT_FREQ_MEASURE,1,"2025/05/02 19:35:00","2025/05/02 19:33:36",F_T+LREG_0050,1,LOWERREG,0.00000000,-0.01932274,1,0
D,FPP,CONSTRAINT_FREQ_MEASURE,1,"2025/05/02 19:35:00","2025/05/02 19:33:36",F_T+RREG_0050,1,RAISEREG,0.00000000,-0.01932274,1,0
D,FPP,CONSTRAINT_FREQ_MEASURE,1,"2025/05/02 19:35:00","2025/05/02 19:33:36",F_TASCAP_LREG_0210,1,LOWERREG,0.00000000,-0.00796865,1,0
D,FPP,CONSTRAINT_FREQ_MEASURE,1,"2025/05/02 19:35:00","2025/05/02 19:33:40",F_I+NIL_MG_R5,1,RAISEREG,0.00000000,-0.00986167,1,0
D,FPP,CONSTRAINT_FREQ_MEASURE,1,"2025/05/02 19:35:00","2025/05/02 19:33:40",F_T+LREG_0050,1,LOWERREG,0.00000000,-0.02258435,1,0
D,FPP,CONSTRAINT_FREQ_MEASURE,1,"2025/05/02 19:35:00","2025/05/02 19:33:40",F_T+RREG_0050,1,RAISEREG,0.00000000,-0.02258435,1,0
D,FPP,CONSTRAINT_FREQ_MEASURE,1,"2025/05/02 19:35:00","2025/05/02 19:33:40",F_TASCAP_LREG_0210,1,LOWERREG,0.00000000,-0.00914809,1,0
D,FPP,CONSTRAINT_FREQ_MEASURE,1,"2025/05/02 19:35:00","2025/05/02 19:33:44",F_I+NIL_MG_R5,1,RAISEREG,0.00000000,-0.01024947,1,0
D,FPP,CONSTRAINT_FREQ_MEASURE,1,"2025/05/02 19:35:00","2025/05/02 19:33:44",F_T+LREG_0050,1,LOWERREG,0.00000000,-0.01912116,1,0
D,FPP,CONSTRAINT_FREQ_MEASURE,1,"2025/05/02 19:35:00","2025/05/02 19:33:44",F_T+RREG_0050,1,RAISEREG,0.00000000,-0.01912116,1,0
D,FPP,CONSTRAINT_FREQ_MEASURE,1,"2025/05/02 19:35:00","2025/05/02 19:33:44",F_TASCAP_LREG_0210,1,LOWERREG,0.00000000,-0.00975189,1,0
D,FPP,CONSTRAINT_FREQ_MEASURE,1,"2025/05/02 19:35:00","2025/05/02 19:33:48",F_I+NIL_MG_R5,1,RAISEREG,0.00000000,-0.00700525,1,0
D,FPP,CONSTRAINT_FREQ_MEASURE,1,"2025/05/02 19:35:00","2025/05/02 19:33:48",F_T+LREG_0050,1,LOWERREG,0.00000000,-0.01087201,1,0
D,FPP,CONSTRAINT_FREQ_MEASURE,1,"2025/05/02 19:35:00","2025/05/02 19:33:48",F_T+RREG_0050,1,RAISEREG,0.00000000,-0.01087201,1,0
D,FPP,CONSTRAINT_FREQ_MEASURE,1,"2025/05/02 19:35:00","2025/05/02 19:33:48",F_TASCAP_LREG_0210,1,LOWERREG,0.00000000,-0.00678838,1,0
D,FPP,CONSTRAINT_FREQ_MEASURE,1,"2025/05/02 19:35:00","2025/05/02 19:33:52",F_I+NIL_MG_R5,1,RAISEREG,0.00000000,-0.00252763,1,0
D,FPP,CONSTRAINT_FREQ_MEASURE,1,"2025/05/02 19:35:00","2025/05/02 19:33:52",F_T+LREG_0050,1,LOWERREG,0.00000000,-0.00556712,1,0
D,FPP,CONSTRAINT_FREQ_MEASURE,1,"2025/05/02 19:35:00","2025/05/02 19:33:52",F_T+RREG_0050,1,RAISEREG,0.00000000,-0.00556712,1,0
D,FPP,CONSTRAINT_FREQ_MEASURE,1,"2025/05/02 19:35:00","2025/05/02 19:33:52",F_TASCAP_LREG_0210,1,LOWERREG,0.00000000,-0.00235715,1,0
D,FPP,CONSTRAINT_FREQ_MEASURE,1,"2025/05/02 19:35:00","2025/05/02 19:33:56",F_I+NIL_MG_R5,1,RAISEREG,0.00254773,0.00000000,0,0
D,FPP,CONSTRAINT_FREQ_MEASURE,1,"2025/05/02 19:35:00","2025/05/02 19:33:56",F_T+LREG_0050,1,LOWERREG,0.00000000,-0.00344109,1,0
D,FPP,CONSTRAINT_FREQ_MEASURE,1,"2025/05/02 19:35:00","2025/05/02 19:33:56",F_T+RREG_0050,1,RAISEREG,0.00000000,-0.00344109,1,0
D,FPP,CONSTRAINT_FREQ_MEASURE,1,"2025/05/02 19:35:00","2025/05/02 19:33:56",F_TASCAP_LREG_0210,1,LOWERREG,0.00288363,0.00000000,1,0
D,FPP,CONSTRAINT_FREQ_MEASURE,1,"2025/05/02 19:35:00","2025/05/02 19:34:00",F_I+NIL_MG_R5,1,RAISEREG,0.00777990,0.00000000,0,0
D,FPP,CONSTRAINT_FREQ_MEASURE,1,"2025/05/02 19:35:00","2025/05/02 19:34:00",F_T+LREG_0050,1,LOWERREG,0.00000000,-0.00489863,1,0
D,FPP,CONSTRAINT_FREQ_MEASURE,1,"2025/05/02 19:35:00","2025/05/02 19:34:00",F_T+RREG_0050,1,RAISEREG,0.00000000,-0.00489863,1,0
D,FPP,CONSTRAINT_FREQ_MEASURE,1,"2025/05/02 19:35:00","2025/05/02 19:34:00",F_TASCAP_LREG_0210,1,LOWERREG,0.00849101,0.00000000,1,0
D,FPP,CONSTRAINT_FREQ_MEASURE,1,"2025/05/02 19:35:00","2025/05/02 19:34:04",F_I+NIL_MG_R5,1,RAISEREG,0.01186256,0.00000000,0,0
D,FPP,CONSTRAINT_FREQ_MEASURE,1,"2025/05/02 19:35:00","2025/05/02 19:34:04",F_T+LREG_0050,1,LOWERREG,0.00000000,-0.00269893,1,0
D,FPP,CONSTRAINT_FREQ_MEASURE,1,"2025/05/02 19:35:00","2025/05/02 19:34:04",F_T+RREG_0050,1,RAISEREG,0.00000000,-0.00269893,1,0
D,FPP,CONSTRAINT_FREQ_MEASURE,1,"2025/05/02 19:35:00","2025/05/02 19:34:04",F_TASCAP_LREG_0210,1,LOWERREG,0.01267928,0.00000000,1,0
D,FPP,CONSTRAINT_FREQ_MEASURE,1,"2025/05/02 19:35:00","2025/05/02 19:34:08",F_I+NIL_MG_R5,1,RAISEREG,0.01289190,0.00000000,1,0
D,FPP,CONSTRAINT_FREQ_MEASURE,1,"2025/05/02 19:35:00","2025/05/02 19:34:08",F_T+LREG_0050,1,LOWERREG,0.00323417,0.00000000,1,0
D,FPP,CONSTRAINT_FREQ_MEASURE,1,"2025/05/02 19:35:00","2025/05/02 19:34:08",F_T+RREG_0050,1,RAISEREG,0.00323417,0.00000000,1,0
D,FPP,CONSTRAINT_FREQ_MEASURE,1,"2025/05/02 19:35:00","2025/05/02 19:34:08",F_TASCAP_LREG_0210,1,LOWERREG,0.01343358,0.00000000,1,0
D,FPP,CONSTRAINT_FREQ_MEASURE,1,"2025/05/02 19:35:00","2025/05/02 19:34:12",F_I+NIL_MG_R5,1,RAISEREG,0.01270369,0.00000000,1,0
D,FPP,CONSTRAINT_FREQ_MEASURE,1,"2025/05/02 19:35:00","2025/05/02 19:34:12",F_T+LREG_0050,1,LOWERREG,0.00895991,0.00000000,1,0
D,FPP,CONSTRAINT_FREQ_MEASURE,1,"2025/05/02 19:35:00","2025/05/02 19:34:12",F_T+RREG_0050,1,RAISEREG,0.00895991,0.00000000,1,0
D,FPP,CONSTRAINT_FREQ_MEASURE,1,"2025/05/02 19:35:00","2025/05/02 19:34:12",F_TASCAP_LREG_0210,1,LOWERREG,0.01291367,0.00000000,1,0
D,FPP,CONSTRAINT_FREQ_MEASURE,1,"2025/05/02 19:35:00","2025/05/02 19:34:16",F_I+NIL_MG_R5,1,RAISEREG,0.01301593,0.00000000,1,0
D,FPP,CONSTRAINT_FREQ_MEASURE,1,"2025/05/02 19:35:00","2025/05/02 19:34:16",F_T+LREG_0050,1,LOWERREG,0.01030215,0.00000000,1,0
D,FPP,CONSTRAINT_FREQ_MEASURE,1,"2025/05/02 19:35:00","2025/05/02 19:34:16",F_T+RREG_0050,1,RAISEREG,0.01030215,0.00000000,1,0
D,FPP,CONSTRAINT_FREQ_MEASURE,1,"2025/05/02 19:35:00","2025/05/02 19:34:16",F_TASCAP_LREG_0210,1,LOWERREG,0.01316814,0.00000000,1,0
D,FPP,CONSTRAINT_FREQ_MEASURE,1,"2025/05/02 19:35:00","2025/05/02 19:34:20",F_I+NIL_MG_R5,1,RAISEREG,0.01425801,0.00000000,1,0
D,FPP,CONSTRAINT_FREQ_MEASURE,1,"2025/05/02 19:35:00","2025/05/02 19:34:20",F_T+LREG_0050,1,LOWERREG,0.00779056,0.00000000,1,0
D,FPP,CONSTRAINT_FREQ_MEASURE,1,"2025/05/02 19:35:00","2025/05/02 19:34:20",F_T+RREG_0050,1,RAISEREG,0.00779056,0.00000000,1,0
D,FPP,CONSTRAINT_FREQ_MEASURE,1,"2025/05/02 19:35:00","2025/05/02 19:34:20",F_TASCAP_LREG_0210,1,LOWERREG,0.01462076,0.00000000,1,0
D,FPP,CONSTRAINT_FREQ_MEASURE,1,"2025/05/02 19:35:00","2025/05/02 19:34:24",F_I+NIL_MG_R5,1,RAISEREG,0.01534178,0.00000000,1,0
D,FPP,CONSTRAINT_FREQ_MEASURE,1,"2025/05/02 19:35:00","2025/05/02 19:34:24",F_T+LREG_0050,1,LOWERREG,0.00339266,0.00000000,1,0
D,FPP,CONSTRAINT_FREQ_MEASURE,1,"2025/05/02 19:35:00","2025/05/02 19:34:24",F_T+RREG_0050,1,RAISEREG,0.00339266,0.00000000,1,0
D,FPP,CONSTRAINT_FREQ_MEASURE,1,"2025/05/02 19:35:00","2025/05/02 19:34:24",F_TASCAP_LREG_0210,1,LOWERREG,0.01601198,0.00000000,1,0
D,FPP,CONSTRAINT_FREQ_MEASURE,1,"2025/05/02 19:35:00","2025/05/02 19:34:28",F_I+NIL_MG_R5,1,RAISEREG,0.01560435,0.00000000,0,0
D,FPP,CONSTRAINT_FREQ_MEASURE,1,"2025/05/02 19:35:00","2025/05/02 19:34:28",F_T+LREG_0050,1,LOWERREG,0.00000000,-0.00447238,1,0
D,FPP,CONSTRAINT_FREQ_MEASURE,1,"2025/05/02 19:35:00","2025/05/02 19:34:28",F_T+RREG_0050,1,RAISEREG,0.00000000,-0.00447238,1,0
D,FPP,CONSTRAINT_FREQ_MEASURE,1,"2025/05/02 19:35:00","2025/05/02 19:34:28",F_TASCAP_LREG_0210,1,LOWERREG,0.01673040,0.00000000,1,0
D,FPP,CONSTRAINT_FREQ_MEASURE,1,"2025/05/02 19:35:00","2025/05/02 19:34:32",F_I+NIL_MG_R5,1,RAISEREG,0.01656562,0.00000000,0,0
D,FPP,CONSTRAINT_FREQ_MEASURE,1,"2025/05/02 19:35:00","2025/05/02 19:34:32",F_T+LREG_0050,1,LOWERREG,0.00000000,-0.01125630,1,0
D,FPP,CONSTRAINT_FREQ_MEASURE,1,"2025/05/02 19:35:00","2025/05/02 19:34:32",F_T+RREG_0050,1,RAISEREG,0.00000000,-0.01125630,1,0
D,FPP,CONSTRAINT_FREQ_MEASURE,1,"2025/05/02 19:35:00","2025/05/02 19:34:32",F_TASCAP_LREG_0210,1,LOWERREG,0.01812607,0.00000000,1,0
D,FPP,CONSTRAINT_FREQ_MEASURE,1,"2025/05/02 19:35:00","2025/05/02 19:34:36",F_I+NIL_MG_R5,1,RAISEREG,0.01801528,0.00000000,0,0
D,FPP,CONSTRAINT_FREQ_MEASURE,1,"2025/05/02 19:35:00","2025/05/02 19:34:36",F_T+LREG_0050,1,LOWERREG,0.00000000,-0.00453268,1,0
D,FPP,CONSTRAINT_FREQ_MEASURE,1,"2025/05/02 19:35:00","2025/05/02 19:34:36",F_T+RREG_0050,1,RAISEREG,0.00000000,-0.00453268,1,0
D,FPP,CONSTRAINT_FREQ_MEASURE,1,"2025/05/02 19:35:00","2025/05/02 19:34:36",F_TASCAP_LREG_0210,1,LOWERREG,0.01927994,0.00000000,1,0
D,FPP,CONSTRAINT_FREQ_MEASURE,1,"2025/05/02 19:35:00","2025/05/02 19:34:40",F_I+NIL_MG_R5,1,RAISEREG,0.01735651,0.00000000,1,0
D,FPP,CONSTRAINT_FREQ_MEASURE,1,"2025/05/02 19:35:00","2025/05/02 19:34:40",F_T+LREG_0050,1,LOWERREG,0.00825236,0.00000000,1,0
D,FPP,CONSTRAINT_FREQ_MEASURE,1,"2025/05/02 19:35:00","2025/05/02 19:34:40",F_T+RREG_0050,1,RAISEREG,0.00825236,0.00000000,1,0
D,FPP,CONSTRAINT_FREQ_MEASURE,1,"2025/05/02 19:35:00","2025/05/02 19:34:40",F_TASCAP_LREG_0210,1,LOWERREG,0.01786713,0.00000000,1,0
D,FPP,CONSTRAINT_FREQ_MEASURE,1,"2025/05/02 19:35:00","2025/05/02 19:34:44",F_I+NIL_MG_R5,1,RAISEREG,0.01747156,0.00000000,1,0
D,FPP,CONSTRAINT_FREQ_MEASURE,1,"2025/05/02 19:35:00","2025/05/02 19:34:44",F_T+LREG_0050,1,LOWERREG,0.01708517,0.00000000,1,0
D,FPP,CONSTRAINT_FREQ_MEASURE,1,"2025/05/02 19:35:00","2025/05/02 19:34:44",F_T+RREG_0050,1,RAISEREG,0.01708517,0.00000000,1,0
D,FPP,CONSTRAINT_FREQ_MEASURE,1,"2025/05/02 19:35:00","2025/05/02 19:34:44",F_TASCAP_LREG_0210,1,LOWERREG,0.01749323,0.00000000,1,0
D,FPP,CONSTRAINT_FREQ_MEASURE,1,"2025/05/02 19:35:00","2025/05/02 19:34:48",F_I+NIL_MG_R5,1,RAISEREG,0.01736602,0.00000000,1,0
D,FPP,CONSTRAINT_FREQ_MEASURE,1,"2025/05/02 19:35:00","2025/05/02 19:34:48",F_T+LREG_0050,1,LOWERREG,0.01795513,0.00000000,1,0
D,FPP,CONSTRAINT_FREQ_MEASURE,1,"2025/05/02 19:35:00","2025/05/02 19:34:48",F_T+RREG_0050,1,RAISEREG,0.01795513,0.00000000,1,0
D,FPP,CONSTRAINT_FREQ_MEASURE,1,"2025/05/02 19:35:00","2025/05/02 19:34:48",F_TASCAP_LREG_0210,1,LOWERREG,0.01733298,0.00000000,1,0
D,FPP,CONSTRAINT_FREQ_MEASURE,1,"2025/05/02 19:35:00","2025/05/02 19:34:52",F_I+NIL_MG_R5,1,RAISEREG,0.01775811,0.00000000,1,0
D,FPP,CONSTRAINT_FREQ_MEASURE,1,"2025/05/02 19:35:00","2025/05/02 19:34:52",F_T+LREG_0050,1,LOWERREG,0.01218732,0.00000000,1,0
D,FPP,CONSTRAINT_FREQ_MEASURE,1,"2025/05/02 19:35:00","2025/05/02 19:34:52",F_T+RREG_0050,1,RAISEREG,0.01218732,0.00000000,1,0
D,FPP,CONSTRAINT_FREQ_MEASURE,1,"2025/05/02 19:35:00","2025/05/02 19:34:52",F_TASCAP_LREG_0210,1,LOWERREG,0.01807056,0.00000000,1,0
D,FPP,CONSTRAINT_FREQ_MEASURE,1,"2025/05/02 19:35:00","2025/05/02 19:34:56",F_I+NIL_MG_R5,1,RAISEREG,0.01873069,0.00000000,1,0
D,FPP,CONSTRAINT_FREQ_MEASURE,1,"2025/05/02 19:35:00","2025/05/02 19:34:56",F_T+LREG_0050,1,LOWERREG,0.00681236,0.00000000,1,0
D,FPP,CONSTRAINT_FREQ_MEASURE,1,"2025/05/02 19:35:00","2025/05/02 19:34:56",F_T+RREG_0050,1,RAISEREG,0.00681236,0.00000000,1,0
D,FPP,CONSTRAINT_FREQ_MEASURE,1,"2025/05/02 19:35:00","2025/05/02 19:34:56",F_TASCAP_LREG_0210,1,LOWERREG,0.01939916,0.00000000,1,0
D,FPP,CONSTRAINT_FREQ_MEASURE,1,"2025/05/02 19:35:00","2025/05/02 19:35:00",F_I+NIL_MG_R5,1,RAISEREG,0.01898055,0.00000000,1,0
D,FPP,CONSTRAINT_FREQ_MEASURE,1,"2025/05/02 19:35:00","2025/05/02 19:35:00",F_T+LREG_0050,1,LOWERREG,0.00196517,0.00000000,1,0
D,FPP,CONSTRAINT_FREQ_MEASURE,1,"2025/05/02 19:35:00","2025/05/02 19:35:00",F_T+RREG_0050,1,RAISEREG,0.00196517,0.00000000,1,0
D,FPP,CONSTRAINT_FREQ_MEASURE,1,"2025/05/02 19:35:00","2025/05/02 19:35:00",F_TASCAP_LREG_0210,1,LOWERREG,0.01993490,0.00000000,1,0
I,FPP,FPP_RCR,1,INTERVAL_DATETIME,CONSTRAINTID,VERSIONNO,BIDTYPE,RCR,RCR_REASON_FLAG
D,FPP,FPP_RCR,1,"2025/05/02 19:35:00",F_I+NIL_MG_R5,1,RAISEREG,263.25933,0
D,FPP,FPP_RCR,1,"2025/05/02 19:35:00",F_T+LREG_0050,1,LOWERREG,64.73931,0
D,FPP,FPP_RCR,1,"2025/05/02 19:35:00",F_T+RREG_0050,1,RAISEREG,68.63613,0
D,FPP,FPP_RCR,1,"2025/05/02 19:35:00",F_TASCAP_LREG_0210,1,LOWERREG,177.11987,0
I,FPP,FPP_USAGE,1,INTERVAL_DATETIME,CONSTRAINTID,VERSIONNO,BIDTYPE,REGULATION_MW,USED_MW,USAGE,USAGE_REASON_FLAG,USAGE_VALUE
D,FPP,FPP_USAGE,1,"2025/05/02 19:35:00",F_I+NIL_MG_R5,1,RAISEREG,375.00000000,26.38177000,0.07035139,0,0.07035139
D,FPP,FPP_USAGE,1,"2025/05/02 19:35:00",F_T+LREG_0050,1,LOWERREG,50.00000000,40.78997000,0.81579940,0,0.81579940
D,FPP,FPP_USAGE,1,"2025/05/02 19:35:00",F_T+RREG_0050,1,RAISEREG,50.00000000,7.60141000,0.15202820,0,0.15202820
D,FPP,FPP_USAGE,1,"2025/05/02 19:35:00",F_TASCAP_LREG_0210,1,LOWERREG,160.00000000,40.66218000,0.25413862,0,0.25413862
I,FPP,REGION_FREQ_MEASURE,1,INTERVAL_DATETIME,MEASUREMENT_DATETIME,REGIONID,VERSIONNO,FREQ_DEVIATION_HZ,HZ_QUALITY_FLAG,FREQ_MEASURE_HZ,FM_ALIGNMENT_FLAG
D,FPP,REGION_FREQ_MEASURE,1,"2025/05/02 19:35:00","2025/05/02 19:30:04",NSW1,1,-0.00100000,1,-0.01150979,1
D,FPP,REGION_FREQ_MEASURE,1,"2025/05/02 19:35:00","2025/05/02 19:30:04",QLD1,1,0.00000000,1,-0.01229689,1
D,FPP,REGION_FREQ_MEASURE,1,"2025/05/02 19:35:00","2025/05/02 19:30:04",SA1,1,0.01900000,1,-0.01405714,1
D,FPP,REGION_FREQ_MEASURE,1,"2025/05/02 19:35:00","2025/05/02 19:30:04",TAS1,1,0.03900000,1,-0.01933862,1
D,FPP,REGION_FREQ_MEASURE,1,"2025/05/02 19:35:00","2025/05/02 19:30:04",VIC1,1,0.02100000,1,-0.01470735,1
D,FPP,REGION_FREQ_MEASURE,1,"2025/05/02 19:35:00","2025/05/02 19:30:08",NSW1,1,-0.02800000,1,-0.00272984,0
D,FPP,REGION_FREQ_MEASURE,1,"2025/05/02 19:35:00","2025/05/02 19:30:08",QLD1,1,-0.01800000,1,-0.00556425,0
D,FPP,REGION_FREQ_MEASURE,1,"2025/05/02 19:35:00","2025/05/02 19:30:08",SA1,1,0.00100000,1,-0.01115555,1
D,FPP,REGION_FREQ_MEASURE,1,"2025/05/02 19:35:00","2025/05/02 19:30:08",TAS1,1,-0.00300000,1,-0.01437448,1
D,FPP,REGION_FREQ_MEASURE,1,"2025/05/02 19:35:00","2025/05/02 19:30:08",VIC1,1,0.00500000,1,-0.01255016,1
D,FPP,REGION_FREQ_MEASURE,1,"2025/05/02 19:35:00","2025/05/02 19:30:12",NSW1,1,-0.04500000,1,0.00787679,1
D,FPP,REGION_FREQ_MEASURE,1,"2025/05/02 19:35:00","2025/05/02 19:30:12",QLD1,1,-0.04700000,1,0.00611669,1
D,FPP,REGION_FREQ_MEASURE,1,"2025/05/02 19:35:00","2025/05/02 19:30:12",SA1,1,-0.01000000,1,-0.00645432,1
D,FPP,REGION_FREQ_MEASURE,1,"2025/05/02 19:35:00","2025/05/02 19:30:12",TAS1,1,-0.02900000,1,-0.00473571,0
D,FPP,REGION_FREQ_MEASURE,1,"2025/05/02 19:35:00","2025/05/02 19:30:12",VIC1,1,-0.00800000,1,-0.00798346,1
D,FPP,REGION_FREQ_MEASURE,1,"2025/05/02 19:35:00","2025/05/02 19:30:16",NSW1,1,-0.03400000,1,0.01368195,1
D,FPP,REGION_FREQ_MEASURE,1,"2025/05/02 19:35:00","2025/05/02 19:30:16",QLD1,1,-0.04000000,1,0.01364631,1
D,FPP,REGION_FREQ_MEASURE,1,"2025/05/02 19:35:00","2025/05/02 19:30:16",SA1,1,-0.03500000,1,0.00275775,1
D,FPP,REGION_FREQ_MEASURE,1,"2025/05/02 19:35:00","2025/05/02 19:30:16",TAS1,1,-0.05200000,1,0.00787223,1
D,FPP,REGION_FREQ_MEASURE,1,"2025/05/02 19:35:00","2025/05/02 19:30:16",VIC1,1,-0.03300000,1,0.00112398,1
D,FPP,REGION_FREQ_MEASURE,1,"2025/05/02 19:35:00","2025/05/02 19:30:20",NSW1,1,-0.01500000,1,0.01397485,1
D,FPP,REGION_FREQ_MEASURE,1,"2025/05/02 19:35:00","2025/05/02 19:30:20",QLD1,1,-0.01600000,1,0.01416935,1
D,FPP,REGION_FREQ_MEASURE,1,"2025/05/02 19:35:00","2025/05/02 19:30:20",SA1,1,-0.04500000,1,0.01214492,1
D,FPP,REGION_FREQ_MEASURE,1,"2025/05/02 19:35:00","2025/05/02 19:30:20",TAS1,1,-0.07100000,1,0.02190062,1
D,FPP,REGION_FREQ_MEASURE,1,"2025/05/02 19:35:00","2025/05/02 19:30:20",VIC1,1,-0.04500000,1,0.01087421,1
D,FPP,REGION_FREQ_MEASURE,1,"2025/05/02 19:35:00","2025/05/02 19:30:24",NSW1,1,0.00000000,1,0.01086933,1
D,FPP,REGION_FREQ_MEASURE,1,"2025/05/02 19:35:00","2025/05/02 19:30:24",QLD1,1,-0.00400000,1,0.01190949,1
D,FPP,REGION_FREQ_MEASURE,1,"2025/05/02 19:35:00","2025/05/02 19:30:24",SA1,1,-0.02500000,1,0.01500160,1
D,FPP,REGION_FREQ_MEASURE,1,"2025/05/02 19:35:00","2025/05/02 19:30:24",TAS1,1,-0.05400000,1,0.02903382,1
D,FPP,REGION_FREQ_MEASURE,1,"2025/05/02 19:35:00","2025/05/02 19:30:24",VIC1,1,-0.02500000,1,0.01401327,1
D,FPP,REGION_FREQ_MEASURE,1,"2025/05/02 19:35:00","2025/05/02 19:30:28",NSW1,1,-0.00500000,1,0.00956503,1
D,FPP,REGION_FREQ_MEASURE,1,"2025/05/02 19:35:00","2025/05/02 19:30:28",QLD1,1,-0.00500000,1,0.01037405,1
D,FPP,REGION_FREQ_MEASURE,1,"2025/05/02 19:35:00","2025/05/02 19:30:28",SA1,1,-0.00900000,1,0.01366791,1
D,FPP,REGION_FREQ_MEASURE,1,"2025/05/02 19:35:00","2025/05/02 19:30:28",TAS1,1,-0.03000000,1,0.02924853,1
D,FPP,REGION_FREQ_MEASURE,1,"2025/05/02 19:35:00","2025/05/02 19:30:28",VIC1,1,-0.00900000,1,0.01289921,1
D,FPP,REGION_FREQ_MEASURE,1,"2025/05/02 19:35:00","2025/05/02 19:30:32",NSW1,1,-0.01100000,1,0.00988391,1
D,FPP,REGION_FREQ_MEASURE,1,"2025/05/02 19:35:00","2025/05/02 19:30:32",QLD1,1,-0.01700000,1,0.01184648,1
D,FPP,REGION_FREQ_MEASURE,1,"2025/05/02 19:35:00","2025/05/02 19:30:32",SA1,1,-0.00500000,1,0.01174171,1
D,FPP,REGION_FREQ_MEASURE,1,"2025/05/02 19:35:00","2025/05/02 19:30:32",TAS1,1,0.00100000,1,0.02252663,1
D,FPP,REGION_FREQ_MEASURE,1,"2025/05/02 19:35:00","2025/05/02 19:30:32",VIC1,1,-0.00300000,1,0.01069939,1
D,FPP,REGION_FREQ_MEASURE,1,"2025/05/02 19:35:00","2025/05/02 19:30:36",NSW1,1,-0.00300000,1,0.00835415,1
D,FPP,REGION_FREQ_MEASURE,1,"2025/05/02 19:35:00","2025/05/02 19:30:36",QLD1,1,-0.00300000,1,0.00988060,1
D,FPP,REGION_FREQ_MEASURE,1,"2025/05/02 19:35:00","2025/05/02 19:30:36",SA1,1,-0.01000000,1,0.01135466,1
D,FPP,REGION_FREQ_MEASURE,1,"2025/05/02 19:35:00","2025/05/02 19:30:36",TAS1,1,0.00100000,1,0.01729849,1
D,FPP,REGION_FREQ_MEASURE,1,"2025/05/02 19:35:00","2025/05/02 19:30:36",VIC1,1,-0.01000000,1,0.01054397,1
D,FPP,REGION_FREQ_MEASURE,1,"2025/05/02 19:35:00","2025/05/02 19:30:40",NSW1,1,-0.00400000,1,0.00738656,1
D,FPP,REGION_FREQ_MEASURE,1,"2025/05/02 19:35:00","2025/05/02 19:30:40",QLD1,1,-0.00500000,1,0.00879602,1
D,FPP,REGION_FREQ_MEASURE,1,"2025/05/02 19:35:00","2025/05/02 19:30:40",SA1,1,-0.00700000,1,0.01038696,1
D,FPP,REGION_FREQ_MEASURE,1,"2025/05/02 19:35:00","2025/05/02 19:30:40",TAS1,1,-0.02800000,1,0.01967660,1
D,FPP,REGION_FREQ_MEASURE,1,"2025/05/02 19:35:00","2025/05/02 19:30:40",VIC1,1,-0.00800000,1,0.00997864,1
D,FPP,REGION_FREQ_MEASURE,1,"2025/05/02 19:35:00","2025/05/02 19:30:44",NSW1,1,-0.01700000,1,0.00952288,1
D,FPP,REGION_FREQ_MEASURE,1,"2025/05/02 19:35:00","2025/05/02 19:30:44",QLD1,1,-0.01300000,1,0.00973024,1
D,FPP,REGION_FREQ_MEASURE,1,"2025/05/02 19:35:00","2025/05/02 19:30:44",SA1,1,-0.00300000,1,0.00874541,1
D,FPP,REGION_FREQ_MEASURE,1,"2025/05/02 19:35:00","2025/05/02 19:30:44",TAS1,1,-0.05100000,1,0.02663736,1
D,FPP,REGION_FREQ_MEASURE,1,"2025/05/02 19:35:00","2025/05/02 19:30:44",VIC1,1,-0.00200000,1,0.00820561,1
D,FPP,REGION_FREQ_MEASURE,1,"2025/05/02 19:35:00","2025/05/02 19:30:48",NSW1,1,-0.02100000,1,0.01207335,1
D,FPP,REGION_FREQ_MEASURE,1,"2025/05/02 19:35:00","2025/05/02 19:30:48",QLD1,1,-0.02900000,1,0.01401241,1
D,FPP,REGION_FREQ_MEASURE,1,"2025/05/02 19:35:00","2025/05/02 19:30:48",SA1,1,-0.01000000,1,0.00902421,1
D,FPP,REGION_FREQ_MEASURE,1,"2025/05/02 19:35:00","2025/05/02 19:30:48",TAS1,1,-0.03900000,1,0.02938461,1
D,FPP,REGION_FREQ_MEASURE,1,"2025/05/02 19:35:00","2025/05/02 19:30:48",VIC1,1,-0.00700000,1,0.00793770,1
D,FPP,REGION_FREQ_MEASURE,1,"2025/05/02 19:35:00","2025/05/02 19:30:52",NSW1,1,-0.00500000,1,0.01050149,1
D,FPP,REGION_FREQ_MEASURE,1,"2025/05/02 19:35:00","2025/05/02 19:30:52",QLD1,1,-0.01400000,1,0.01400965,1
D,FPP,REGION_FREQ_MEASURE,1,"2025/05/02 19:35:00","2025/05/02 19:30:52",SA1,1,-0.01700000,1,0.01079661,1
D,FPP,REGION_FREQ_MEASURE,1,"2025/05/02 19:35:00","2025/05/02 19:30:52",TAS1,1,-0.01500000,1,0.02618803,1
D,FPP,REGION_FREQ_MEASURE,1,"2025/05/02 19:35:00","2025/05/02 19:30:52",VIC1,1,-0.01700000,1,0.00995154,1
D,FPP,REGION_FREQ_MEASURE,1,"2025/05/02 19:35:00","2025/05/02 19:30:56",NSW1,1,0.00500000,1,0.00705671,1
D,FPP,REGION_FREQ_MEASURE,1,"2025/05/02 19:35:00","2025/05/02 19:30:56",QLD1,1,-0.00400000,1,0.01178528,1
D,FPP,REGION_FREQ_MEASURE,1,"2025/05/02 19:35:00","2025/05/02 19:30:56",SA1,1,-0.01900000,1,0.01261959,1
D,FPP,REGION_FREQ_MEASURE,1,"2025/05/02 19:35:00","2025/05/02 19:30:56",TAS1,1,-0.01000000,1,0.02259069,1
D,FPP,REGION_FREQ_MEASURE,1,"2025/05/02 19:35:00","2025/05/02 19:30:56",VIC1,1,-0.02300000,1,0.01285120,1
D,FPP,REGION_FREQ_MEASURE,1,"2025/05/02 19:35:00","2025/05/02 19:31:00",NSW1,1,0.00600000,1,0.00415522,1
D,FPP,REGION_FREQ_MEASURE,1,"2025/05/02 19:35:00","2025/05/02 19:31:00",QLD1,1,0.00900000,1,0.00716633,1
D,FPP,REGION_FREQ_MEASURE,1,"2025/05/02 19:35:00","2025/05/02 19:31:00",SA1,1,-0.00700000,1,0.01137079,1
D,FPP,REGION_FREQ_MEASURE,1,"2025/05/02 19:35:00","2025/05/02 19:31:00",TAS1,1,-0.02400000,1,0.02290387,1
D,FPP,REGION_FREQ_MEASURE,1,"2025/05/02 19:35:00","2025/05/02 19:31:00",VIC1,1,-0.01100000,1,0.01243982,1
D,FPP,REGION_FREQ_MEASURE,1,"2025/05/02 19:35:00","2025/05/02 19:31:04",NSW1,1,0.00000000,1,0.00323184,1
D,FPP,REGION_FREQ_MEASURE,1,"2025/05/02 19:35:00","2025/05/02 19:31:04",QLD1,1,0.00400000,1,0.00468492,1
D,FPP,REGION_FREQ_MEASURE,1,"2025/05/02 19:35:00","2025/05/02 19:31:04",SA1,1,0.01100000,1,0.00639950,1
D,FPP,REGION_FREQ_MEASURE,1,"2025/05/02 19:35:00","2025/05/02 19:31:04",TAS1,1,-0.03500000,1,0.02559190,1
D,FPP,REGION_FREQ_MEASURE,1,"2025/05/02 19:35:00","2025/05/02 19:31:04",VIC1,1,0.00700000,1,0.00811986,1
D,FPP,REGION_FREQ_MEASURE,1,"2025/05/02 19:35:00","2025/05/02 19:31:08",NSW1,1,0.00300000,1,0.00184699,1
D,FPP,REGION_FREQ_MEASURE,1,"2025/05/02 19:35:00","2025/05/02 19:31:08",QLD1,1,0.00000000,1,0.00364383,1
D,FPP,REGION_FREQ_MEASURE,1,"2025/05/02 19:35:00","2025/05/02 19:31:08",SA1,1,0.00700000,1,0.00342183,1
D,FPP,REGION_FREQ_MEASURE,1,"2025/05/02 19:35:00","2025/05/02 19:31:08",TAS1,1,-0.02500000,1,0.02546037,1
D,FPP,REGION_FREQ_MEASURE,1,"2025/05/02 19:35:00","2025/05/02 19:31:08",VIC1,1,0.00700000,1,0.00475989,1
D,FPP,REGION_FREQ_MEASURE,1,"2025/05/02 19:35:00","2025/05/02 19:31:12",NSW1,1,0.00000000,1,0.00143655,1
D,FPP,REGION_FREQ_MEASURE,1,"2025/05/02 19:35:00","2025/05/02 19:31:12",QLD1,1,0.00100000,1,0.00261187,1
D,FPP,REGION_FREQ_MEASURE,1,"2025/05/02 19:35:00","2025/05/02 19:31:12",SA1,1,-0.00200000,1,0.00310587,1
D,FPP,REGION_FREQ_MEASURE,1,"2025/05/02 19:35:00","2025/05/02 19:31:12",TAS1,1,-0.01600000,1,0.02335807,1
D,FPP,REGION_FREQ_MEASURE,1,"2025/05/02 19:35:00","2025/05/02 19:31:12",VIC1,1,-0.00300000,1,0.00436880,1
D,FPP,REGION_FREQ_MEASURE,1,"2025/05/02 19:35:00","2025/05/02 19:31:16",NSW1,1,-0.01500000,1,0.00445065,1
D,FPP,REGION_FREQ_MEASURE,1,"2025/05/02 19:35:00","2025/05/02 19:31:16",QLD1,1,-0.01000000,1,0.00425368,1
D,FPP,REGION_FREQ_MEASURE,1,"2025/05/02 19:35:00","2025/05/02 19:31:16",SA1,1,0.00600000,1,0.00108234,1
D,FPP,REGION_FREQ_MEASURE,1,"2025/05/02 19:35:00","2025/05/02 19:31:16",TAS1,1,-0.01000000,1,0.02038961,1
D,FPP,REGION_FREQ_MEASURE,1,"2025/05/02 19:35:00","2025/05/02 19:31:16",VIC1,1,0.00400000,1,0.00250907,1
D,FPP,REGION_FREQ_MEASURE,1,"2025/05/02 19:35:00","2025/05/02 19:31:20",NSW1,1,-0.00800000,1,0.00523939,1
D,FPP,REGION_FREQ_MEASURE,1,"2025/05/02 19:35:00","2025/05/02 19:31:20",QLD1,1,-0.01100000,1,0.00575286,1
D,FPP,REGION_FREQ_MEASURE,1,"2025/05/02 19:35:00","2025/05/02 19:31:20",SA1,1,-0.00300000,1,0.00150849,1
D,FPP,REGION_FREQ_MEASURE,1,"2025/05/02 19:35:00","2025/05/02 19:31:20",TAS1,1,-0.00400000,1,0.01674747,1
D,FPP,REGION_FREQ_MEASURE,1,"2025/05/02 19:35:00","2025/05/02 19:31:20",VIC1,1,-0.00100000,1,0.00217372,1
D,FPP,REGION_FREQ_MEASURE,1,"2025/05/02 19:35:00","2025/05/02 19:31:24",NSW1,1,0.01000000,1,0.00185286,1
D,FPP,REGION_FREQ_MEASURE,1,"2025/05/02 19:35:00","2025/05/02 19:31:24",QLD1,1,0.01200000,1,0.00180778,1
D,FPP,REGION_FREQ_MEASURE,1,"2025/05/02 19:35:00","2025/05/02 19:31:24",SA1,1,-0.01700000,1,0.00495105,1
D,FPP,REGION_FREQ_MEASURE,1,"2025/05/02 19:35:00","2025/05/02 19:31:24",TAS1,1,-0.01800000,1,0.01702581,1
D,FPP,REGION_FREQ_MEASURE,1,"2025/05/02 19:35:00","2025/05/02 19:31:24",VIC1,1,-0.01700000,1,0.00546845,1
D,FPP,REGION_FREQ_MEASURE,1,"2025/05/02 19:35:00","2025/05/02 19:31:28",NSW1,1,0.01100000,1,-0.00100333,1
D,FPP,REGION_FREQ_MEASURE,1,"2025/05/02 19:35:00","2025/05/02 19:31:28",QLD1,1,0.01100000,1,-0.00103839,1
D,FPP,REGION_FREQ_MEASURE,1,"2025/05/02 19:35:00","2025/05/02 19:31:28",SA1,1,0.00700000,1,0.00229526,1
D,FPP,REGION_FREQ_MEASURE,1,"2025/05/02 19:35:00","2025/05/02 19:31:28",TAS1,1,-0.02700000,1,0.01924230,1
D,FPP,REGION_FREQ_MEASURE,1,"2025/05/02 19:35:00","2025/05/02 19:31:28",VIC1,1,0.00400000,1,0.00336435,1
D,FPP,REGION_FREQ_MEASURE,1,"2025/05/02 19:35:00","2025/05/02 19:31:32",NSW1,1,-0.00900000,1,0.00121963,1
D,FPP,REGION_FREQ_MEASURE,1,"2025/05/02 19:35:00","2025/05/02 19:31:32",QLD1,1,-0.00800000,1,0.00097014,1
D,FPP,REGION_FREQ_MEASURE,1,"2025/05/02 19:35:00","2025/05/02 19:31:32",SA1,1,0.01500000,1,-0.00154813,1
D,FPP,REGION_FREQ_MEASURE,1,"2025/05/02 19:35:00","2025/05/02 19:31:32",TAS1,1,-0.01600000,1,0.01852179,1
D,FPP,REGION_FREQ_MEASURE,1,"2025/05/02 19:35:00","2025/05/02 19:31:32",VIC1,1,0.01400000,1,-0.00049439,1
D,FPP,REGION_FREQ_MEASURE,1,"2025/05/02 19:35:00","2025/05/02 19:31:36",NSW1,1,-0.02200000,1,0.00583749,1
D,FPP,REGION_FREQ_MEASURE,1,"2025/05/02 19:35:00","2025/05/02 19:31:36",QLD1,1,-0.02000000,1,0.00519900,1
D,FPP,REGION_FREQ_MEASURE,1,"2025/05/02 19:35:00","2025/05/02 19:31:36",SA1,1,0.00600000,1,-0.00253743,1
D,FPP,REGION_FREQ_MEASURE,1,"2025/05/02 19:35:00","2025/05/02 19:31:36",TAS1,1,-0.00900000,1,0.01640584,1
D,FPP,REGION_FREQ_MEASURE,1,"2025/05/02 19:35:00","2025/05/02 19:31:36",VIC1,1,0.00600000,1,-0.00171786,1
D,FPP,REGION_FREQ_MEASURE,1,"2025/05/02 19:35:00","2025/05/02 19:31:40",NSW1,1,-0.01600000,1,0.00809583,1
D,FPP,REGION_FREQ_MEASURE,1,"2025/05/02 19:35:00","2025/05/02 19:31:40",QLD1,1,-0.02000000,1,0.00848811,1
D,FPP,REGION_FREQ_MEASURE,1,"2025/05/02 19:35:00","2025/05/02 19:31:40",SA1,1,-0.01800000,1,0.00202644,1
D,FPP,REGION_FREQ_MEASURE,1,"2025/05/02 19:35:00","2025/05/02 19:31:40",TAS1,1,0.00400000,1,0.01187121,1
D,FPP,REGION_FREQ_MEASURE,1,"2025/05/02 19:35:00","2025/05/02 19:31:40",VIC1,1,-0.01600000,1,0.00221944,1
D,FPP,REGION_FREQ_MEASURE,1,"2025/05/02 19:35:00","2025/05/02 19:31:44",NSW1,1,-0.02200000,1,0.01118565,1
D,FPP,REGION_FREQ_MEASURE,1,"2025/05/02 19:35:00","2025/05/02 19:31:44",QLD1,1,-0.01800000,1,0.01060186,1
D,FPP,REGION_FREQ_MEASURE,1,"2025/05/02 19:35:00","2025/05/02 19:31:44",SA1,1,-0.02300000,1,0.00668723,1
D,FPP,REGION_FREQ_MEASURE,1,"2025/05/02 19:35:00","2025/05/02 19:31:44",TAS1,1,-0.01000000,1,0.01145539,1
D,FPP,REGION_FREQ_MEASURE,1,"2025/05/02 19:35:00","2025/05/02 19:31:44",VIC1,1,-0.02300000,1,0.00683734,1
D,FPP,REGION_FREQ_MEASURE,1,"2025/05/02 19:35:00","2025/05/02 19:31:48",NSW1,1,-0.02100000,1,0.01336662,1
D,FPP,REGION_FREQ_MEASURE,1,"2025/05/02 19:35:00","2025/05/02 19:31:48",QLD1,1,-0.02500000,1,0.01380145,1
D,FPP,REGION_FREQ_MEASURE,1,"2025/05/02 19:35:00","2025/05/02 19:31:48",SA1,1,-0.01600000,1,0.00875673,1
D,FPP,REGION_FREQ_MEASURE,1,"2025/05/02 19:35:00","2025/05/02 19:31:48",TAS1,1,-0.02900000,1,0.01535419,1
D,FPP,REGION_FREQ_MEASURE,1,"2025/05/02 19:35:00","2025/05/02 19:31:48",VIC1,1,-0.01600000,1,0.00887349,1
D,FPP,REGION_FREQ_MEASURE,1,"2025/05/02 19:35:00","2025/05/02 19:31:52",NSW1,1,-0.00900000,1,0.01239626,1
D,FPP,REGION_FREQ_MEASURE,1,"2025/05/02 19:35:00","2025/05/02 19:31:52",QLD1,1,-0.01700000,1,0.01451224,1
D,FPP,REGION_FREQ_MEASURE,1,"2025/05/02 19:35:00","2025/05/02 19:31:52",SA1,1,-0.02500000,1,0.01236635,1
D,FPP,REGION_FREQ_MEASURE,1,"2025/05/02 19:35:00","2025/05/02 19:31:52",TAS1,1,-0.04400000,1,0.02171993,1
D,FPP,REGION_FREQ_MEASURE,1,"2025/05/02 19:35:00","2025/05/02 19:31:52",VIC1,1,-0.02400000,1,0.01223494,1
D,FPP,REGION_FREQ_MEASURE,1,"2025/05/02 19:35:00","2025/05/02 19:31:56",NSW1,1,-0.00400000,1,0.01053042,1
D,FPP,REGION_FREQ_MEASURE,1,"2025/05/02 19:35:00","2025/05/02 19:31:56",QLD1,1,-0.00500000,1,0.01239841,1
D,FPP,REGION_FREQ_MEASURE,1,"2025/05/02 19:35:00","2025/05/02 19:31:56",SA1,1,-0.02000000,1,0.01406272,1
D,FPP,REGION_FREQ_MEASURE,1,"2025/05/02 19:35:00","2025/05/02 19:31:56",TAS1,1,-0.05400000,1,0.02889328,1
D,FPP,REGION_FREQ_MEASURE,1,"2025/05/02 19:35:00","2025/05/02 19:31:56",VIC1,1,-0.02000000,1,0.01396051,1
D,FPP,REGION_FREQ_MEASURE,1,"2025/05/02 19:35:00","2025/05/02 19:32:00",NSW1,1,-0.00200000,1,0.00863477,1
D,FPP,REGION_FREQ_MEASURE,1,"2025/05/02 19:35:00","2025/05/02 19:32:00",QLD1,1,-0.00500000,1,0.01075432,1
D,FPP,REGION_FREQ_MEASURE,1,"2025/05/02 19:35:00","2025/05/02 19:32:00",SA1,1,-0.00300000,1,0.01160434,1
D,FPP,REGION_FREQ_MEASURE,1,"2025/05/02 19:35:00","2025/05/02 19:32:00",TAS1,1,-0.05000000,1,0.03358366,1
D,FPP,REGION_FREQ_MEASURE,1,"2025/05/02 19:35:00","2025/05/02 19:32:00",VIC1,1,-0.00500000,1,0.01196929,1
D,FPP,REGION_FREQ_MEASURE,1,"2025/05/02 19:35:00","2025/05/02 19:32:04",NSW1,1,0.00200000,1,0.00627149,1
D,FPP,REGION_FREQ_MEASURE,1,"2025/05/02 19:35:00","2025/05/02 19:32:04",QLD1,1,0.00500000,1,0.00725336,1
D,FPP,REGION_FREQ_MEASURE,1,"2025/05/02 19:35:00","2025/05/02 19:32:04",SA1,1,-0.00300000,1,0.00969226,1
D,FPP,REGION_FREQ_MEASURE,1,"2025/05/02 19:35:00","2025/05/02 19:32:04",TAS1,1,-0.03600000,1,0.03412062,1
D,FPP,REGION_FREQ_MEASURE,1,"2025/05/02 19:35:00","2025/05/02 19:32:04",VIC1,1,-0.00500000,1,0.01042056,1
D,FPP,REGION_FREQ_MEASURE,1,"2025/05/02 19:35:00","2025/05/02 19:32:08",NSW1,1,-0.01000000,1,0.00710005,1
D,FPP,REGION_FREQ_MEASURE,1,"2025/05/02 19:35:00","2025/05/02 19:32:08",QLD1,1,-0.00700000,1,0.00719706,1
D,FPP,REGION_FREQ_MEASURE,1,"2025/05/02 19:35:00","2025/05/02 19:32:08",SA1,1,-0.00400000,1,0.00842731,1
D,FPP,REGION_FREQ_MEASURE,1,"2025/05/02 19:35:00","2025/05/02 19:32:08",TAS1,1,-0.03100000,1,0.03342715,1
D,FPP,REGION_FREQ_MEASURE,1,"2025/05/02 19:35:00","2025/05/02 19:32:08",VIC1,1,0.00000000,1,0.00810488,1
D,FPP,REGION_FREQ_MEASURE,1,"2025/05/02 19:35:00","2025/05/02 19:32:12",NSW1,1,-0.02800000,1,0.01174448,1
D,FPP,REGION_FREQ_MEASURE,1,"2025/05/02 19:35:00","2025/05/02 19:32:12",QLD1,1,-0.02500000,1,0.01115327,1
D,FPP,REGION_FREQ_MEASURE,1,"2025/05/02 19:35:00","2025/05/02 19:32:12",SA1,1,-0.00100000,1,0.00677680,1
D,FPP,REGION_FREQ_MEASURE,1,"2025/05/02 19:35:00","2025/05/02 19:32:12",TAS1,1,-0.02800000,1,0.03222112,1
D,FPP,REGION_FREQ_MEASURE,1,"2025/05/02 19:35:00","2025/05/02 19:32:12",VIC1,1,0.00200000,1,0.00585935,1
D,FPP,REGION_FREQ_MEASURE,1,"2025/05/02 19:35:00","2025/05/02 19:32:16",NSW1,1,-0.02800000,1,0.01535682,1
D,FPP,REGION_FREQ_MEASURE,1,"2025/05/02 19:35:00","2025/05/02 19:32:16",QLD1,1,-0.02800000,1,0.01489699,1
D,FPP,REGION_FREQ_MEASURE,1,"2025/05/02 19:35:00","2025/05/02 19:32:16",SA1,1,-0.01600000,1,0.00882640,1
D,FPP,REGION_FREQ_MEASURE,1,"2025/05/02 19:35:00","2025/05/02 19:32:16",TAS1,1,-0.02800000,1,0.03128309,1
D,FPP,REGION_FREQ_MEASURE,1,"2025/05/02 19:35:00","2025/05/02 19:32:16",VIC1,1,-0.01400000,1,0.00766838,1
D,FPP,REGION_FREQ_MEASURE,1,"2025/05/02 19:35:00","2025/05/02 19:32:20",NSW1,1,-0.01900000,1,0.01616642,1
D,FPP,REGION_FREQ_MEASURE,1,"2025/05/02 19:35:00","2025/05/02 19:32:20",QLD1,1,-0.02100000,1,0.01625321,1
D,FPP,REGION_FREQ_MEASURE,1,"2025/05/02 19:35:00","2025/05/02 19:32:20",SA1,1,-0.02400000,1,0.01219831,1
D,FPP,REGION_FREQ_MEASURE,1,"2025/05/02 19:35:00","2025/05/02 19:32:20",TAS1,1,-0.02800000,1,0.03055351,1
D,FPP,REGION_FREQ_MEASURE,1,"2025/05/02 19:35:00","2025/05/02 19:32:20",VIC1,1,-0.02500000,1,0.01151985,1
D,FPP,REGION_FREQ_MEASURE,1,"2025/05/02 19:35:00","2025/05/02 19:32:24",NSW1,1,-0.01100000,1,0.01501833,1
D,FPP,REGION_FREQ_MEASURE,1,"2025/05/02 19:35:00","2025/05/02 19:32:24",QLD1,1,-0.00700000,1,0.01419694,1
D,FPP,REGION_FREQ_MEASURE,1,"2025/05/02 19:35:00","2025/05/02 19:32:24",SA1,1,-0.02400000,1,0.01482091,1
D,FPP,REGION_FREQ_MEASURE,1,"2025/05/02 19:35:00","2025/05/02 19:32:24",TAS1,1,-0.01600000,1,0.02731940,1
D,FPP,REGION_FREQ_MEASURE,1,"2025/05/02 19:35:00","2025/05/02 19:32:24",VIC1,1,-0.02500000,1,0.01451544,1
D,FPP,REGION_FREQ_MEASURE,1,"2025/05/02 19:35:00","2025/05/02 19:32:28",NSW1,1,0.00400000,1,0.01079203,1
D,FPP,REGION_FREQ_MEASURE,1,"2025/05/02 19:35:00","2025/05/02 19:32:28",QLD1,1,-0.00300000,1,0.01170873,1
D,FPP,REGION_FREQ_MEASURE,1,"2025/05/02 19:35:00","2025/05/02 19:32:28",SA1,1,-0.01800000,1,0.01552737,1
D,FPP,REGION_FREQ_MEASURE,1,"2025/05/02 19:35:00","2025/05/02 19:32:28",TAS1,1,-0.02600000,1,0.02702620,1
D,FPP,REGION_FREQ_MEASURE,1,"2025/05/02 19:35:00","2025/05/02 19:32:28",VIC1,1,-0.01900000,1,0.01551201,1
D,FPP,REGION_FREQ_MEASURE,1,"2025/05/02 19:35:00","2025/05/02 19:32:32",NSW1,1,0.02200000,1,0.00350491,0
D,FPP,REGION_FREQ_MEASURE,1,"2025/05/02 19:35:00","2025/05/02 19:32:32",QLD1,1,0.02000000,1,0.00466235,0
D,FPP,REGION_FREQ_MEASURE,1,"2025/05/02 19:35:00","2025/05/02 19:32:32",SA1,1,-0.01000000,1,0.01429907,1
D,FPP,REGION_FREQ_MEASURE,1,"2025/05/02 19:35:00","2025/05/02 19:32:32",TAS1,1,-0.04400000,1,0.03079816,1
D,FPP,REGION_FREQ_MEASURE,1,"2025/05/02 19:35:00","2025/05/02 19:32:32",VIC1,1,-0.00700000,1,0.01362045,1
D,FPP,REGION_FREQ_MEASURE,1,"2025/05/02 19:35:00","2025/05/02 19:32:36",NSW1,1,0.00100000,1,0.00250382,1
D,FPP,REGION_FREQ_MEASURE,1,"2025/05/02 19:35:00","2025/05/02 19:32:36",QLD1,1,0.00800000,1,0.00184849,1
D,FPP,REGION_FREQ_MEASURE,1,"2025/05/02 19:35:00","2025/05/02 19:32:36",SA1,1,0.01200000,1,0.00845483,1
D,FPP,REGION_FREQ_MEASURE,1,"2025/05/02 19:35:00","2025/05/02 19:32:36",TAS1,1,-0.04400000,1,0.03373190,1
D,FPP,REGION_FREQ_MEASURE,1,"2025/05/02 19:35:00","2025/05/02 19:32:36",VIC1,1,0.01200000,1,0.00792702,1
D,FPP,REGION_FREQ_MEASURE,1,"2025/05/02 19:35:00","2025/05/02 19:32:40",NSW1,1,-0.03100000,1,0.00883630,1
D,FPP,REGION_FREQ_MEASURE,1,"2025/05/02 19:35:00","2025/05/02 19:32:40",QLD1,1,-0.02000000,1,0.00588216,1
D,FPP,REGION_FREQ_MEASURE,1,"2025/05/02 19:35:00","2025/05/02 19:32:40",SA1,1,0.01900000,1,0.00235376,0
D,FPP,REGION_FREQ_MEASURE,1,"2025/05/02 19:35:00","2025/05/02 19:32:40",TAS1,1,-0.00500000,1,0.02734703,1
D,FPP,REGION_FREQ_MEASURE,1,"2025/05/02 19:35:00","2025/05/02 19:32:40",VIC1,1,0.01600000,1,0.00260990,0
D,FPP,REGION_FREQ_MEASURE,1,"2025/05/02 19:35:00","2025/05/02 19:32:44",NSW1,1,-0.02900000,1,0.01331712,1
D,FPP,REGION_FREQ_MEASURE,1,"2025/05/02 19:35:00","2025/05/02 19:32:44",QLD1,1,-0.03000000,1,0.01124168,1
D,FPP,REGION_FREQ_MEASURE,1,"2025/05/02 19:35:00","2025/05/02 19:32:44",SA1,1,-0.00600000,1,0.00316404,1
D,FPP,REGION_FREQ_MEASURE,1,"2025/05/02 19:35:00","2025/05/02 19:32:44",TAS1,1,0.02000000,1,0.01682547,0
D,FPP,REGION_FREQ_MEASURE,1,"2025/05/02 19:35:00","2025/05/02 19:32:44",VIC1,1,-0.00400000,1,0.00291881,1
D,FPP,REGION_FREQ_MEASURE,1,"2025/05/02 19:35:00","2025/05/02 19:32:48",NSW1,1,-0.01400000,1,0.01346887,1
D,FPP,REGION_FREQ_MEASURE,1,"2025/05/02 19:35:00","2025/05/02 19:32:48",QLD1,1,-0.01800000,1,0.01274353,1
D,FPP,REGION_FREQ_MEASURE,1,"2025/05/02 19:35:00","2025/05/02 19:32:48",SA1,1,-0.03700000,1,0.01068314,1
D,FPP,REGION_FREQ_MEASURE,1,"2025/05/02 19:35:00","2025/05/02 19:32:48",TAS1,1,-0.00300000,1,0.01375314,1
D,FPP,REGION_FREQ_MEASURE,1,"2025/05/02 19:35:00","2025/05/02 19:32:48",VIC1,1,-0.03700000,1,0.01049241,1
D,FPP,REGION_FREQ_MEASURE,1,"2025/05/02 19:35:00","2025/05/02 19:32:52",NSW1,1,-0.00300000,1,0.01114245,1
D,FPP,REGION_FREQ_MEASURE,1,"2025/05/02 19:35:00","2025/05/02 19:32:52",QLD1,1,-0.00500000,1,0.01102275,1
D,FPP,REGION_FREQ_MEASURE,1,"2025/05/02 19:35:00","2025/05/02 19:32:52",SA1,1,-0.02100000,1,0.01297578,1
D,FPP,REGION_FREQ_MEASURE,1,"2025/05/02 19:35:00","2025/05/02 19:32:52",TAS1,1,-0.05500000,1,0.02291911,1
D,FPP,REGION_FREQ_MEASURE,1,"2025/05/02 19:35:00","2025/05/02 19:32:52",VIC1,1,-0.02200000,1,0.01304965,1
D,FPP,REGION_FREQ_MEASURE,1,"2025/05/02 19:35:00","2025/05/02 19:32:56",NSW1,1,0.00500000,1,0.00755524,1
D,FPP,REGION_FREQ_MEASURE,1,"2025/05/02 19:35:00","2025/05/02 19:32:56",QLD1,1,0.00500000,1,0.00746214,1
D,FPP,REGION_FREQ_MEASURE,1,"2025/05/02 19:35:00","2025/05/02 19:32:56",SA1,1,-0.00800000,1,0.01187005,1
D,FPP,REGION_FREQ_MEASURE,1,"2025/05/02 19:35:00","2025/05/02 19:32:56",TAS1,1,-0.05100000,1,0.02915931,1
D,FPP,REGION_FREQ_MEASURE,1,"2025/05/02 19:35:00","2025/05/02 19:32:56",VIC1,1,-0.01000000,1,0.01237195,1
D,FPP,REGION_FREQ_MEASURE,1,"2025/05/02 19:35:00","2025/05/02 19:33:00",NSW1,1,0.00200000,1,0.00543185,1
D,FPP,REGION_FREQ_MEASURE,1,"2025/05/02 19:35:00","2025/05/02 19:33:00",QLD1,1,0.00400000,1,0.00491500,1
D,FPP,REGION_FREQ_MEASURE,1,"2025/05/02 19:35:00","2025/05/02 19:33:00",SA1,1,0.00600000,1,0.00789893,1
D,FPP,REGION_FREQ_MEASURE,1,"2025/05/02 19:35:00","2025/05/02 19:33:00",TAS1,1,-0.00800000,1,0.02445724,1
D,FPP,REGION_FREQ_MEASURE,1,"2025/05/02 19:35:00","2025/05/02 19:33:00",VIC1,1,0.00300000,1,0.00895596,1
D,FPP,REGION_FREQ_MEASURE,1,"2025/05/02 19:35:00","2025/05/02 19:33:04",NSW1,1,-0.00500000,1,0.00533588,1
D,FPP,REGION_FREQ_MEASURE,1,"2025/05/02 19:35:00","2025/05/02 19:33:04",QLD1,1,0.00000000,1,0.00382278,1
D,FPP,REGION_FREQ_MEASURE,1,"2025/05/02 19:35:00","2025/05/02 19:33:04",SA1,1,0.00600000,1,0.00481028,1
D,FPP,REGION_FREQ_MEASURE,1,"2025/05/02 19:35:00","2025/05/02 19:33:04",TAS1,1,0.01700000,1,0.01524452,0
D,FPP,REGION_FREQ_MEASURE,1,"2025/05/02 19:35:00","2025/05/02 19:33:04",VIC1,1,0.00400000,1,0.00607686,1
D,FPP,REGION_FREQ_MEASURE,1,"2025/05/02 19:35:00","2025/05/02 19:33:08",NSW1,1,0.00100000,1,0.00392791,1
D,FPP,REGION_FREQ_MEASURE,1,"2025/05/02 19:35:00","2025/05/02 19:33:08",QLD1,1,0.00100000,1,0.00275105,1
D,FPP,REGION_FREQ_MEASURE,1,"2025/05/02 19:35:00","2025/05/02 19:33:08",SA1,1,0.00400000,1,0.00285244,1
D,FPP,REGION_FREQ_MEASURE,1,"2025/05/02 19:35:00","2025/05/02 19:33:08",TAS1,1,0.00300000,1,0.01119018,1
D,FPP,REGION_FREQ_MEASURE,1,"2025/05/02 19:35:00","2025/05/02 19:33:08",VIC1,1,0.00200000,1,0.00428200,1
D,FPP,REGION_FREQ_MEASURE,1,"2025/05/02 19:35:00","2025/05/02 19:33:12",NSW1,1,0.00000000,1,0.00305504,1
D,FPP,REGION_FREQ_MEASURE,1,"2025/05/02 19:35:00","2025/05/02 19:33:12",QLD1,1,0.00100000,1,0.00191748,1
D,FPP,REGION_FREQ_MEASURE,1,"2025/05/02 19:35:00","2025/05/02 19:33:12",SA1,1,0.00000000,1,0.00221856,1
D,FPP,REGION_FREQ_MEASURE,1,"2025/05/02 19:35:00","2025/05/02 19:33:12",TAS1,1,-0.00500000,1,0.00981458,1
D,FPP,REGION_FREQ_MEASURE,1,"2025/05/02 19:35:00","2025/05/02 19:33:12",VIC1,1,-0.00100000,1,0.00355267,1
D,FPP,REGION_FREQ_MEASURE,1,"2025/05/02 19:35:00","2025/05/02 19:33:16",NSW1,1,0.00500000,1,0.00126503,1
D,FPP,REGION_FREQ_MEASURE,1,"2025/05/02 19:35:00","2025/05/02 19:33:16",QLD1,1,0.00100000,1,0.00126915,1
D,FPP,REGION_FREQ_MEASURE,1,"2025/05/02 19:35:00","2025/05/02 19:33:16",SA1,1,0.00000000,1,0.00172555,1
D,FPP,REGION_FREQ_MEASURE,1,"2025/05/02 19:35:00","2025/05/02 19:33:16",TAS1,1,-0.00700000,1,0.00918912,1
D,FPP,REGION_FREQ_MEASURE,1,"2025/05/02 19:35:00","2025/05/02 19:33:16",VIC1,1,0.00100000,1,0.00254097,1
D,FPP,REGION_FREQ_MEASURE,1,"2025/05/02 19:35:00","2025/05/02 19:33:20",NSW1,1,0.01200000,1,-0.00168275,1
D,FPP,REGION_FREQ_MEASURE,1,"2025/05/02 19:35:00","2025/05/02 19:33:20",QLD1,1,0.01000000,1,-0.00123511,1
D,FPP,REGION_FREQ_MEASURE,1,"2025/05/02 19:35:00","2025/05/02 19:33:20",SA1,1,0.00200000,1,0.00089765,1
D,FPP,REGION_FREQ_MEASURE,1,"2025/05/02 19:35:00","2025/05/02 19:33:20",TAS1,1,0.01200000,1,0.00448043,1
D,FPP,REGION_FREQ_MEASURE,1,"2025/05/02 19:35:00","2025/05/02 19:33:20",VIC1,1,0.00100000,1,0.00175409,1
D,FPP,REGION_FREQ_MEASURE,1,"2025/05/02 19:35:00","2025/05/02 19:33:24",NSW1,1,0.01900000,1,-0.00553103,1
D,FPP,REGION_FREQ_MEASURE,1,"2025/05/02 19:35:00","2025/05/02 19:33:24",QLD1,1,0.02000000,1,-0.00540509,1
D,FPP,REGION_FREQ_MEASURE,1,"2025/05/02 19:35:00","2025/05/02 19:33:24",SA1,1,0.01000000,1,-0.00152405,1
D,FPP,REGION_FREQ_MEASURE,1,"2025/05/02 19:35:00","2025/05/02 19:33:24",TAS1,1,0.04300000,1,-0.00607078,1
D,FPP,REGION_FREQ_MEASURE,1,"2025/05/02 19:35:00","2025/05/02 19:33:24",VIC1,1,0.00600000,1,0.00003096,1
D,FPP,REGION_FREQ_MEASURE,1,"2025/05/02 19:35:00","2025/05/02 19:33:28",NSW1,1,0.00600000,1,-0.00563525,1
D,FPP,REGION_FREQ_MEASURE,1,"2025/05/02 19:35:00","2025/05/02 19:33:28",QLD1,1,0.01200000,1,-0.00687063,1
D,FPP,REGION_FREQ_MEASURE,1,"2025/05/02 19:35:00","2025/05/02 19:33:28",SA1,1,0.01900000,1,-0.00540759,1
D,FPP,REGION_FREQ_MEASURE,1,"2025/05/02 19:35:00","2025/05/02 19:33:28",TAS1,1,0.03800000,1,-0.01316616,1
D,FPP,REGION_FREQ_MEASURE,1,"2025/05/02 19:35:00","2025/05/02 19:33:28",VIC1,1,0.01800000,1,-0.00397592,1
D,FPP,REGION_FREQ_MEASURE,1,"2025/05/02 19:35:00","2025/05/02 19:33:32",NSW1,1,0.00800000,1,-0.00616075,1
D,FPP,REGION_FREQ_MEASURE,1,"2025/05/02 19:35:00","2025/05/02 19:33:32",QLD1,1,0.00400000,1,-0.00623271,1
D,FPP,REGION_FREQ_MEASURE,1,"2025/05/02 19:35:00","2025/05/02 19:33:32",SA1,1,0.01500000,1,-0.00753924,1
D,FPP,REGION_FREQ_MEASURE,1,"2025/05/02 19:35:00","2025/05/02 19:33:32",TAS1,1,0.02200000,1,-0.01512924,1
D,FPP,REGION_FREQ_MEASURE,1,"2025/05/02 19:35:00","2025/05/02 19:33:32",VIC1,1,0.01700000,1,-0.00687016,1
D,FPP,REGION_FREQ_MEASURE,1,"2025/05/02 19:35:00","2025/05/02 19:33:36",NSW1,1,0.01600000,1,-0.00834725,1
D,FPP,REGION_FREQ_MEASURE,1,"2025/05/02 19:35:00","2025/05/02 19:33:36",QLD1,1,0.01600000,1,-0.00840322,1
D,FPP,REGION_FREQ_MEASURE,1,"2025/05/02 19:35:00","2025/05/02 19:33:36",SA1,1,0.00600000,1,-0.00719719,1
D,FPP,REGION_FREQ_MEASURE,1,"2025/05/02 19:35:00","2025/05/02 19:33:36",TAS1,1,0.03400000,1,-0.01932274,1
D,FPP,REGION_FREQ_MEASURE,1,"2025/05/02 19:35:00","2025/05/02 19:33:36",VIC1,1,0.00800000,1,-0.00712124,1
D,FPP,REGION_FREQ_MEASURE,1,"2025/05/02 19:35:00","2025/05/02 19:33:40",NSW1,1,0.01400000,1,-0.00960342,1
D,FPP,REGION_FREQ_MEASURE,1,"2025/05/02 19:35:00","2025/05/02 19:33:40",QLD1,1,0.01400000,1,-0.00964695,1
D,FPP,REGION_FREQ_MEASURE,1,"2025/05/02 19:35:00","2025/05/02 19:33:40",SA1,1,0.01100000,1,-0.00804226,1
D,FPP,REGION_FREQ_MEASURE,1,"2025/05/02 19:35:00","2025/05/02 19:33:40",TAS1,1,0.03400000,1,-0.02258435,1
D,FPP,REGION_FREQ_MEASURE,1,"2025/05/02 19:35:00","2025/05/02 19:33:40",VIC1,1,0.01200000,1,-0.00820541,1
D,FPP,REGION_FREQ_MEASURE,1,"2025/05/02 19:35:00","2025/05/02 19:33:44",NSW1,1,0.00700000,1,-0.00902488,1
D,FPP,REGION_FREQ_MEASURE,1,"2025/05/02 19:35:00","2025/05/02 19:33:44",QLD1,1,0.01300000,1,-0.01039207,1
D,FPP,REGION_FREQ_MEASURE,1,"2025/05/02 19:35:00","2025/05/02 19:33:44",SA1,1,0.01800000,1,-0.01025509,1
D,FPP,REGION_FREQ_MEASURE,1,"2025/05/02 19:35:00","2025/05/02 19:33:44",TAS1,1,0.00700000,1,-0.01912116,1
D,FPP,REGION_FREQ_MEASURE,1,"2025/05/02 19:35:00","2025/05/02 19:33:44",VIC1,1,0.01600000,1,-0.00993754,1
D,FPP,REGION_FREQ_MEASURE,1,"2025/05/02 19:35:00","2025/05/02 19:33:48",NSW1,1,-0.00900000,1,-0.00501935,1
D,FPP,REGION_FREQ_MEASURE,1,"2025/05/02 19:35:00","2025/05/02 19:33:48",QLD1,1,-0.01300000,1,-0.00519383,1
D,FPP,REGION_FREQ_MEASURE,1,"2025/05/02 19:35:00","2025/05/02 19:33:48",SA1,1,0.01200000,1,-0.01064285,1
D,FPP,REGION_FREQ_MEASURE,1,"2025/05/02 19:35:00","2025/05/02 19:33:48",TAS1,1,-0.01800000,1,-0.01087201,0
D,FPP,REGION_FREQ_MEASURE,1,"2025/05/02 19:35:00","2025/05/02 19:33:48",VIC1,1,0.01100000,1,-0.01017364,1
D,FPP,REGION_FREQ_MEASURE,1,"2025/05/02 19:35:00","2025/05/02 19:33:52",NSW1,1,-0.02000000,1,0.00054051,1
D,FPP,REGION_FREQ_MEASURE,1,"2025/05/02 19:35:00","2025/05/02 19:33:52",QLD1,1,-0.01800000,1,-0.00003965,0
D,FPP,REGION_FREQ_MEASURE,1,"2025/05/02 19:35:00","2025/05/02 19:33:52",SA1,1,-0.00400000,1,-0.00738888,1
D,FPP,REGION_FREQ_MEASURE,1,"2025/05/02 19:35:00","2025/05/02 19:33:52",TAS1,1,-0.01300000,1,-0.00556712,1
D,FPP,REGION_FREQ_MEASURE,1,"2025/05/02 19:35:00","2025/05/02 19:33:52",VIC1,1,0.00000000,1,-0.00791283,1
D,FPP,REGION_FREQ_MEASURE,1,"2025/05/02 19:35:00","2025/05/02 19:33:56",NSW1,1,-0.02500000,1,0.00597595,1
D,FPP,REGION_FREQ_MEASURE,1,"2025/05/02 19:35:00","2025/05/02 19:33:56",QLD1,1,-0.02000000,1,0.00441361,1
D,FPP,REGION_FREQ_MEASURE,1,"2025/05/02 19:35:00","2025/05/02 19:33:56",SA1,1,-0.01800000,1,-0.00174691,0
D,FPP,REGION_FREQ_MEASURE,1,"2025/05/02 19:35:00","2025/05/02 19:33:56",TAS1,1,-0.00400000,1,-0.00344109,1
D,FPP,REGION_FREQ_MEASURE,1,"2025/05/02 19:35:00","2025/05/02 19:33:56",VIC1,1,-0.01800000,1,-0.00215442,0
D,FPP,REGION_FREQ_MEASURE,1,"2025/05/02 19:35:00","2025/05/02 19:34:00",NSW1,1,-0.03300000,1,0.01198129,1
D,FPP,REGION_FREQ_MEASURE,1,"2025/05/02 19:35:00","2025/05/02 19:34:00",QLD1,1,-0.03000000,1,0.01009947,1
D,FPP,REGION_FREQ_MEASURE,1,"2025/05/02 19:35:00","2025/05/02 19:34:00",SA1,1,-0.02000000,1,0.00308574,1
D,FPP,REGION_FREQ_MEASURE,1,"2025/05/02 19:35:00","2025/05/02 19:34:00",TAS1,1,0.01000000,1,-0.00489863,1
D,FPP,REGION_FREQ_MEASURE,1,"2025/05/02 19:35:00","2025/05/02 19:34:00",VIC1,1,-0.02100000,1,0.00299101,1
D,FPP,REGION_FREQ_MEASURE,1,"2025/05/02 19:35:00","2025/05/02 19:34:04",NSW1,1,-0.02700000,1,0.01531878,1
D,FPP,REGION_FREQ_MEASURE,1,"2025/05/02 19:35:00","2025/05/02 19:34:04",QLD1,1,-0.02900000,1,0.01429959,1
D,FPP,REGION_FREQ_MEASURE,1,"2025/05/02 19:35:00","2025/05/02 19:34:04",SA1,1,-0.02700000,1,0.00840002,1
D,FPP,REGION_FREQ_MEASURE,1,"2025/05/02 19:35:00","2025/05/02 19:34:04",TAS1,1,-0.00500000,1,-0.00269893,1
D,FPP,REGION_FREQ_MEASURE,1,"2025/05/02 19:35:00","2025/05/02 19:34:04",VIC1,1,-0.02600000,1,0.00810412,1
D,FPP,REGION_FREQ_MEASURE,1,"2025/05/02 19:35:00","2025/05/02 19:34:08",NSW1,1,-0.01100000,1,0.01435905,1
D,FPP,REGION_FREQ_MEASURE,1,"2025/05/02 19:35:00","2025/05/02 19:34:08",QLD1,1,-0.00600000,1,0.01245524,1
D,FPP,REGION_FREQ_MEASURE,1,"2025/05/02 19:35:00","2025/05/02 19:34:08",SA1,1,-0.03500000,1,0.01431113,1
D,FPP,REGION_FREQ_MEASURE,1,"2025/05/02 19:35:00","2025/05/02 19:34:08",TAS1,1,-0.02400000,1,0.00323417,1
D,FPP,REGION_FREQ_MEASURE,1,"2025/05/02 19:35:00","2025/05/02 19:34:08",VIC1,1,-0.03000000,1,0.01296987,1
D,FPP,REGION_FREQ_MEASURE,1,"2025/05/02 19:35:00","2025/05/02 19:34:12",NSW1,1,-0.00900000,1,0.01316815,1
D,FPP,REGION_FREQ_MEASURE,1,"2025/05/02 19:35:00","2025/05/02 19:34:12",QLD1,1,-0.00600000,1,0.01102074,1
D,FPP,REGION_FREQ_MEASURE,1,"2025/05/02 19:35:00","2025/05/02 19:34:12",SA1,1,-0.01500000,1,0.01446421,1
D,FPP,REGION_FREQ_MEASURE,1,"2025/05/02 19:35:00","2025/05/02 19:34:12",TAS1,1,-0.02900000,1,0.00895991,1
D,FPP,REGION_FREQ_MEASURE,1,"2025/05/02 19:35:00","2025/05/02 19:34:12",VIC1,1,-0.01900000,1,0.01430990,1
D,FPP,REGION_FREQ_MEASURE,1,"2025/05/02 19:35:00","2025/05/02 19:34:16",NSW1,1,-0.02100000,1,0.01490856,1
D,FPP,REGION_FREQ_MEASURE,1,"2025/05/02 19:35:00","2025/05/02 19:34:16",QLD1,1,-0.01500000,1,0.01190502,1
D,FPP,REGION_FREQ_MEASURE,1,"2025/05/02 19:35:00","2025/05/02 19:34:16",SA1,1,-0.00600000,1,0.01258327,1
D,FPP,REGION_FREQ_MEASURE,1,"2025/05/02 19:35:00","2025/05/02 19:34:16",TAS1,1,-0.01500000,1,0.01030215,1
D,FPP,REGION_FREQ_MEASURE,1,"2025/05/02 19:35:00","2025/05/02 19:34:16",VIC1,1,-0.00500000,1,0.01224103,1
D,FPP,REGION_FREQ_MEASURE,1,"2025/05/02 19:35:00","2025/05/02 19:34:20",NSW1,1,-0.02400000,1,0.01692888,1
D,FPP,REGION_FREQ_MEASURE,1,"2025/05/02 19:35:00","2025/05/02 19:34:20",QLD1,1,-0.02800000,1,0.01548168,1
D,FPP,REGION_FREQ_MEASURE,1,"2025/05/02 19:35:00","2025/05/02 19:34:20",SA1,1,-0.00800000,1,0.01156477,1
D,FPP,REGION_FREQ_MEASURE,1,"2025/05/02 19:35:00","2025/05/02 19:34:20",TAS1,1,0.00100000,1,0.00779056,1
D,FPP,REGION_FREQ_MEASURE,1,"2025/05/02 19:35:00","2025/05/02 19:34:20",VIC1,1,-0.00700000,1,0.01107636,1
D,FPP,REGION_FREQ_MEASURE,1,"2025/05/02 19:35:00","2025/05/02 19:34:24",NSW1,1,-0.02200000,1,0.01805580,1
D,FPP,REGION_FREQ_MEASURE,1,"2025/05/02 19:35:00","2025/05/02 19:34:24",QLD1,1,-0.01800000,1,0.01604131,1
D,FPP,REGION_FREQ_MEASURE,1,"2025/05/02 19:35:00","2025/05/02 19:34:24",SA1,1,-0.02300000,1,0.01410593,1
D,FPP,REGION_FREQ_MEASURE,1,"2025/05/02 19:35:00","2025/05/02 19:34:24",TAS1,1,0.01200000,1,0.00339266,1
D,FPP,REGION_FREQ_MEASURE,1,"2025/05/02 19:35:00","2025/05/02 19:34:24",VIC1,1,-0.02200000,1,0.01350384,1
D,FPP,REGION_FREQ_MEASURE,1,"2025/05/02 19:35:00","2025/05/02 19:34:28",NSW1,1,-0.01900000,1,0.01826562,1
D,FPP,REGION_FREQ_MEASURE,1,"2025/05/02 19:35:00","2025/05/02 19:34:28",QLD1,1,-0.01700000,1,0.01625435,1
D,FPP,REGION_FREQ_MEASURE,1,"2025/05/02 19:35:00","2025/05/02 19:34:28",SA1,1,-0.02000000,1,0.01541572,1
D,FPP,REGION_FREQ_MEASURE,1,"2025/05/02 19:35:00","2025/05/02 19:34:28",TAS1,1,0.03200000,1,-0.00447238,1
D,FPP,REGION_FREQ_MEASURE,1,"2025/05/02 19:35:00","2025/05/02 19:34:28",VIC1,1,-0.02200000,1,0.01539188,1
D,FPP,REGION_FREQ_MEASURE,1,"2025/05/02 19:35:00","2025/05/02 19:34:32",NSW1,1,-0.02700000,1,0.02020659,1
D,FPP,REGION_FREQ_MEASURE,1,"2025/05/02 19:35:00","2025/05/02 19:34:32",QLD1,1,-0.02300000,1,0.01775338,1
D,FPP,REGION_FREQ_MEASURE,1,"2025/05/02 19:35:00","2025/05/02 19:34:32",SA1,1,-0.02000000,1,0.01643445,1
D,FPP,REGION_FREQ_MEASURE,1,"2025/05/02 19:35:00","2025/05/02 19:34:32",TAS1,1,0.03500000,1,-0.01125630,1
D,FPP,REGION_FREQ_MEASURE,1,"2025/05/02 19:35:00","2025/05/02 19:34:32",VIC1,1,-0.01800000,1,0.01597146,1
D,FPP,REGION_FREQ_MEASURE,1,"2025/05/02 19:35:00","2025/05/02 19:34:36",NSW1,1,-0.02200000,1,0.02060513,1
D,FPP,REGION_FREQ_MEASURE,1,"2025/05/02 19:35:00","2025/05/02 19:34:36",QLD1,1,-0.02400000,1,0.01914152,1
D,FPP,REGION_FREQ_MEASURE,1,"2025/05/02 19:35:00","2025/05/02 19:34:36",SA1,1,-0.02500000,1,0.01833791,1
D,FPP,REGION_FREQ_MEASURE,1,"2025/05/02 19:35:00","2025/05/02 19:34:36",TAS1,1,-0.01900000,1,-0.00453268,0
D,FPP,REGION_FREQ_MEASURE,1,"2025/05/02 19:35:00","2025/05/02 19:34:36",VIC1,1,-0.02400000,1,0.01775558,1
D,FPP,REGION_FREQ_MEASURE,1,"2025/05/02 19:35:00","2025/05/02 19:34:40",NSW1,1,-0.00700000,1,0.01758177,1
D,FPP,REGION_FREQ_MEASURE,1,"2025/05/02 19:35:00","2025/05/02 19:34:40",QLD1,1,-0.00800000,1,0.01666563,1
D,FPP,REGION_FREQ_MEASURE,1,"2025/05/02 19:35:00","2025/05/02 19:34:40",SA1,1,-0.02500000,1,0.01981837,1
D,FPP,REGION_FREQ_MEASURE,1,"2025/05/02 19:35:00","2025/05/02 19:34:40",TAS1,1,-0.05300000,1,0.00825236,1
D,FPP,REGION_FREQ_MEASURE,1,"2025/05/02 19:35:00","2025/05/02 19:34:40",VIC1,1,-0.02400000,1,0.01914323,1
D,FPP,REGION_FREQ_MEASURE,1,"2025/05/02 19:35:00","2025/05/02 19:34:44",NSW1,1,-0.01800000,1,0.01767471,1
D,FPP,REGION_FREQ_MEASURE,1,"2025/05/02 19:35:00","2025/05/02 19:34:44",QLD1,1,-0.01700000,1,0.01673993,1
D,FPP,REGION_FREQ_MEASURE,1,"2025/05/02 19:35:00","2025/05/02 19:34:44",SA1,1,-0.01100000,1,0.01785873,1
D,FPP,REGION_FREQ_MEASURE,1,"2025/05/02 19:35:00","2025/05/02 19:34:44",TAS1,1,-0.04800000,1,0.01708517,1
D,FPP,REGION_FREQ_MEASURE,1,"2025/05/02 19:35:00","2025/05/02 19:34:44",VIC1,1,-0.01400000,1,0.01800029,1
D,FPP,REGION_FREQ_MEASURE,1,"2025/05/02 19:35:00","2025/05/02 19:34:48",NSW1,1,-0.02200000,1,0.01863589,1
D,FPP,REGION_FREQ_MEASURE,1,"2025/05/02 19:35:00","2025/05/02 19:34:48",QLD1,1,-0.02200000,1,0.01790883,1
D,FPP,REGION_FREQ_MEASURE,1,"2025/05/02 19:35:00","2025/05/02 19:34:48",SA1,1,-0.00600000,1,0.01522346,1
D,FPP,REGION_FREQ_MEASURE,1,"2025/05/02 19:35:00","2025/05/02 19:34:48",TAS1,1,-0.02100000,1,0.01795513,1
D,FPP,REGION_FREQ_MEASURE,1,"2025/05/02 19:35:00","2025/05/02 19:34:48",VIC1,1,-0.00600000,1,0.01533356,1
D,FPP,REGION_FREQ_MEASURE,1,"2025/05/02 19:35:00","2025/05/02 19:34:52",NSW1,1,-0.02200000,1,0.01938347,1
D,FPP,REGION_FREQ_MEASURE,1,"2025/05/02 19:35:00","2025/05/02 19:34:52",QLD1,1,-0.02100000,1,0.01859576,1
D,FPP,REGION_FREQ_MEASURE,1,"2025/05/02 19:35:00","2025/05/02 19:34:52",SA1,1,-0.01800000,1,0.01584047,1
D,FPP,REGION_FREQ_MEASURE,1,"2025/05/02 19:35:00","2025/05/02 19:34:52",TAS1,1,0.00800000,1,0.01218732,1
D,FPP,REGION_FREQ_MEASURE,1,"2025/05/02 19:35:00","2025/05/02 19:34:52",VIC1,1,-0.01900000,1,0.01614832,1
D,FPP,REGION_FREQ_MEASURE,1,"2025/05/02 19:35:00","2025/05/02 19:34:56",NSW1,1,-0.02500000,1,0.02063159,1
D,FPP,REGION_FREQ_MEASURE,1,"2025/05/02 19:35:00","2025/05/02 19:34:56",QLD1,1,-0.02400000,1,0.01979670,1
D,FPP,REGION_FREQ_MEASURE,1,"2025/05/02 19:35:00","2025/05/02 19:34:56",SA1,1,-0.02300000,1,0.01743148,1
D,FPP,REGION_FREQ_MEASURE,1,"2025/05/02 19:35:00","2025/05/02 19:34:56",TAS1,1,0.01200000,1,0.00681236,1
D,FPP,REGION_FREQ_MEASURE,1,"2025/05/02 19:35:00","2025/05/02 19:34:56",VIC1,1,-0.02300000,1,0.01767092,1
D,FPP,REGION_FREQ_MEASURE,1,"2025/05/02 19:35:00","2025/05/02 19:35:00",NSW1,1,-0.02100000,1,0.02071346,1
D,FPP,REGION_FREQ_MEASURE,1,"2025/05/02 19:35:00","2025/05/02 19:35:00",QLD1,1,-0.02200000,1,0.02028632,1
D,FPP,REGION_FREQ_MEASURE,1,"2025/05/02 19:35:00","2025/05/02 19:35:00",SA1,1,-0.02100000,1,0.01822448,1
D,FPP,REGION_FREQ_MEASURE,1,"2025/05/02 19:35:00","2025/05/02 19:35:00",TAS1,1,0.01500000,1,0.00196517,1
D,FPP,REGION_FREQ_MEASURE,1,"2025/05/02 19:35:00","2025/05/02 19:35:00",VIC1,1,-0.02300000,1,0.01885516,1
I,FPP,RESIDUAL_CF,1,INTERVAL_DATETIME,CONSTRAINTID,VERSIONNO,BIDTYPE,RESIDUAL_CF,NEGATIVE_RESIDUAL_CF,RESIDUAL_DCF,RESIDUAL_CF_REASON_FLAG,CF_ABS_POSITIVE_PERF_TOTAL,CF_ABS_NEGATIVE_PERF_TOTAL,NCF_ABS_NEGATIVE_PERF_TOTAL
D,FPP,RESIDUAL_CF,1,"2025/05/02 19:35:00",F_I+NIL_MG_R5,1,RAISEREG,0.04742371,0.00000000,-0.24731362,0,94.58032,105.10968,105.10968
D,FPP,RESIDUAL_CF,1,"2025/05/02 19:35:00",F_T+LREG_0050,1,LOWERREG,-0.88179320,-0.88179320,-0.22422379,0,9.34095,6.14880,6.14880
D,FPP,RESIDUAL_CF,1,"2025/05/02 19:35:00",F_T+RREG_0050,1,RAISEREG,0.75148255,0.00000000,-0.32144596,0,44.62238,63.05038,63.05038
D,FPP,RESIDUAL_CF,1,"2025/05/02 19:35:00",F_TASCAP_LREG_0210,1,LOWERREG,-0.31849100,-0.31849100,-0.28196824,0,10.10078,11.47012,11.47012
I,FPP,RESIDUAL_PERFORMANCE,1,INTERVAL_DATETIME,REGIONID,VERSIONNO,RAISE_PERFORMANCE,RAISE_REASON_FLAG,LOWER_PERFORMANCE,LOWER_REASON_FLAG
D,FPP,RESIDUAL_PERFORMANCE,1,"2025/05/02 19:35:00",NSW1,1,3.38973,0,-3.54574,0
D,FPP,RESIDUAL_PERFORMANCE,1,"2025/05/02 19:35:00",QLD1,1,-10.75352,0,-1.19485,0
D,FPP,RESIDUAL_PERFORMANCE,1,"2025/05/02 19:35:00",SA1,1,-8.13134,0,0.58315,0
D,FPP,RESIDUAL_PERFORMANCE,1,"2025/05/02 19:35:00",TAS1,1,33.53294,0,-5.42197,0
D,FPP,RESIDUAL_PERFORMANCE,1,"2025/05/02 19:35:00",VIC1,1,-13.55246,0,0.50431,0
I,FPP,FPP_RUN,1,INTERVAL_DATETIME,VERSIONNO,FPPRUN_DATETIME,RUN_STATUS,AUTHORISED_DATETIME
D,FPP,FPP_RUN,1,"2025/05/02 19:35:00",1,"2025/05/02 19:35:00",Completed,"2025/05/02 19:38:55"
C,"END OF REPORT",702
