C,SETP.WORLD,FPP_PUBLIC_RATES,AEMO,PUBLIC,2025/05/03,13:43:27,0000000461724841,FPP,0000000461724840
I,FPP,EST_PERF_COST_RATE,1,INTERVAL_DATETIME,CONSTRAINTID,VERSIONNO,BIDTYPE,RELEVANT_REGIONS,FPP_PAYMENT_RATE,FPP_RECOVERY_RATE,USED_FCAS_RATE,UNUSED_FCAS_RATE
D,FPP,EST_PERF_COST_RATE,1,"2025/05/03 13:40:00",F_MAIN++LREG_0210,1,LOWERREG,"NSW1,QLD1,SA1,VIC1",0.91343874,0.99006180,0.00707747,0.06986427
D,FPP,EST_PERF_COST_RATE,1,"2025/05/03 13:40:00",F_T+LREG_0050,1,LOWERREG,TAS1,2.94500966,0.90522198,0.00000000,0.45237762
D,FPP,EST_PERF_COST_RATE,1,"2025/05/03 13:40:00",F_T+RREG_0050,1,RAISEREG,TAS1,0.28666607,0.57639159,0.54134276,0.12287682
D,FPP,EST_PERF_COST_RATE,1,"2025/05/03 13:40:00",F_TASCAP_RREG_0220,1,RAISEREG,"NSW1,QLD1,SA1,VIC1",0.32654577,0.30898685,0.08853534,0.00018455
I,FPP,EST_RESIDUAL_COST_RATE,1,INTERVAL_DATETIME,CONSTRAINTID,VERSIONNO,BIDTYPE,RELEVANT_REGIONS,FPP,USED_FCAS,UNUSED_FCAS
D,FPP,EST_RESIDUAL_COST_RATE,1,"2025/05/03 13:40:00",F_MAIN++LREG_0210,1,LOWERREG,"NSW1,QLD1,SA1,VIC1",-0.00806380,-0.00005764,-0.00488727
D,FPP,EST_RESIDUAL_COST_RATE,1,"2025/05/03 13:40:00",F_T+LREG_0050,1,LOWERREG,TAS1,-0.02423743,0.00000000,-0.02681566
D,FPP,EST_RESIDUAL_COST_RATE,1,"2025/05/03 13:40:00",F_T+RREG_0050,1,RAISEREG,TAS1,0.05292106,0.00000000,-0.00886339
D,FPP,EST_RESIDUAL_COST_RATE,1,"2025/05/03 13:40:00",F_TASCAP_RREG_0220,1,RAISEREG,"NSW1,QLD1,SA1,VIC1",-0.05949865,-0.01704841,-0.00001412
I,FPP,FCAS_SUMMARY,1,RUN_DATETIME,RUNNO,INTERVAL_DATETIME,CONSTRAINTID,VERSIONNO,BIDTYPE,RELEVANT_REGIONS,REGULATION_MW,CONSTRAINT_MARGINAL_VALUE,P_REGULATION,BASE_COST,TSFCAS,TOTAL_FPP,RCR,USAGE,USAGE_VALUE
D,FPP,FCAS_SUMMARY,1,"2025/05/03 13:40:00",1,"2025/05/03 13:40:00",F_MAIN++LREG_0210,1,LOWERREG,"NSW1,QLD1,SA1,VIC1",203.47592000,1.12000000,1.12000000,18.99108587,18.99108587,55.39784880,593.54838,0.02085254,0.02085254
D,FPP,FCAS_SUMMARY,1,"2025/05/03 13:40:00",1,"2025/05/03 13:40:00",F_T+LREG_0050,1,LOWERREG,TAS1,50.00000000,2.39000000,2.39000000,9.95833333,9.95833333,8.48713497,42.61323,0.00000000,0.00000000
D,FPP,FCAS_SUMMARY,1,"2025/05/03 13:40:00",1,"2025/05/03 13:40:00",F_T+RREG_0050,1,RAISEREG,TAS1,50.00000000,5.74000000,5.74000000,23.91666667,23.91666667,23.02048047,48.12644,0.90400000,0.90400000
D,FPP,FCAS_SUMMARY,1,"2025/05/03 13:40:00",1,"2025/05/03 13:40:00",F_TASCAP_RREG_0220,1,RAISEREG,"NSW1,QLD1,SA1,VIC1",170.00000000,5.98000000,5.98000000,84.71666667,84.71666667,295.44233355,592.86087,0.99926471,0.99926471
C,"END OF REPORT",17
