C,SETP.WORLD,FPP_DCF,AEMO,PUBLIC,2025/03/31,06:17:29,0000000457156560,FPP,0000000457156560
I,FPP,FORECAST_DEFAULT_CF,1,FPP_UNITID,CONSTRAINTID,EFFECTIVE_START_DATETIME,EFFECTIVE_END_DATETIME,VERSIONNO,BIDTYPE,REGIONID,DEFAULT_CONTRIBUTION_FACTOR,DCF_REASON_FLAG,DCF_ABS_NEGATIVE_PERF_TOTAL,SETTLEMENTS_UNITID
D,FPP,FORECAST_DEFAULT_CF,1,ADPBA1,F_I+RREG_0220,"2025/03/31 06:10:00","2025/04/06 00:00:00",1,RAISEREG,SA1,-0.00017429,0,411.43419,ADPBA1
D,FPP,FORECAST_DEFAULT_CF,1,ADPPV1,F_I+RREG_0220,"2025/03/31 06:10:00","2025/04/06 00:00:00",1,RAISEREG,SA1,-0.00011450,0,411.43419,ADPPV1
D,FPP,FORECAST_DEFAULT_CF,1,AGLHAL,F_I+RREG_0220,"2025/03/31 06:10:00","2025/04/06 00:00:00",1,RAISEREG,SA1,-0.00024164,0,411.43419,AGLHAL
D,FPP,FORECAST_DEFAULT_CF,1,AGLSOM,F_I+RREG_0220,"2025/03/31 06:10:00","2025/04/06 00:00:00",1,RAISEREG,VIC1,-0.00038526,0,411.43419,AGLSOM
D,FPP,FORECAST_DEFAULT_CF,1,ALDGASF1,F_I+RREG_0220,"2025/03/31 06:10:00","2025/04/06 00:00:00",1,RAISEREG,QLD1,0.00000000,4,411.43419,ALDGASF1
D,FPP,FORECAST_DEFAULT_CF,1,ANGAST1,F_I+RREG_0220,"2025/03/31 06:10:00","2025/04/06 00:00:00",1,RAISEREG,SA1,-0.00000926,0,411.43419,ANGAST1
D,FPP,FORECAST_DEFAULT_CF,1,APD_LOAD,F_I+RREG_0220,"2025/03/31 06:10:00","2025/04/06 00:00:00",1,RAISEREG,VIC1,-0.00154051,0,411.43419,VAPD
D,FPP,FORECAST_DEFAULT_CF,1,ARWF1,F_I+RREG_0220,"2025/03/31 06:10:00","2025/04/06 00:00:00",1,RAISEREG,VIC1,-0.00465455,0,411.43419,ARWF1
D,FPP,FORECAST_DEFAULT_CF,1,AVLSF1,F_I+RREG_0220,"2025/03/31 06:10:00","2025/04/06 00:00:00",1,RAISEREG,NSW1,-0.01023359,0,411.43419,AVLSF1
D,FPP,FORECAST_DEFAULT_CF,1,BALB1,F_I+RREG_0220,"2025/03/31 06:10:00","2025/04/06 00:00:00",1,RAISEREG,VIC1,-0.00019357,0,411.43419,BALB1
D,FPP,FORECAST_DEFAULT_CF,1,BALDHWF1,F_I+RREG_0220,"2025/03/31 06:10:00","2025/04/06 00:00:00",1,RAISEREG,VIC1,-0.00136865,0,411.43419,BALDHWF1
D,FPP,FORECAST_DEFAULT_CF,1,BANGOWF1,F_I+RREG_0220,"2025/03/31 06:10:00","2025/04/06 00:00:00",1,RAISEREG,NSW1,-0.00318328,0,411.43419,BANGOWF1
D,FPP,FORECAST_DEFAULT_CF,1,BANGOWF2,F_I+RREG_0220,"2025/03/31 06:10:00","2025/04/06 00:00:00",1,RAISEREG,NSW1,-0.00223241,0,411.43419,BANGOWF2
D,FPP,FORECAST_DEFAULT_CF,1,BANN1,F_I+RREG_0220,"2025/03/31 06:10:00","2025/04/06 00:00:00",1,RAISEREG,VIC1,-0.00163309,0,411.43419,BANN1
D,FPP,FORECAST_DEFAULT_CF,1,BARCALDN,F_I+RREG_0220,"2025/03/31 06:10:00","2025/04/06 00:00:00",1,RAISEREG,QLD1,-0.00003019,0,411.43419,BARCALDN
D,FPP,FORECAST_DEFAULT_CF,1,BARCSF1,F_I+RREG_0220,"2025/03/31 06:10:00","2025/04/06 00:00:00",1,RAISEREG,QLD1,-0.00070787,0,411.43419,BARCSF1
D,FPP,FORECAST_DEFAULT_CF,1,BARKIPS1,F_I+RREG_0220,"2025/03/31 06:10:00","2025/04/06 00:00:00",1,RAISEREG,SA1,-0.00180447,0,411.43419,BARKIPS1
D,FPP,FORECAST_DEFAULT_CF,1,BARRON-1,F_I+RREG_0220,"2025/03/31 06:10:00","2025/04/06 00:00:00",1,RAISEREG,QLD1,-0.00009314,0,411.43419,BARRON-1
D,FPP,FORECAST_DEFAULT_CF,1,BARRON-2,F_I+RREG_0220,"2025/03/31 06:10:00","2025/04/06 00:00:00",1,RAISEREG,QLD1,-0.00005333,0,411.43419,BARRON-2
D,FPP,FORECAST_DEFAULT_CF,1,BASTYAN,F_I+RREG_0220,"2025/03/31 06:10:00","2025/04/06 00:00:00",1,RAISEREG,TAS1,-0.00019753,0,411.43419,BASTYAN
D,FPP,FORECAST_DEFAULT_CF,1,BBATTERY1,F_I+RREG_0220,"2025/03/31 06:10:00","2025/04/06 00:00:00",1,RAISEREG,QLD1,-0.00053758,0,411.43419,BBATTERY1
D,FPP,FORECAST_DEFAULT_CF,1,BBTHREE1,F_I+RREG_0220,"2025/03/31 06:10:00","2025/04/06 00:00:00",1,RAISEREG,TAS1,-0.00061480,0,411.43419,BBTHREE1
D,FPP,FORECAST_DEFAULT_CF,1,BBTHREE2,F_I+RREG_0220,"2025/03/31 06:10:00","2025/04/06 00:00:00",1,RAISEREG,TAS1,0.00000000,0,411.43419,BBTHREE2
D,FPP,FORECAST_DEFAULT_CF,1,BBTHREE3,F_I+RREG_0220,"2025/03/31 06:10:00","2025/04/06 00:00:00",1,RAISEREG,TAS1,0.00000000,0,411.43419,BBTHREE3
D,FPP,FORECAST_DEFAULT_CF,1,BDL01,F_I+RREG_0220,"2025/03/31 06:10:00","2025/04/06 00:00:00",1,RAISEREG,VIC1,-0.00000032,0,411.43419,BDL01
D,FPP,FORECAST_DEFAULT_CF,1,BDL02,F_I+RREG_0220,"2025/03/31 06:10:00","2025/04/06 00:00:00",1,RAISEREG,VIC1,0.00000000,0,411.43419,BDL02
D,FPP,FORECAST_DEFAULT_CF,1,BERYLSF1,F_I+RREG_0220,"2025/03/31 06:10:00","2025/04/06 00:00:00",1,RAISEREG,NSW1,-0.00388998,0,411.43419,BERYLSF1
D,FPP,FORECAST_DEFAULT_CF,1,BHB1,F_I+RREG_0220,"2025/03/31 06:10:00","2025/04/06 00:00:00",1,RAISEREG,NSW1,-0.00002542,0,411.43419,BHB1
D,FPP,FORECAST_DEFAULT_CF,1,BLOWERNG,F_I+RREG_0220,"2025/03/31 06:10:00","2025/04/06 00:00:00",1,RAISEREG,NSW1,-0.00018333,0,411.43419,BLOWERNG
D,FPP,FORECAST_DEFAULT_CF,1,BLUEGSF1,F_I+RREG_0220,"2025/03/31 06:10:00","2025/04/06 00:00:00",1,RAISEREG,QLD1,-0.00527042,0,411.43419,BLUEGSF1
D,FPP,FORECAST_DEFAULT_CF,1,BLUFF1,F_I+RREG_0220,"2025/03/31 06:10:00","2025/04/06 00:00:00",1,RAISEREG,SA1,-0.00169879,0,411.43419,BLUFF1
D,FPP,FORECAST_DEFAULT_CF,1,BLYTHB1,F_I+RREG_0220,"2025/03/31 06:10:00","2025/04/06 00:00:00",1,RAISEREG,SA1,-0.00589936,0,411.43419,BLYTHB1
D,FPP,FORECAST_DEFAULT_CF,1,BNGSF1,F_I+RREG_0220,"2025/03/31 06:10:00","2025/04/06 00:00:00",1,RAISEREG,SA1,-0.00202550,0,411.43419,BNGSF1
D,FPP,FORECAST_DEFAULT_CF,1,BNGSF2,F_I+RREG_0220,"2025/03/31 06:10:00","2025/04/06 00:00:00",1,RAISEREG,SA1,-0.00205549,0,411.43419,BNGSF2
D,FPP,FORECAST_DEFAULT_CF,1,BOCORWF1,F_I+RREG_0220,"2025/03/31 06:10:00","2025/04/06 00:00:00",1,RAISEREG,NSW1,-0.00231804,0,411.43419,BOCORWF1
D,FPP,FORECAST_DEFAULT_CF,1,BODWF1,F_I+RREG_0220,"2025/03/31 06:10:00","2025/04/06 00:00:00",1,RAISEREG,NSW1,-0.00264084,0,411.43419,BODWF1
D,FPP,FORECAST_DEFAULT_CF,1,BOLIVPS1,F_I+RREG_0220,"2025/03/31 06:10:00","2025/04/06 00:00:00",1,RAISEREG,SA1,-0.00017354,0,411.43419,BOLIVPS1
D,FPP,FORECAST_DEFAULT_CF,1,BOMENSF1,F_I+RREG_0220,"2025/03/31 06:10:00","2025/04/06 00:00:00",1,RAISEREG,NSW1,-0.00245835,0,411.43419,BOMENSF1
D,FPP,FORECAST_DEFAULT_CF,1,BOWWBA1,F_I+RREG_0220,"2025/03/31 06:10:00","2025/04/06 00:00:00",1,RAISEREG,SA1,-0.00003041,0,411.43419,BOWWBA1
D,FPP,FORECAST_DEFAULT_CF,1,BOWWPV1,F_I+RREG_0220,"2025/03/31 06:10:00","2025/04/06 00:00:00",1,RAISEREG,SA1,-0.00004992,0,411.43419,BOWWPV1
D,FPP,FORECAST_DEFAULT_CF,1,BOYNE_LOAD,F_I+RREG_0220,"2025/03/31 06:10:00","2025/04/06 00:00:00",1,RAISEREG,QLD1,-0.00110100,0,411.43419,QBOH
D,FPP,FORECAST_DEFAULT_CF,1,BRAEMAR1,F_I+RREG_0220,"2025/03/31 06:10:00","2025/04/06 00:00:00",1,RAISEREG,QLD1,-0.00021090,0,411.43419,BRAEMAR1
D,FPP,FORECAST_DEFAULT_CF,1,BRAEMAR2,F_I+RREG_0220,"2025/03/31 06:10:00","2025/04/06 00:00:00",1,RAISEREG,QLD1,-0.00000802,0,411.43419,BRAEMAR2
D,FPP,FORECAST_DEFAULT_CF,1,BRAEMAR3,F_I+RREG_0220,"2025/03/31 06:10:00","2025/04/06 00:00:00",1,RAISEREG,QLD1,-0.00079796,0,411.43419,BRAEMAR3
D,FPP,FORECAST_DEFAULT_CF,1,BRAEMAR5,F_I+RREG_0220,"2025/03/31 06:10:00","2025/04/06 00:00:00",1,RAISEREG,QLD1,-0.00007389,0,411.43419,BRAEMAR5
D,FPP,FORECAST_DEFAULT_CF,1,BRAEMAR6,F_I+RREG_0220,"2025/03/31 06:10:00","2025/04/06 00:00:00",1,RAISEREG,QLD1,0.00000000,0,411.43419,BRAEMAR6
D,FPP,FORECAST_DEFAULT_CF,1,BRAEMAR7,F_I+RREG_0220,"2025/03/31 06:10:00","2025/04/06 00:00:00",1,RAISEREG,QLD1,-0.00001543,0,411.43419,BRAEMAR7
D,FPP,FORECAST_DEFAULT_CF,1,BROKENH1,F_I+RREG_0220,"2025/03/31 06:10:00","2025/04/06 00:00:00",1,RAISEREG,NSW1,-0.00215332,0,411.43419,BROKENH1
D,FPP,FORECAST_DEFAULT_CF,1,BRYB1WF1,F_I+RREG_0220,"2025/03/31 06:10:00","2025/04/06 00:00:00",1,RAISEREG,VIC1,-0.00480536,0,411.43419,BRYB1WF1
D,FPP,FORECAST_DEFAULT_CF,1,BRYB2WF2,F_I+RREG_0220,"2025/03/31 06:10:00","2025/04/06 00:00:00",1,RAISEREG,VIC1,-0.00311911,0,411.43419,BRYB2WF2
D,FPP,FORECAST_DEFAULT_CF,1,BULBES1,F_I+RREG_0220,"2025/03/31 06:10:00","2025/04/06 00:00:00",1,RAISEREG,VIC1,-0.00036404,0,411.43419,BULBES1
D,FPP,FORECAST_DEFAULT_CF,1,BULGANA1,F_I+RREG_0220,"2025/03/31 06:10:00","2025/04/06 00:00:00",1,RAISEREG,VIC1,-0.00289619,0,411.43419,BULGANA1
D,FPP,FORECAST_DEFAULT_CF,1,BUTLERSG,F_I+RREG_0220,"2025/03/31 06:10:00","2025/04/06 00:00:00",1,RAISEREG,TAS1,-0.00002764,0,411.43419,BUTLERSG
D,FPP,FORECAST_DEFAULT_CF,1,BW01,F_I+RREG_0220,"2025/03/31 06:10:00","2025/04/06 00:00:00",1,RAISEREG,NSW1,-0.00037950,0,411.43419,BW01
D,FPP,FORECAST_DEFAULT_CF,1,BW02,F_I+RREG_0220,"2025/03/31 06:10:00","2025/04/06 00:00:00",1,RAISEREG,NSW1,-0.00034312,0,411.43419,BW02
D,FPP,FORECAST_DEFAULT_CF,1,BW03,F_I+RREG_0220,"2025/03/31 06:10:00","2025/04/06 00:00:00",1,RAISEREG,NSW1,-0.00114137,0,411.43419,BW03
D,FPP,FORECAST_DEFAULT_CF,1,BW04,F_I+RREG_0220,"2025/03/31 06:10:00","2025/04/06 00:00:00",1,RAISEREG,NSW1,-0.00054449,0,411.43419,BW04
D,FPP,FORECAST_DEFAULT_CF,1,BWTR1,F_I+RREG_0220,"2025/03/31 06:10:00","2025/04/06 00:00:00",1,RAISEREG,NSW1,-0.00004105,0,411.43419,BWTR1
D,FPP,FORECAST_DEFAULT_CF,1,CALL_B_1,F_I+RREG_0220,"2025/03/31 06:10:00","2025/04/06 00:00:00",1,RAISEREG,QLD1,-0.00026220,0,411.43419,CALL_B_1
D,FPP,FORECAST_DEFAULT_CF,1,CALL_B_2,F_I+RREG_0220,"2025/03/31 06:10:00","2025/04/06 00:00:00",1,RAISEREG,QLD1,-0.00023377,0,411.43419,CALL_B_2
D,FPP,FORECAST_DEFAULT_CF,1,CAPBES1,F_I+RREG_0220,"2025/03/31 06:10:00","2025/04/06 00:00:00",1,RAISEREG,NSW1,-0.00043258,0,411.43419,CAPBES1
D,FPP,FORECAST_DEFAULT_CF,1,CAPTL_WF,F_I+RREG_0220,"2025/03/31 06:10:00","2025/04/06 00:00:00",1,RAISEREG,NSW1,-0.00149511,0,411.43419,CAPTL_WF
D,FPP,FORECAST_DEFAULT_CF,1,CATHROCK,F_I+RREG_0220,"2025/03/31 06:10:00","2025/04/06 00:00:00",1,RAISEREG,SA1,-0.00162913,0,411.43419,CATHROCK
D,FPP,FORECAST_DEFAULT_CF,1,CBWWBA1,F_I+RREG_0220,"2025/03/31 06:10:00","2025/04/06 00:00:00",1,RAISEREG,SA1,-0.00004919,0,411.43419,CBWWBA1
D,FPP,FORECAST_DEFAULT_CF,1,CETHANA,F_I+RREG_0220,"2025/03/31 06:10:00","2025/04/06 00:00:00",1,RAISEREG,TAS1,-0.00061167,0,411.43419,CETHANA
D,FPP,FORECAST_DEFAULT_CF,1,CG1,F_I+RREG_0220,"2025/03/31 06:10:00","2025/04/06 00:00:00",1,RAISEREG,NSW1,-0.00000452,0,411.43419,CG1
D,FPP,FORECAST_DEFAULT_CF,1,CG2,F_I+RREG_0220,"2025/03/31 06:10:00","2025/04/06 00:00:00",1,RAISEREG,NSW1,-0.00007112,0,411.43419,CG2
D,FPP,FORECAST_DEFAULT_CF,1,CG3,F_I+RREG_0220,"2025/03/31 06:10:00","2025/04/06 00:00:00",1,RAISEREG,NSW1,-0.00002934,0,411.43419,CG3
D,FPP,FORECAST_DEFAULT_CF,1,CG4,F_I+RREG_0220,"2025/03/31 06:10:00","2025/04/06 00:00:00",1,RAISEREG,NSW1,-0.00004810,0,411.43419,CG4
D,FPP,FORECAST_DEFAULT_CF,1,CHALLHWF,F_I+RREG_0220,"2025/03/31 06:10:00","2025/04/06 00:00:00",1,RAISEREG,VIC1,-0.00076620,0,411.43419,CHALLHWF
D,FPP,FORECAST_DEFAULT_CF,1,CHBESS1,F_I+RREG_0220,"2025/03/31 06:10:00","2025/04/06 00:00:00",1,RAISEREG,QLD1,-0.00005398,0,411.43419,CHBESS1
D,FPP,FORECAST_DEFAULT_CF,1,CHILDSF1,F_I+RREG_0220,"2025/03/31 06:10:00","2025/04/06 00:00:00",1,RAISEREG,QLD1,-0.00200829,0,411.43419,CHILDSF1
D,FPP,FORECAST_DEFAULT_CF,1,CHYTWF1,F_I+RREG_0220,"2025/03/31 06:10:00","2025/04/06 00:00:00",1,RAISEREG,VIC1,-0.00151861,0,411.43419,CHYTWF1
D,FPP,FORECAST_DEFAULT_CF,1,CLARESF1,F_I+RREG_0220,"2025/03/31 06:10:00","2025/04/06 00:00:00",1,RAISEREG,QLD1,-0.00408491,0,411.43419,CLARESF1
D,FPP,FORECAST_DEFAULT_CF,1,CLEMGPWF,F_I+RREG_0220,"2025/03/31 06:10:00","2025/04/06 00:00:00",1,RAISEREG,SA1,-0.00143889,0,411.43419,CLEMGPWF
D,FPP,FORECAST_DEFAULT_CF,1,CLERMSF1,F_I+RREG_0220,"2025/03/31 06:10:00","2025/04/06 00:00:00",1,RAISEREG,QLD1,-0.00339267,0,411.43419,CLERMSF1
D,FPP,FORECAST_DEFAULT_CF,1,CLOVER,F_I+RREG_0220,"2025/03/31 06:10:00","2025/04/06 00:00:00",1,RAISEREG,VIC1,-0.00000092,0,411.43419,CLOVER
D,FPP,FORECAST_DEFAULT_CF,1,CLRKCWF1,F_I+RREG_0220,"2025/03/31 06:10:00","2025/04/06 00:00:00",1,RAISEREG,QLD1,-0.00286323,0,411.43419,CLRKCWF1
D,FPP,FORECAST_DEFAULT_CF,1,CLUNY,F_I+RREG_0220,"2025/03/31 06:10:00","2025/04/06 00:00:00",1,RAISEREG,TAS1,-0.00011786,0,411.43419,CLUNY
D,FPP,FORECAST_DEFAULT_CF,1,CNUNDAWF,F_I+RREG_0220,"2025/03/31 06:10:00","2025/04/06 00:00:00",1,RAISEREG,SA1,-0.00088716,0,411.43419,CNUNDAWF
D,FPP,FORECAST_DEFAULT_CF,1,COHUNSF1,F_I+RREG_0220,"2025/03/31 06:10:00","2025/04/06 00:00:00",1,RAISEREG,VIC1,-0.00020545,0,411.43419,COHUNSF1
D,FPP,FORECAST_DEFAULT_CF,1,COLEASF1,F_I+RREG_0220,"2025/03/31 06:10:00","2025/04/06 00:00:00",1,RAISEREG,NSW1,-0.00511102,0,411.43419,COLEASF1
D,FPP,FORECAST_DEFAULT_CF,1,COLUMSF1,F_I+RREG_0220,"2025/03/31 06:10:00","2025/04/06 00:00:00",1,RAISEREG,QLD1,-0.00522098,0,411.43419,COLUMSF1
D,FPP,FORECAST_DEFAULT_CF,1,COLWF01,F_I+RREG_0220,"2025/03/31 06:10:00","2025/04/06 00:00:00",1,RAISEREG,NSW1,-0.00274515,0,411.43419,COLWF01
D,FPP,FORECAST_DEFAULT_CF,1,COOPGWF1,F_I+RREG_0220,"2025/03/31 06:10:00","2025/04/06 00:00:00",1,RAISEREG,QLD1,-0.00597704,0,411.43419,COOPGWF1
D,FPP,FORECAST_DEFAULT_CF,1,CPP_3,F_I+RREG_0220,"2025/03/31 06:10:00","2025/04/06 00:00:00",1,RAISEREG,QLD1,-0.00172847,0,411.43419,CPP_3
D,FPP,FORECAST_DEFAULT_CF,1,CPP_4,F_I+RREG_0220,"2025/03/31 06:10:00","2025/04/06 00:00:00",1,RAISEREG,QLD1,-0.00367867,0,411.43419,CPP_4
D,FPP,FORECAST_DEFAULT_CF,1,CPSA,F_I+RREG_0220,"2025/03/31 06:10:00","2025/04/06 00:00:00",1,RAISEREG,QLD1,-0.00008825,0,411.43419,CPSA
D,FPP,FORECAST_DEFAULT_CF,1,CROOKWF2,F_I+RREG_0220,"2025/03/31 06:10:00","2025/04/06 00:00:00",1,RAISEREG,NSW1,-0.00164447,0,411.43419,CROOKWF2
D,FPP,FORECAST_DEFAULT_CF,1,CROOKWF3,F_I+RREG_0220,"2025/03/31 06:10:00","2025/04/06 00:00:00",1,RAISEREG,NSW1,-0.00170107,0,411.43419,CROOKWF3
D,FPP,FORECAST_DEFAULT_CF,1,CROWLWF1,F_I+RREG_0220,"2025/03/31 06:10:00","2025/04/06 00:00:00",1,RAISEREG,VIC1,-0.00177601,0,411.43419,CROWLWF1
D,FPP,FORECAST_DEFAULT_CF,1,CRURWF1,F_I+RREG_0220,"2025/03/31 06:10:00","2025/04/06 00:00:00",1,RAISEREG,NSW1,-0.00201714,0,411.43419,CRURWF1
D,FPP,FORECAST_DEFAULT_CF,1,CRWASF1,F_I+RREG_0220,"2025/03/31 06:10:00","2025/04/06 00:00:00",1,RAISEREG,NSW1,-0.00144018,0,411.43419,CRWASF1
D,FPP,FORECAST_DEFAULT_CF,1,CSPVPS1,F_I+RREG_0220,"2025/03/31 06:10:00","2025/04/06 00:00:00",1,RAISEREG,QLD1,-0.00169458,0,411.43419,CSPVPS1
D,FPP,FORECAST_DEFAULT_CF,1,CTHLWF1,F_I+RREG_0220,"2025/03/31 06:10:00","2025/04/06 00:00:00",1,RAISEREG,TAS1,-0.00280810,0,411.43419,CTHLWF1
D,FPP,FORECAST_DEFAULT_CF,1,CULLRGWF,F_I+RREG_0220,"2025/03/31 06:10:00","2025/04/06 00:00:00",1,RAISEREG,NSW1,-0.00082993,0,411.43419,CULLRGWF
D,FPP,FORECAST_DEFAULT_CF,1,DALNTH1,F_I+RREG_0220,"2025/03/31 06:10:00","2025/04/06 00:00:00",1,RAISEREG,SA1,-0.00014953,0,411.43419,DALNTH1
D,FPP,FORECAST_DEFAULT_CF,1,DARLSF1,F_I+RREG_0220,"2025/03/31 06:10:00","2025/04/06 00:00:00",1,RAISEREG,NSW1,-0.00824518,0,411.43419,DARLSF1
D,FPP,FORECAST_DEFAULT_CF,1,DARTM1,F_I+RREG_0220,"2025/03/31 06:10:00","2025/04/06 00:00:00",1,RAISEREG,VIC1,-0.00348880,0,411.43419,DARTM1
D,FPP,FORECAST_DEFAULT_CF,1,DAYDSF1,F_I+RREG_0220,"2025/03/31 06:10:00","2025/04/06 00:00:00",1,RAISEREG,QLD1,-0.00575183,0,411.43419,DAYDSF1
D,FPP,FORECAST_DEFAULT_CF,1,DDPS1,F_I+RREG_0220,"2025/03/31 06:10:00","2025/04/06 00:00:00",1,RAISEREG,QLD1,-0.00036932,0,411.43419,DDPS1
D,FPP,FORECAST_DEFAULT_CF,1,DDSF1,F_I+RREG_0220,"2025/03/31 06:10:00","2025/04/06 00:00:00",1,RAISEREG,QLD1,-0.00361251,0,411.43419,DDSF1
D,FPP,FORECAST_DEFAULT_CF,1,DEVILS_G,F_I+RREG_0220,"2025/03/31 06:10:00","2025/04/06 00:00:00",1,RAISEREG,TAS1,-0.00007566,0,411.43419,DEVILS_G
D,FPP,FORECAST_DEFAULT_CF,1,DIAPURWF1,F_I+RREG_0220,"2025/03/31 06:10:00","2025/04/06 00:00:00",1,RAISEREG,VIC1,-0.00022334,0,411.43419,DIAPURWF1
D,FPP,FORECAST_DEFAULT_CF,1,DPNTB1,F_I+RREG_0220,"2025/03/31 06:10:00","2025/04/06 00:00:00",1,RAISEREG,NSW1,-0.00005989,0,411.43419,DPNTB1
D,FPP,FORECAST_DEFAULT_CF,1,DRYCGT1,F_I+RREG_0220,"2025/03/31 06:10:00","2025/04/06 00:00:00",1,RAISEREG,SA1,0.00000000,0,411.43419,DRYCGT1
D,FPP,FORECAST_DEFAULT_CF,1,DRYCGT2,F_I+RREG_0220,"2025/03/31 06:10:00","2025/04/06 00:00:00",1,RAISEREG,SA1,0.00000000,0,411.43419,DRYCGT2
D,FPP,FORECAST_DEFAULT_CF,1,DRYCGT3,F_I+RREG_0220,"2025/03/31 06:10:00","2025/04/06 00:00:00",1,RAISEREG,SA1,-0.00001925,0,411.43419,DRYCGT3
D,FPP,FORECAST_DEFAULT_CF,1,DULAWF1,F_I+RREG_0220,"2025/03/31 06:10:00","2025/04/06 00:00:00",1,RAISEREG,QLD1,-0.00386417,0,411.43419,DULAWF1
D,FPP,FORECAST_DEFAULT_CF,1,DUNDWF1,F_I+RREG_0220,"2025/03/31 06:10:00","2025/04/06 00:00:00",1,RAISEREG,VIC1,-0.00337500,0,411.43419,DUNDWF1
D,FPP,FORECAST_DEFAULT_CF,1,DUNDWF2,F_I+RREG_0220,"2025/03/31 06:10:00","2025/04/06 00:00:00",1,RAISEREG,VIC1,-0.00114373,0,411.43419,DUNDWF2
D,FPP,FORECAST_DEFAULT_CF,1,DUNDWF3,F_I+RREG_0220,"2025/03/31 06:10:00","2025/04/06 00:00:00",1,RAISEREG,VIC1,-0.00329751,0,411.43419,DUNDWF3
D,FPP,FORECAST_DEFAULT_CF,1,EDENVSF1,F_I+RREG_0220,"2025/03/31 06:10:00","2025/04/06 00:00:00",1,RAISEREG,QLD1,-0.00496369,0,411.43419,EDENVSF1
D,FPP,FORECAST_DEFAULT_CF,1,EILDON1,F_I+RREG_0220,"2025/03/31 06:10:00","2025/04/06 00:00:00",1,RAISEREG,VIC1,-0.00057212,0,411.43419,EILDON1
D,FPP,FORECAST_DEFAULT_CF,1,EILDON2,F_I+RREG_0220,"2025/03/31 06:10:00","2025/04/06 00:00:00",1,RAISEREG,VIC1,-0.00015004,0,411.43419,EILDON2
D,FPP,FORECAST_DEFAULT_CF,1,ELAINWF1,F_I+RREG_0220,"2025/03/31 06:10:00","2025/04/06 00:00:00",1,RAISEREG,VIC1,-0.00156654,0,411.43419,ELAINWF1
D,FPP,FORECAST_DEFAULT_CF,1,EMERASF1,F_I+RREG_0220,"2025/03/31 06:10:00","2025/04/06 00:00:00",1,RAISEREG,QLD1,-0.00271312,0,411.43419,EMERASF1
D,FPP,FORECAST_DEFAULT_CF,1,ER01,F_I+RREG_0220,"2025/03/31 06:10:00","2025/04/06 00:00:00",1,RAISEREG,NSW1,-0.00175958,0,411.43419,ER01
D,FPP,FORECAST_DEFAULT_CF,1,ER02,F_I+RREG_0220,"2025/03/31 06:10:00","2025/04/06 00:00:00",1,RAISEREG,NSW1,-0.00137869,0,411.43419,ER02
D,FPP,FORECAST_DEFAULT_CF,1,ER03,F_I+RREG_0220,"2025/03/31 06:10:00","2025/04/06 00:00:00",1,RAISEREG,NSW1,-0.00365677,0,411.43419,ER03
D,FPP,FORECAST_DEFAULT_CF,1,ER04,F_I+RREG_0220,"2025/03/31 06:10:00","2025/04/06 00:00:00",1,RAISEREG,NSW1,-0.00256799,0,411.43419,ER04
D,FPP,FORECAST_DEFAULT_CF,1,ERB01,F_I+RREG_0220,"2025/03/31 06:10:00","2025/04/06 00:00:00",1,RAISEREG,NSW1,-0.00094370,0,411.43419,ERB01
D,FPP,FORECAST_DEFAULT_CF,1,ERGT01,F_I+RREG_0220,"2025/03/31 06:10:00","2025/04/06 00:00:00",1,RAISEREG,NSW1,0.00000000,0,411.43419,ERGT01
D,FPP,FORECAST_DEFAULT_CF,1,FINLYSF1,F_I+RREG_0220,"2025/03/31 06:10:00","2025/04/06 00:00:00",1,RAISEREG,NSW1,-0.00532911,0,411.43419,FINLYSF1
D,FPP,FORECAST_DEFAULT_CF,1,FISHER,F_I+RREG_0220,"2025/03/31 06:10:00","2025/04/06 00:00:00",1,RAISEREG,TAS1,-0.00139852,0,411.43419,FISHER
D,FPP,FORECAST_DEFAULT_CF,1,FLYCRKWF,F_I+RREG_0220,"2025/03/31 06:10:00","2025/04/06 00:00:00",1,RAISEREG,NSW1,-0.00303290,0,411.43419,FLYCRKWF
D,FPP,FORECAST_DEFAULT_CF,1,GANGARR1,F_I+RREG_0220,"2025/03/31 06:10:00","2025/04/06 00:00:00",1,RAISEREG,QLD1,-0.00434667,0,411.43419,GANGARR1
D,FPP,FORECAST_DEFAULT_CF,1,GANNB1,F_I+RREG_0220,"2025/03/31 06:10:00","2025/04/06 00:00:00",1,RAISEREG,VIC1,-0.00060442,0,411.43419,GANNB1
D,FPP,FORECAST_DEFAULT_CF,1,GANNSF1,F_I+RREG_0220,"2025/03/31 06:10:00","2025/04/06 00:00:00",1,RAISEREG,VIC1,-0.00139291,0,411.43419,GANNSF1
D,FPP,FORECAST_DEFAULT_CF,1,GB01,F_I+RREG_0220,"2025/03/31 06:10:00","2025/04/06 00:00:00",1,RAISEREG,NSW1,0.00000000,4,411.43419,GB01
D,FPP,FORECAST_DEFAULT_CF,1,GERMCRK,F_I+RREG_0220,"2025/03/31 06:10:00","2025/04/06 00:00:00",1,RAISEREG,QLD1,-0.00038123,0,411.43419,GERMCRK
D,FPP,FORECAST_DEFAULT_CF,1,GIRGSF,F_I+RREG_0220,"2025/03/31 06:10:00","2025/04/06 00:00:00",1,RAISEREG,VIC1,-0.00359071,0,411.43419,GIRGSF
D,FPP,FORECAST_DEFAULT_CF,1,GLENSF1,F_I+RREG_0220,"2025/03/31 06:10:00","2025/04/06 00:00:00",1,RAISEREG,VIC1,-0.00477705,0,411.43419,GLENSF1
D,FPP,FORECAST_DEFAULT_CF,1,GLRWNSF1,F_I+RREG_0220,"2025/03/31 06:10:00","2025/04/06 00:00:00",1,RAISEREG,VIC1,-0.00412822,0,411.43419,GLRWNSF1
D,FPP,FORECAST_DEFAULT_CF,1,GNNDHSF1,F_I+RREG_0220,"2025/03/31 06:10:00","2025/04/06 00:00:00",1,RAISEREG,NSW1,-0.00197490,0,411.43419,GNNDHSF1
D,FPP,FORECAST_DEFAULT_CF,1,GOONSF1,F_I+RREG_0220,"2025/03/31 06:10:00","2025/04/06 00:00:00",1,RAISEREG,NSW1,-0.00390488,0,411.43419,GOONSF1
D,FPP,FORECAST_DEFAULT_CF,1,GORDON,F_I+RREG_0220,"2025/03/31 06:10:00","2025/04/06 00:00:00",1,RAISEREG,TAS1,-0.00183922,0,411.43419,GORDON
D,FPP,FORECAST_DEFAULT_CF,1,GPWFEST1,F_I+RREG_0220,"2025/03/31 06:10:00","2025/04/06 00:00:00",1,RAISEREG,VIC1,-0.00269883,0,411.43419,GPWFEST1
D,FPP,FORECAST_DEFAULT_CF,1,GPWFEST2,F_I+RREG_0220,"2025/03/31 06:10:00","2025/04/06 00:00:00",1,RAISEREG,VIC1,-0.00485368,0,411.43419,GPWFEST2
D,FPP,FORECAST_DEFAULT_CF,1,GPWFEST3,F_I+RREG_0220,"2025/03/31 06:10:00","2025/04/06 00:00:00",1,RAISEREG,VIC1,0.00000000,0,411.43419,GPWFEST3
D,FPP,FORECAST_DEFAULT_CF,1,GRANWF1,F_I+RREG_0220,"2025/03/31 06:10:00","2025/04/06 00:00:00",1,RAISEREG,TAS1,-0.00162422,0,411.43419,GRANWF1
D,FPP,FORECAST_DEFAULT_CF,1,GREENB1,F_I+RREG_0220,"2025/03/31 06:10:00","2025/04/06 00:00:00",1,RAISEREG,QLD1,-0.00056741,0,411.43419,GREENB1
D,FPP,FORECAST_DEFAULT_CF,1,GRIFSF1,F_I+RREG_0220,"2025/03/31 06:10:00","2025/04/06 00:00:00",1,RAISEREG,NSW1,-0.00052305,0,411.43419,GRIFSF1
D,FPP,FORECAST_DEFAULT_CF,1,GSTONE1,F_I+RREG_0220,"2025/03/31 06:10:00","2025/04/06 00:00:00",1,RAISEREG,QLD1,-0.00062817,0,411.43419,GSTONE1
D,FPP,FORECAST_DEFAULT_CF,1,GSTONE2,F_I+RREG_0220,"2025/03/31 06:10:00","2025/04/06 00:00:00",1,RAISEREG,QLD1,-0.00153281,0,411.43419,GSTONE2
D,FPP,FORECAST_DEFAULT_CF,1,GSTONE3,F_I+RREG_0220,"2025/03/31 06:10:00","2025/04/06 00:00:00",1,RAISEREG,QLD1,-0.00064076,0,411.43419,GSTONE3
D,FPP,FORECAST_DEFAULT_CF,1,GSTONE4,F_I+RREG_0220,"2025/03/31 06:10:00","2025/04/06 00:00:00",1,RAISEREG,QLD1,-0.00101863,0,411.43419,GSTONE4
D,FPP,FORECAST_DEFAULT_CF,1,GSTONE5,F_I+RREG_0220,"2025/03/31 06:10:00","2025/04/06 00:00:00",1,RAISEREG,QLD1,-0.00020047,0,411.43419,GSTONE5
D,FPP,FORECAST_DEFAULT_CF,1,GSTONE6,F_I+RREG_0220,"2025/03/31 06:10:00","2025/04/06 00:00:00",1,RAISEREG,QLD1,-0.00048372,0,411.43419,GSTONE6
D,FPP,FORECAST_DEFAULT_CF,1,GSWF1A,F_I+RREG_0220,"2025/03/31 06:10:00","2025/04/06 00:00:00",1,RAISEREG,SA1,-0.00296264,0,411.43419,GSWF1A
D,FPP,FORECAST_DEFAULT_CF,1,GSWF1B1,F_I+RREG_0220,"2025/03/31 06:10:00","2025/04/06 00:00:00",1,RAISEREG,SA1,-0.00108705,0,411.43419,GSWF1B1
D,FPP,FORECAST_DEFAULT_CF,1,GULLRSF1,F_I+RREG_0220,"2025/03/31 06:10:00","2025/04/06 00:00:00",1,RAISEREG,NSW1,-0.00041404,0,411.43419,GULLRSF1
D,FPP,FORECAST_DEFAULT_CF,1,GULLRWF1,F_I+RREG_0220,"2025/03/31 06:10:00","2025/04/06 00:00:00",1,RAISEREG,NSW1,-0.00321928,0,411.43419,GULLRWF1
D,FPP,FORECAST_DEFAULT_CF,1,GULLRWF2,F_I+RREG_0220,"2025/03/31 06:10:00","2025/04/06 00:00:00",1,RAISEREG,NSW1,-0.00336085,0,411.43419,GULLRWF2
D,FPP,FORECAST_DEFAULT_CF,1,GUNNING1,F_I+RREG_0220,"2025/03/31 06:10:00","2025/04/06 00:00:00",1,RAISEREG,NSW1,-0.00150299,0,411.43419,GUNNING1
D,FPP,FORECAST_DEFAULT_CF,1,GUTHEGA,F_I+RREG_0220,"2025/03/31 06:10:00","2025/04/06 00:00:00",1,RAISEREG,NSW1,-0.00000046,0,411.43419,GUTHEGA
D,FPP,FORECAST_DEFAULT_CF,1,HALLWF1,F_I+RREG_0220,"2025/03/31 06:10:00","2025/04/06 00:00:00",1,RAISEREG,SA1,-0.00218091,0,411.43419,HALLWF1
D,FPP,FORECAST_DEFAULT_CF,1,HALLWF2,F_I+RREG_0220,"2025/03/31 06:10:00","2025/04/06 00:00:00",1,RAISEREG,SA1,-0.00183922,0,411.43419,HALLWF2
D,FPP,FORECAST_DEFAULT_CF,1,HAMISF1,F_I+RREG_0220,"2025/03/31 06:10:00","2025/04/06 00:00:00",1,RAISEREG,QLD1,-0.00249175,0,411.43419,HAMISF1
D,FPP,FORECAST_DEFAULT_CF,1,HAUGHT11,F_I+RREG_0220,"2025/03/31 06:10:00","2025/04/06 00:00:00",1,RAISEREG,QLD1,-0.00342507,0,411.43419,HAUGHT11
D,FPP,FORECAST_DEFAULT_CF,1,HAYMSF1,F_I+RREG_0220,"2025/03/31 06:10:00","2025/04/06 00:00:00",1,RAISEREG,QLD1,-0.00168627,0,411.43419,HAYMSF1
D,FPP,FORECAST_DEFAULT_CF,1,HBESS1,F_I+RREG_0220,"2025/03/31 06:10:00","2025/04/06 00:00:00",1,RAISEREG,VIC1,-0.00090231,0,411.43419,HBESS1
D,FPP,FORECAST_DEFAULT_CF,1,HD1WF1,F_I+RREG_0220,"2025/03/31 06:10:00","2025/04/06 00:00:00",1,RAISEREG,VIC1,-0.00262202,0,411.43419,HD1WF1
D,FPP,FORECAST_DEFAULT_CF,1,HDWF1,F_I+RREG_0220,"2025/03/31 06:10:00","2025/04/06 00:00:00",1,RAISEREG,SA1,-0.00237897,0,411.43419,HDWF1
D,FPP,FORECAST_DEFAULT_CF,1,HDWF2,F_I+RREG_0220,"2025/03/31 06:10:00","2025/04/06 00:00:00",1,RAISEREG,SA1,-0.00254155,0,411.43419,HDWF2
D,FPP,FORECAST_DEFAULT_CF,1,HDWF3,F_I+RREG_0220,"2025/03/31 06:10:00","2025/04/06 00:00:00",1,RAISEREG,SA1,-0.00247476,0,411.43419,HDWF3
D,FPP,FORECAST_DEFAULT_CF,1,HEZ1,F_I+RREG_0220,"2025/03/31 06:10:00","2025/04/06 00:00:00",1,RAISEREG,NSW1,0.00000000,0,411.43419,HEZ1
D,FPP,FORECAST_DEFAULT_CF,1,HILLSTN1,F_I+RREG_0220,"2025/03/31 06:10:00","2025/04/06 00:00:00",1,RAISEREG,NSW1,-0.00494050,0,411.43419,HILLSTN1
D,FPP,FORECAST_DEFAULT_CF,1,HPR1,F_I+RREG_0220,"2025/03/31 06:10:00","2025/04/06 00:00:00",1,RAISEREG,SA1,-0.00007260,0,411.43419,HPR1
D,FPP,FORECAST_DEFAULT_CF,1,HUGSF1,F_I+RREG_0220,"2025/03/31 06:10:00","2025/04/06 00:00:00",1,RAISEREG,QLD1,-0.00060350,0,411.43419,HUGSF1
D,FPP,FORECAST_DEFAULT_CF,1,HUMENSW,F_I+RREG_0220,"2025/03/31 06:10:00","2025/04/06 00:00:00",1,RAISEREG,NSW1,-0.00060612,0,411.43419,HUMENSW
D,FPP,FORECAST_DEFAULT_CF,1,HUMEV,F_I+RREG_0220,"2025/03/31 06:10:00","2025/04/06 00:00:00",1,RAISEREG,VIC1,-0.00213288,0,411.43419,HUMEV
D,FPP,FORECAST_DEFAULT_CF,1,HUNTER1,F_I+RREG_0220,"2025/03/31 06:10:00","2025/04/06 00:00:00",1,RAISEREG,NSW1,0.00000000,0,411.43419,HUNTER1
D,FPP,FORECAST_DEFAULT_CF,1,HUNTER2,F_I+RREG_0220,"2025/03/31 06:10:00","2025/04/06 00:00:00",1,RAISEREG,NSW1,0.00000000,0,411.43419,HUNTER2
D,FPP,FORECAST_DEFAULT_CF,1,HVWWBA1,F_I+RREG_0220,"2025/03/31 06:10:00","2025/04/06 00:00:00",1,RAISEREG,SA1,-0.00007333,0,411.43419,HVWWBA1
D,FPP,FORECAST_DEFAULT_CF,1,HVWWPV1,F_I+RREG_0220,"2025/03/31 06:10:00","2025/04/06 00:00:00",1,RAISEREG,SA1,-0.00011961,0,411.43419,HVWWPV1
D,FPP,FORECAST_DEFAULT_CF,1,INVICTA,F_I+RREG_0220,"2025/03/31 06:10:00","2025/04/06 00:00:00",1,RAISEREG,QLD1,0.00000000,0,411.43419,INVICTA
D,FPP,FORECAST_DEFAULT_CF,1,JBUTTERS,F_I+RREG_0220,"2025/03/31 06:10:00","2025/04/06 00:00:00",1,RAISEREG,TAS1,-0.00315586,0,411.43419,JBUTTERS
D,FPP,FORECAST_DEFAULT_CF,1,JEMALNG1,F_I+RREG_0220,"2025/03/31 06:10:00","2025/04/06 00:00:00",1,RAISEREG,NSW1,-0.00248433,0,411.43419,JEMALNG1
D,FPP,FORECAST_DEFAULT_CF,1,JLA01,F_I+RREG_0220,"2025/03/31 06:10:00","2025/04/06 00:00:00",1,RAISEREG,VIC1,0.00000000,0,411.43419,JLA01
D,FPP,FORECAST_DEFAULT_CF,1,JLA02,F_I+RREG_0220,"2025/03/31 06:10:00","2025/04/06 00:00:00",1,RAISEREG,VIC1,0.00000000,0,411.43419,JLA02
D,FPP,FORECAST_DEFAULT_CF,1,JLA03,F_I+RREG_0220,"2025/03/31 06:10:00","2025/04/06 00:00:00",1,RAISEREG,VIC1,0.00000000,0,411.43419,JLA03
D,FPP,FORECAST_DEFAULT_CF,1,JLA04,F_I+RREG_0220,"2025/03/31 06:10:00","2025/04/06 00:00:00",1,RAISEREG,VIC1,0.00000000,0,411.43419,JLA04
D,FPP,FORECAST_DEFAULT_CF,1,JLB01,F_I+RREG_0220,"2025/03/31 06:10:00","2025/04/06 00:00:00",1,RAISEREG,VIC1,0.00000000,0,411.43419,JLB01
D,FPP,FORECAST_DEFAULT_CF,1,JLB02,F_I+RREG_0220,"2025/03/31 06:10:00","2025/04/06 00:00:00",1,RAISEREG,VIC1,0.00000000,0,411.43419,JLB02
D,FPP,FORECAST_DEFAULT_CF,1,JLB03,F_I+RREG_0220,"2025/03/31 06:10:00","2025/04/06 00:00:00",1,RAISEREG,VIC1,0.00000000,0,411.43419,JLB03
D,FPP,FORECAST_DEFAULT_CF,1,JOUNAMA1,F_I+RREG_0220,"2025/03/31 06:10:00","2025/04/06 00:00:00",1,RAISEREG,NSW1,-0.00000437,0,411.43419,JOUNAMA1
D,FPP,FORECAST_DEFAULT_CF,1,JUNEESF1,F_I+RREG_0220,"2025/03/31 06:10:00","2025/04/06 00:00:00",1,RAISEREG,NSW1,-0.00141140,0,411.43419,JUNEESF1
D,FPP,FORECAST_DEFAULT_CF,1,KABANWF1,F_I+RREG_0220,"2025/03/31 06:10:00","2025/04/06 00:00:00",1,RAISEREG,QLD1,-0.00397636,0,411.43419,KABANWF1
D,FPP,FORECAST_DEFAULT_CF,1,KAREEYA1,F_I+RREG_0220,"2025/03/31 06:10:00","2025/04/06 00:00:00",1,RAISEREG,QLD1,-0.00083104,0,411.43419,KAREEYA1
D,FPP,FORECAST_DEFAULT_CF,1,KAREEYA2,F_I+RREG_0220,"2025/03/31 06:10:00","2025/04/06 00:00:00",1,RAISEREG,QLD1,-0.00087883,0,411.43419,KAREEYA2
D,FPP,FORECAST_DEFAULT_CF,1,KAREEYA3,F_I+RREG_0220,"2025/03/31 06:10:00","2025/04/06 00:00:00",1,RAISEREG,QLD1,-0.00097077,0,411.43419,KAREEYA3
D,FPP,FORECAST_DEFAULT_CF,1,KAREEYA4,F_I+RREG_0220,"2025/03/31 06:10:00","2025/04/06 00:00:00",1,RAISEREG,QLD1,-0.00100475,0,411.43419,KAREEYA4
D,FPP,FORECAST_DEFAULT_CF,1,KAREEYA5,F_I+RREG_0220,"2025/03/31 06:10:00","2025/04/06 00:00:00",1,RAISEREG,QLD1,-0.00004834,0,411.43419,KAREEYA5
D,FPP,FORECAST_DEFAULT_CF,1,KARSF1,F_I+RREG_0220,"2025/03/31 06:10:00","2025/04/06 00:00:00",1,RAISEREG,VIC1,-0.00206947,0,411.43419,KARSF1
D,FPP,FORECAST_DEFAULT_CF,1,KEPBG1,F_I+RREG_0220,"2025/03/31 06:10:00","2025/04/06 00:00:00",1,RAISEREG,QLD1,-0.00000661,0,411.43419,KEPBG1
D,FPP,FORECAST_DEFAULT_CF,1,KEPBL1,F_I+RREG_0220,"2025/03/31 06:10:00","2025/04/06 00:00:00",1,RAISEREG,QLD1,-0.00005308,0,411.43419,KEPBL1
D,FPP,FORECAST_DEFAULT_CF,1,KEPSF1,F_I+RREG_0220,"2025/03/31 06:10:00","2025/04/06 00:00:00",1,RAISEREG,QLD1,-0.00341253,2,411.43419,KEPSF1
D,FPP,FORECAST_DEFAULT_CF,1,KEPWF1,F_I+RREG_0220,"2025/03/31 06:10:00","2025/04/06 00:00:00",1,RAISEREG,QLD1,0.00000000,1,411.43419,KEPWF1
D,FPP,FORECAST_DEFAULT_CF,1,KERNGSP1,F_I+RREG_0220,"2025/03/31 06:10:00","2025/04/06 00:00:00",1,RAISEREG,VIC1,-0.00037763,0,411.43419,KERNGSP1
D,FPP,FORECAST_DEFAULT_CF,1,KESSB1,F_I+RREG_0220,"2025/03/31 06:10:00","2025/04/06 00:00:00",1,RAISEREG,VIC1,-0.00037770,0,411.43419,KESSB1
D,FPP,FORECAST_DEFAULT_CF,1,KIAMSF1,F_I+RREG_0220,"2025/03/31 06:10:00","2025/04/06 00:00:00",1,RAISEREG,VIC1,-0.00661605,0,411.43419,KIAMSF1
D,FPP,FORECAST_DEFAULT_CF,1,KIATAWF1,F_I+RREG_0220,"2025/03/31 06:10:00","2025/04/06 00:00:00",1,RAISEREG,VIC1,-0.00115165,0,411.43419,KIATAWF1
D,FPP,FORECAST_DEFAULT_CF,1,KINGASF1,F_I+RREG_0220,"2025/03/31 06:10:00","2025/04/06 00:00:00",1,RAISEREG,QLD1,-0.00253501,0,411.43419,KINGASF1
D,FPP,FORECAST_DEFAULT_CF,1,KPP_1,F_I+RREG_0220,"2025/03/31 06:10:00","2025/04/06 00:00:00",1,RAISEREG,QLD1,-0.00019792,0,411.43419,KPP_1
D,FPP,FORECAST_DEFAULT_CF,1,KSP1,F_I+RREG_0220,"2025/03/31 06:10:00","2025/04/06 00:00:00",1,RAISEREG,QLD1,-0.00219291,0,411.43419,KSP1
D,FPP,FORECAST_DEFAULT_CF,1,LADBROK1,F_I+RREG_0220,"2025/03/31 06:10:00","2025/04/06 00:00:00",1,RAISEREG,SA1,-0.00093842,0,411.43419,LADBROK1
D,FPP,FORECAST_DEFAULT_CF,1,LADBROK2,F_I+RREG_0220,"2025/03/31 06:10:00","2025/04/06 00:00:00",1,RAISEREG,SA1,-0.00090962,0,411.43419,LADBROK2
D,FPP,FORECAST_DEFAULT_CF,1,LBB1,F_I+RREG_0220,"2025/03/31 06:10:00","2025/04/06 00:00:00",1,RAISEREG,SA1,-0.00062919,0,411.43419,LBB1
D,FPP,FORECAST_DEFAULT_CF,1,LEM_WIL,F_I+RREG_0220,"2025/03/31 06:10:00","2025/04/06 00:00:00",1,RAISEREG,TAS1,-0.00090053,0,411.43419,LEM_WIL
D,FPP,FORECAST_DEFAULT_CF,1,LGAPWF1,F_I+RREG_0220,"2025/03/31 06:10:00","2025/04/06 00:00:00",1,RAISEREG,SA1,-0.00243446,0,411.43419,LGAPWF1
D,FPP,FORECAST_DEFAULT_CF,1,LGAPWF2,F_I+RREG_0220,"2025/03/31 06:10:00","2025/04/06 00:00:00",1,RAISEREG,SA1,-0.00214095,0,411.43419,LGAPWF2
D,FPP,FORECAST_DEFAULT_CF,1,LI_WY_CA,F_I+RREG_0220,"2025/03/31 06:10:00","2025/04/06 00:00:00",1,RAISEREG,TAS1,-0.00029400,0,411.43419,LI_WY_CA
D,FPP,FORECAST_DEFAULT_CF,1,LILYSF1,F_I+RREG_0220,"2025/03/31 06:10:00","2025/04/06 00:00:00",1,RAISEREG,QLD1,-0.00697963,0,411.43419,LILYSF1
D,FPP,FORECAST_DEFAULT_CF,1,LIMOSF11,F_I+RREG_0220,"2025/03/31 06:10:00","2025/04/06 00:00:00",1,RAISEREG,NSW1,-0.00734200,0,411.43419,LIMOSF11
D,FPP,FORECAST_DEFAULT_CF,1,LIMOSF21,F_I+RREG_0220,"2025/03/31 06:10:00","2025/04/06 00:00:00",1,RAISEREG,NSW1,-0.00115814,0,411.43419,LIMOSF21
D,FPP,FORECAST_DEFAULT_CF,1,LK_ECHO,F_I+RREG_0220,"2025/03/31 06:10:00","2025/04/06 00:00:00",1,RAISEREG,TAS1,-0.00040376,0,411.43419,LK_ECHO
D,FPP,FORECAST_DEFAULT_CF,1,LKBONNY1,F_I+RREG_0220,"2025/03/31 06:10:00","2025/04/06 00:00:00",1,RAISEREG,SA1,-0.00209387,0,411.43419,LKBONNY1
D,FPP,FORECAST_DEFAULT_CF,1,LKBONNY2,F_I+RREG_0220,"2025/03/31 06:10:00","2025/04/06 00:00:00",1,RAISEREG,SA1,-0.00292953,0,411.43419,LKBONNY2
D,FPP,FORECAST_DEFAULT_CF,1,LKBONNY3,F_I+RREG_0220,"2025/03/31 06:10:00","2025/04/06 00:00:00",1,RAISEREG,SA1,-0.00083241,0,411.43419,LKBONNY3
D,FPP,FORECAST_DEFAULT_CF,1,LNGS1,F_I+RREG_0220,"2025/03/31 06:10:00","2025/04/06 00:00:00",1,RAISEREG,VIC1,-0.00004929,0,411.43419,LNGS1
D,FPP,FORECAST_DEFAULT_CF,1,LNGS2,F_I+RREG_0220,"2025/03/31 06:10:00","2025/04/06 00:00:00",1,RAISEREG,VIC1,-0.00035875,0,411.43419,LNGS2
D,FPP,FORECAST_DEFAULT_CF,1,LONSDALE,F_I+RREG_0220,"2025/03/31 06:10:00","2025/04/06 00:00:00",1,RAISEREG,SA1,-0.00000041,0,411.43419,LONSDALE
D,FPP,FORECAST_DEFAULT_CF,1,LOYYB1,F_I+RREG_0220,"2025/03/31 06:10:00","2025/04/06 00:00:00",1,RAISEREG,VIC1,-0.00086714,0,411.43419,LOYYB1
D,FPP,FORECAST_DEFAULT_CF,1,LOYYB2,F_I+RREG_0220,"2025/03/31 06:10:00","2025/04/06 00:00:00",1,RAISEREG,VIC1,-0.00014576,0,411.43419,LOYYB2
D,FPP,FORECAST_DEFAULT_CF,1,LRSF1,F_I+RREG_0220,"2025/03/31 06:10:00","2025/04/06 00:00:00",1,RAISEREG,QLD1,-0.00100590,0,411.43419,LRSF1
D,FPP,FORECAST_DEFAULT_CF,1,LYA1,F_I+RREG_0220,"2025/03/31 06:10:00","2025/04/06 00:00:00",1,RAISEREG,VIC1,-0.00012945,0,411.43419,LYA1
D,FPP,FORECAST_DEFAULT_CF,1,LYA2,F_I+RREG_0220,"2025/03/31 06:10:00","2025/04/06 00:00:00",1,RAISEREG,VIC1,-0.00092720,0,411.43419,LYA2
D,FPP,FORECAST_DEFAULT_CF,1,LYA3,F_I+RREG_0220,"2025/03/31 06:10:00","2025/04/06 00:00:00",1,RAISEREG,VIC1,-0.00017130,0,411.43419,LYA3
D,FPP,FORECAST_DEFAULT_CF,1,LYA4,F_I+RREG_0220,"2025/03/31 06:10:00","2025/04/06 00:00:00",1,RAISEREG,VIC1,-0.00026374,0,411.43419,LYA4
D,FPP,FORECAST_DEFAULT_CF,1,MACARTH1,F_I+RREG_0220,"2025/03/31 06:10:00","2025/04/06 00:00:00",1,RAISEREG,VIC1,0.00000000,4,411.43419,MACARTH1
D,FPP,FORECAST_DEFAULT_CF,1,MACKNTSH,F_I+RREG_0220,"2025/03/31 06:10:00","2025/04/06 00:00:00",1,RAISEREG,TAS1,-0.00004183,0,411.43419,MACKNTSH
D,FPP,FORECAST_DEFAULT_CF,1,MANNSF2,F_I+RREG_0220,"2025/03/31 06:10:00","2025/04/06 00:00:00",1,RAISEREG,SA1,-0.00073509,0,411.43419,MANNSF2
D,FPP,FORECAST_DEFAULT_CF,1,MANSLR1,F_I+RREG_0220,"2025/03/31 06:10:00","2025/04/06 00:00:00",1,RAISEREG,NSW1,-0.00215915,0,411.43419,MANSLR1
D,FPP,FORECAST_DEFAULT_CF,1,MAPS2PV1,F_I+RREG_0220,"2025/03/31 06:10:00","2025/04/06 00:00:00",1,RAISEREG,SA1,-0.00015531,0,411.43419,MAPS2PV1
D,FPP,FORECAST_DEFAULT_CF,1,MAPS3PV1,F_I+RREG_0220,"2025/03/31 06:10:00","2025/04/06 00:00:00",1,RAISEREG,SA1,0.00000000,0,411.43419,MAPS3PV1
D,FPP,FORECAST_DEFAULT_CF,1,MARYRSF1,F_I+RREG_0220,"2025/03/31 06:10:00","2025/04/06 00:00:00",1,RAISEREG,QLD1,-0.00092890,0,411.43419,MARYRSF1
D,FPP,FORECAST_DEFAULT_CF,1,MBAHNTH,F_I+RREG_0220,"2025/03/31 06:10:00","2025/04/06 00:00:00",1,RAISEREG,QLD1,-0.00054162,0,411.43419,MBAHNTH
D,FPP,FORECAST_DEFAULT_CF,1,MBPS2PV1,F_I+RREG_0220,"2025/03/31 06:10:00","2025/04/06 00:00:00",1,RAISEREG,SA1,-0.00019021,0,411.43419,MBPS2PV1
D,FPP,FORECAST_DEFAULT_CF,1,MCINTYR1,F_I+RREG_0220,"2025/03/31 06:10:00","2025/04/06 00:00:00",1,RAISEREG,QLD1,-0.01047200,0,411.43419,MCINTYR1
D,FPP,FORECAST_DEFAULT_CF,1,MCKAY1,F_I+RREG_0220,"2025/03/31 06:10:00","2025/04/06 00:00:00",1,RAISEREG,VIC1,-0.00024512,0,411.43419,MCKAY1
D,FPP,FORECAST_DEFAULT_CF,1,MEADOWBK,F_I+RREG_0220,"2025/03/31 06:10:00","2025/04/06 00:00:00",1,RAISEREG,TAS1,0.00000000,0,411.43419,MEADOWBK
D,FPP,FORECAST_DEFAULT_CF,1,MERCER01,F_I+RREG_0220,"2025/03/31 06:10:00","2025/04/06 00:00:00",1,RAISEREG,VIC1,-0.00323199,0,411.43419,MERCER01
D,FPP,FORECAST_DEFAULT_CF,1,METZSF1,F_I+RREG_0220,"2025/03/31 06:10:00","2025/04/06 00:00:00",1,RAISEREG,NSW1,-0.00174521,0,411.43419,METZSF1
D,FPP,FORECAST_DEFAULT_CF,1,MEWF1,F_I+RREG_0220,"2025/03/31 06:10:00","2025/04/06 00:00:00",1,RAISEREG,QLD1,-0.00359849,0,411.43419,MEWF1
D,FPP,FORECAST_DEFAULT_CF,1,MIDDLSF1,F_I+RREG_0220,"2025/03/31 06:10:00","2025/04/06 00:00:00",1,RAISEREG,QLD1,-0.00146225,0,411.43419,MIDDLSF1
D,FPP,FORECAST_DEFAULT_CF,1,MINTARO,F_I+RREG_0220,"2025/03/31 06:10:00","2025/04/06 00:00:00",1,RAISEREG,SA1,0.00000000,0,411.43419,MINTARO
D,FPP,FORECAST_DEFAULT_CF,1,MLSP1,F_I+RREG_0220,"2025/03/31 06:10:00","2025/04/06 00:00:00",1,RAISEREG,NSW1,-0.00033869,0,411.43419,MLSP1
D,FPP,FORECAST_DEFAULT_CF,1,MLWF1,F_I+RREG_0220,"2025/03/31 06:10:00","2025/04/06 00:00:00",1,RAISEREG,VIC1,-0.00044119,0,411.43419,MLWF1
D,FPP,FORECAST_DEFAULT_CF,1,MOKOSF1,F_I+RREG_0220,"2025/03/31 06:10:00","2025/04/06 00:00:00",1,RAISEREG,VIC1,-0.00384820,0,411.43419,MOKOSF1
D,FPP,FORECAST_DEFAULT_CF,1,MOLNGSF1,F_I+RREG_0220,"2025/03/31 06:10:00","2025/04/06 00:00:00",1,RAISEREG,NSW1,-0.00062214,0,411.43419,MOLNGSF1
D,FPP,FORECAST_DEFAULT_CF,1,MOORAWF1,F_I+RREG_0220,"2025/03/31 06:10:00","2025/04/06 00:00:00",1,RAISEREG,VIC1,-0.00591740,0,411.43419,MOORAWF1
D,FPP,FORECAST_DEFAULT_CF,1,MOREESF1,F_I+RREG_0220,"2025/03/31 06:10:00","2025/04/06 00:00:00",1,RAISEREG,NSW1,-0.00158623,0,411.43419,MOREESF1
D,FPP,FORECAST_DEFAULT_CF,1,MORTLK11,F_I+RREG_0220,"2025/03/31 06:10:00","2025/04/06 00:00:00",1,RAISEREG,VIC1,-0.00120260,0,411.43419,MORTLK11
D,FPP,FORECAST_DEFAULT_CF,1,MORTLK12,F_I+RREG_0220,"2025/03/31 06:10:00","2025/04/06 00:00:00",1,RAISEREG,VIC1,-0.00177115,0,411.43419,MORTLK12
D,FPP,FORECAST_DEFAULT_CF,1,MOUSF1,F_I+RREG_0220,"2025/03/31 06:10:00","2025/04/06 00:00:00",1,RAISEREG,QLD1,-0.00340319,0,411.43419,MOUSF1
D,FPP,FORECAST_DEFAULT_CF,1,MP1,F_I+RREG_0220,"2025/03/31 06:10:00","2025/04/06 00:00:00",1,RAISEREG,NSW1,-0.00042843,0,411.43419,MP1
D,FPP,FORECAST_DEFAULT_CF,1,MP2,F_I+RREG_0220,"2025/03/31 06:10:00","2025/04/06 00:00:00",1,RAISEREG,NSW1,-0.00046654,0,411.43419,MP2
D,FPP,FORECAST_DEFAULT_CF,1,MPP_1,F_I+RREG_0220,"2025/03/31 06:10:00","2025/04/06 00:00:00",1,RAISEREG,QLD1,-0.00123864,0,411.43419,MPP_1
D,FPP,FORECAST_DEFAULT_CF,1,MPP_2,F_I+RREG_0220,"2025/03/31 06:10:00","2025/04/06 00:00:00",1,RAISEREG,QLD1,-0.00073895,0,411.43419,MPP_2
D,FPP,FORECAST_DEFAULT_CF,1,MRTLSWF1,F_I+RREG_0220,"2025/03/31 06:10:00","2025/04/06 00:00:00",1,RAISEREG,VIC1,-0.00716426,0,411.43419,MRTLSWF1
D,FPP,FORECAST_DEFAULT_CF,1,MSTUART1,F_I+RREG_0220,"2025/03/31 06:10:00","2025/04/06 00:00:00",1,RAISEREG,QLD1,0.00000000,0,411.43419,MSTUART1
D,FPP,FORECAST_DEFAULT_CF,1,MSTUART2,F_I+RREG_0220,"2025/03/31 06:10:00","2025/04/06 00:00:00",1,RAISEREG,QLD1,0.00000000,0,411.43419,MSTUART2
D,FPP,FORECAST_DEFAULT_CF,1,MSTUART3,F_I+RREG_0220,"2025/03/31 06:10:00","2025/04/06 00:00:00",1,RAISEREG,QLD1,0.00000000,0,411.43419,MSTUART3
D,FPP,FORECAST_DEFAULT_CF,1,MTGELWF1,F_I+RREG_0220,"2025/03/31 06:10:00","2025/04/06 00:00:00",1,RAISEREG,VIC1,-0.00153981,0,411.43419,MTGELWF1
D,FPP,FORECAST_DEFAULT_CF,1,MTMILLAR,F_I+RREG_0220,"2025/03/31 06:10:00","2025/04/06 00:00:00",1,RAISEREG,SA1,-0.00118940,0,411.43419,MTMILLAR
D,FPP,FORECAST_DEFAULT_CF,1,MURRAY,F_I+RREG_0220,"2025/03/31 06:10:00","2025/04/06 00:00:00",1,RAISEREG,VIC1,-0.00123176,0,411.43419,MURRAY
D,FPP,FORECAST_DEFAULT_CF,1,MUSSELR1,F_I+RREG_0220,"2025/03/31 06:10:00","2025/04/06 00:00:00",1,RAISEREG,TAS1,-0.00449202,0,411.43419,MUSSELR1
D,FPP,FORECAST_DEFAULT_CF,1,MUWAWF1,F_I+RREG_0220,"2025/03/31 06:10:00","2025/04/06 00:00:00",1,RAISEREG,VIC1,-0.00866812,0,411.43419,MUWAWF1
D,FPP,FORECAST_DEFAULT_CF,1,MUWAWF2,F_I+RREG_0220,"2025/03/31 06:10:00","2025/04/06 00:00:00",1,RAISEREG,VIC1,-0.00474861,0,411.43419,MUWAWF2
D,FPP,FORECAST_DEFAULT_CF,1,MWPS1PV1,F_I+RREG_0220,"2025/03/31 06:10:00","2025/04/06 00:00:00",1,RAISEREG,SA1,-0.00011513,0,411.43419,MWPS1PV1
D,FPP,FORECAST_DEFAULT_CF,1,MWPS2PV1,F_I+RREG_0220,"2025/03/31 06:10:00","2025/04/06 00:00:00",1,RAISEREG,SA1,-0.00009379,0,411.43419,MWPS2PV1
D,FPP,FORECAST_DEFAULT_CF,1,MWPS3PV1,F_I+RREG_0220,"2025/03/31 06:10:00","2025/04/06 00:00:00",1,RAISEREG,SA1,-0.00010417,0,411.43419,MWPS3PV1
D,FPP,FORECAST_DEFAULT_CF,1,MWPS4PV1,F_I+RREG_0220,"2025/03/31 06:10:00","2025/04/06 00:00:00",1,RAISEREG,SA1,-0.00008517,0,411.43419,MWPS4PV1
D,FPP,FORECAST_DEFAULT_CF,1,NBHWF1,F_I+RREG_0220,"2025/03/31 06:10:00","2025/04/06 00:00:00",1,RAISEREG,SA1,-0.00360590,0,411.43419,NBHWF1
D,FPP,FORECAST_DEFAULT_CF,1,NEVERSF1,F_I+RREG_0220,"2025/03/31 06:10:00","2025/04/06 00:00:00",1,RAISEREG,NSW1,-0.00624401,0,411.43419,NEVERSF1
D,FPP,FORECAST_DEFAULT_CF,1,NEWENSF1,F_I+RREG_0220,"2025/03/31 06:10:00","2025/04/06 00:00:00",1,RAISEREG,NSW1,-0.00646086,0,411.43419,NEWENSF1
D,FPP,FORECAST_DEFAULT_CF,1,NEWENSF2,F_I+RREG_0220,"2025/03/31 06:10:00","2025/04/06 00:00:00",1,RAISEREG,NSW1,-0.00769119,0,411.43419,NEWENSF2
D,FPP,FORECAST_DEFAULT_CF,1,NPS,F_I+RREG_0220,"2025/03/31 06:10:00","2025/04/06 00:00:00",1,RAISEREG,VIC1,-0.00074646,0,411.43419,NPS
D,FPP,FORECAST_DEFAULT_CF,1,NUMURSF1,F_I+RREG_0220,"2025/03/31 06:10:00","2025/04/06 00:00:00",1,RAISEREG,VIC1,-0.00596144,0,411.43419,NUMURSF1
D,FPP,FORECAST_DEFAULT_CF,1,NYNGAN1,F_I+RREG_0220,"2025/03/31 06:10:00","2025/04/06 00:00:00",1,RAISEREG,NSW1,-0.00508538,0,411.43419,NYNGAN1
D,FPP,FORECAST_DEFAULT_CF,1,OAKEY1,F_I+RREG_0220,"2025/03/31 06:10:00","2025/04/06 00:00:00",1,RAISEREG,QLD1,-0.00001300,0,411.43419,OAKEY1
D,FPP,FORECAST_DEFAULT_CF,1,OAKEY1SF,F_I+RREG_0220,"2025/03/31 06:10:00","2025/04/06 00:00:00",1,RAISEREG,QLD1,-0.00066205,0,411.43419,OAKEY1SF
D,FPP,FORECAST_DEFAULT_CF,1,OAKEY2,F_I+RREG_0220,"2025/03/31 06:10:00","2025/04/06 00:00:00",1,RAISEREG,QLD1,-0.00000902,0,411.43419,OAKEY2
D,FPP,FORECAST_DEFAULT_CF,1,OAKEY2SF,F_I+RREG_0220,"2025/03/31 06:10:00","2025/04/06 00:00:00",1,RAISEREG,QLD1,-0.00161693,0,411.43419,OAKEY2SF
D,FPP,FORECAST_DEFAULT_CF,1,OAKLAND1,F_I+RREG_0220,"2025/03/31 06:10:00","2025/04/06 00:00:00",1,RAISEREG,VIC1,-0.00169962,0,411.43419,OAKLAND1
D,FPP,FORECAST_DEFAULT_CF,1,OSB-AG,F_I+RREG_0220,"2025/03/31 06:10:00","2025/04/06 00:00:00",1,RAISEREG,SA1,-0.00180785,0,411.43419,OSB-AG
D,FPP,FORECAST_DEFAULT_CF,1,PALOONA,F_I+RREG_0220,"2025/03/31 06:10:00","2025/04/06 00:00:00",1,RAISEREG,TAS1,-0.00004494,0,411.43419,PALOONA
D,FPP,FORECAST_DEFAULT_CF,1,PAREPS1,F_I+RREG_0220,"2025/03/31 06:10:00","2025/04/06 00:00:00",1,RAISEREG,SA1,-0.00641322,2,411.43419,PAREPS1
D,FPP,FORECAST_DEFAULT_CF,1,PAREPW1,F_I+RREG_0220,"2025/03/31 06:10:00","2025/04/06 00:00:00",1,RAISEREG,SA1,0.00000000,1,411.43419,PAREPW1
D,FPP,FORECAST_DEFAULT_CF,1,PARSF1,F_I+RREG_0220,"2025/03/31 06:10:00","2025/04/06 00:00:00",1,RAISEREG,NSW1,-0.00293148,0,411.43419,PARSF1
D,FPP,FORECAST_DEFAULT_CF,1,PIBESS1,F_I+RREG_0220,"2025/03/31 06:10:00","2025/04/06 00:00:00",1,RAISEREG,VIC1,-0.00023625,0,411.43419,PIBESS1
D,FPP,FORECAST_DEFAULT_CF,1,POAT110,F_I+RREG_0220,"2025/03/31 06:10:00","2025/04/06 00:00:00",1,RAISEREG,TAS1,-0.00018788,0,411.43419,POAT110
D,FPP,FORECAST_DEFAULT_CF,1,POAT220,F_I+RREG_0220,"2025/03/31 06:10:00","2025/04/06 00:00:00",1,RAISEREG,TAS1,-0.00101433,0,411.43419,POAT220
D,FPP,FORECAST_DEFAULT_CF,1,POR01,F_I+RREG_0220,"2025/03/31 06:10:00","2025/04/06 00:00:00",1,RAISEREG,SA1,-0.00002396,0,411.43419,POR01
D,FPP,FORECAST_DEFAULT_CF,1,POR03,F_I+RREG_0220,"2025/03/31 06:10:00","2025/04/06 00:00:00",1,RAISEREG,SA1,-0.00012678,0,411.43419,POR03
D,FPP,FORECAST_DEFAULT_CF,1,PPCCGT,F_I+RREG_0220,"2025/03/31 06:10:00","2025/04/06 00:00:00",1,RAISEREG,SA1,-0.00142241,0,411.43419,PPCCGT
D,FPP,FORECAST_DEFAULT_CF,1,PTSTAN1,F_I+RREG_0220,"2025/03/31 06:10:00","2025/04/06 00:00:00",1,RAISEREG,SA1,-0.00012449,0,411.43419,PTSTAN1
D,FPP,FORECAST_DEFAULT_CF,1,PUMP1,F_I+RREG_0220,"2025/03/31 06:10:00","2025/04/06 00:00:00",1,RAISEREG,QLD1,-0.00055936,0,411.43419,PUMP1
D,FPP,FORECAST_DEFAULT_CF,1,PUMP2,F_I+RREG_0220,"2025/03/31 06:10:00","2025/04/06 00:00:00",1,RAISEREG,QLD1,-0.00075733,0,411.43419,PUMP2
D,FPP,FORECAST_DEFAULT_CF,1,QBYNB1,F_I+RREG_0220,"2025/03/31 06:10:00","2025/04/06 00:00:00",1,RAISEREG,NSW1,-0.00024820,0,411.43419,QBYNB1
D,FPP,FORECAST_DEFAULT_CF,1,QPS1,F_I+RREG_0220,"2025/03/31 06:10:00","2025/04/06 00:00:00",1,RAISEREG,SA1,-0.00056417,0,411.43419,QPS1
D,FPP,FORECAST_DEFAULT_CF,1,QPS2,F_I+RREG_0220,"2025/03/31 06:10:00","2025/04/06 00:00:00",1,RAISEREG,SA1,-0.00009569,0,411.43419,QPS2
D,FPP,FORECAST_DEFAULT_CF,1,QPS3,F_I+RREG_0220,"2025/03/31 06:10:00","2025/04/06 00:00:00",1,RAISEREG,SA1,-0.00034883,0,411.43419,QPS3
D,FPP,FORECAST_DEFAULT_CF,1,QPS4,F_I+RREG_0220,"2025/03/31 06:10:00","2025/04/06 00:00:00",1,RAISEREG,SA1,-0.00013990,0,411.43419,QPS4
D,FPP,FORECAST_DEFAULT_CF,1,QPS5,F_I+RREG_0220,"2025/03/31 06:10:00","2025/04/06 00:00:00",1,RAISEREG,SA1,-0.00054536,0,411.43419,QPS5
D,FPP,FORECAST_DEFAULT_CF,1,RANGEB1,F_I+RREG_0220,"2025/03/31 06:10:00","2025/04/06 00:00:00",1,RAISEREG,VIC1,-0.00123293,0,411.43419,RANGEB1
D,FPP,FORECAST_DEFAULT_CF,1,REECE1,F_I+RREG_0220,"2025/03/31 06:10:00","2025/04/06 00:00:00",1,RAISEREG,TAS1,-0.00038932,0,411.43419,REECE1
D,FPP,FORECAST_DEFAULT_CF,1,REECE2,F_I+RREG_0220,"2025/03/31 06:10:00","2025/04/06 00:00:00",1,RAISEREG,TAS1,-0.00141736,0,411.43419,REECE2
D,FPP,FORECAST_DEFAULT_CF,1,REPULSE,F_I+RREG_0220,"2025/03/31 06:10:00","2025/04/06 00:00:00",1,RAISEREG,TAS1,-0.00023506,0,411.43419,REPULSE
D,FPP,FORECAST_DEFAULT_CF,1,RESS1,F_I+RREG_0220,"2025/03/31 06:10:00","2025/04/06 00:00:00",1,RAISEREG,NSW1,-0.00024519,0,411.43419,RESS1
D,FPP,FORECAST_DEFAULT_CF,1,RIVNB2,F_I+RREG_0220,"2025/03/31 06:10:00","2025/04/06 00:00:00",1,RAISEREG,NSW1,-0.00013635,0,411.43419,RIVNB2
D,FPP,FORECAST_DEFAULT_CF,1,ROMA_7,F_I+RREG_0220,"2025/03/31 06:10:00","2025/04/06 00:00:00",1,RAISEREG,QLD1,-0.00016399,0,411.43419,ROMA_7
D,FPP,FORECAST_DEFAULT_CF,1,ROMA_8,F_I+RREG_0220,"2025/03/31 06:10:00","2025/04/06 00:00:00",1,RAISEREG,QLD1,-0.00000143,0,411.43419,ROMA_8
D,FPP,FORECAST_DEFAULT_CF,1,ROWALLAN,F_I+RREG_0220,"2025/03/31 06:10:00","2025/04/06 00:00:00",1,RAISEREG,TAS1,-0.00001752,0,411.43419,ROWALLAN
D,FPP,FORECAST_DEFAULT_CF,1,ROYALLA1,F_I+RREG_0220,"2025/03/31 06:10:00","2025/04/06 00:00:00",1,RAISEREG,NSW1,-0.00051150,0,411.43419,ROYALLA1
D,FPP,FORECAST_DEFAULT_CF,1,RPCG,F_I+RREG_0220,"2025/03/31 06:10:00","2025/04/06 00:00:00",1,RAISEREG,QLD1,-0.00016382,0,411.43419,RPCG
D,FPP,FORECAST_DEFAULT_CF,1,RRSF1,F_I+RREG_0220,"2025/03/31 06:10:00","2025/04/06 00:00:00",1,RAISEREG,QLD1,-0.00591448,0,411.43419,RRSF1
D,FPP,FORECAST_DEFAULT_CF,1,RUGBYR1,F_I+RREG_0220,"2025/03/31 06:10:00","2025/04/06 00:00:00",1,RAISEREG,QLD1,-0.00358529,0,411.43419,RUGBYR1
D,FPP,FORECAST_DEFAULT_CF,1,RYANCWF1,F_I+RREG_0220,"2025/03/31 06:10:00","2025/04/06 00:00:00",1,RAISEREG,VIC1,-0.00493420,0,411.43419,RYANCWF1
D,FPP,FORECAST_DEFAULT_CF,1,RYEPARK1,F_I+RREG_0220,"2025/03/31 06:10:00","2025/04/06 00:00:00",1,RAISEREG,NSW1,-0.00546821,0,411.43419,RYEPARK1
D,FPP,FORECAST_DEFAULT_CF,1,SALTCRK1,F_I+RREG_0220,"2025/03/31 06:10:00","2025/04/06 00:00:00",1,RAISEREG,VIC1,-0.00159044,0,411.43419,SALTCRK1
D,FPP,FORECAST_DEFAULT_CF,1,SAPHWF1,F_I+RREG_0220,"2025/03/31 06:10:00","2025/04/06 00:00:00",1,RAISEREG,NSW1,-0.00406736,0,411.43419,SAPHWF1
D,FPP,FORECAST_DEFAULT_CF,1,SEBSF1,F_I+RREG_0220,"2025/03/31 06:10:00","2025/04/06 00:00:00",1,RAISEREG,NSW1,-0.00344694,0,411.43419,SEBSF1
D,FPP,FORECAST_DEFAULT_CF,1,SHGEN,F_I+RREG_0220,"2025/03/31 06:10:00","2025/04/06 00:00:00",1,RAISEREG,NSW1,-0.00106068,0,411.43419,SHGEN
D,FPP,FORECAST_DEFAULT_CF,1,SHPUMP,F_I+RREG_0220,"2025/03/31 06:10:00","2025/04/06 00:00:00",1,RAISEREG,NSW1,-0.00066210,0,411.43419,SHPUMP
D,FPP,FORECAST_DEFAULT_CF,1,SITHE01,F_I+RREG_0220,"2025/03/31 06:10:00","2025/04/06 00:00:00",1,RAISEREG,NSW1,-0.00010366,0,411.43419,SITHE01
D,FPP,FORECAST_DEFAULT_CF,1,SMCSF1,F_I+RREG_0220,"2025/03/31 06:10:00","2025/04/06 00:00:00",1,RAISEREG,QLD1,-0.00410523,0,411.43419,SMCSF1
D,FPP,FORECAST_DEFAULT_CF,1,SNAPPER1,F_I+RREG_0220,"2025/03/31 06:10:00","2025/04/06 00:00:00",1,RAISEREG,SA1,-0.00018462,0,411.43419,SNAPPER1
D,FPP,FORECAST_DEFAULT_CF,1,SNOWNTH1,F_I+RREG_0220,"2025/03/31 06:10:00","2025/04/06 00:00:00",1,RAISEREG,SA1,-0.00313042,0,411.43419,SNOWNTH1
D,FPP,FORECAST_DEFAULT_CF,1,SNOWSTH1,F_I+RREG_0220,"2025/03/31 06:10:00","2025/04/06 00:00:00",1,RAISEREG,SA1,-0.00321682,0,411.43419,SNOWSTH1
D,FPP,FORECAST_DEFAULT_CF,1,SNOWTWN1,F_I+RREG_0220,"2025/03/31 06:10:00","2025/04/06 00:00:00",1,RAISEREG,SA1,-0.00218176,0,411.43419,SNOWTWN1
D,FPP,FORECAST_DEFAULT_CF,1,SNOWYP,F_I+RREG_0220,"2025/03/31 06:10:00","2025/04/06 00:00:00",1,RAISEREG,NSW1,-0.00047028,0,411.43419,SNOWYP
D,FPP,FORECAST_DEFAULT_CF,1,SNUG1,F_I+RREG_0220,"2025/03/31 06:10:00","2025/04/06 00:00:00",1,RAISEREG,SA1,-0.00003481,0,411.43419,SNUG1
D,FPP,FORECAST_DEFAULT_CF,1,SRSF1,F_I+RREG_0220,"2025/03/31 06:10:00","2025/04/06 00:00:00",1,RAISEREG,QLD1,-0.00344454,0,411.43419,SRSF1
D,FPP,FORECAST_DEFAULT_CF,1,STAN-1,F_I+RREG_0220,"2025/03/31 06:10:00","2025/04/06 00:00:00",1,RAISEREG,QLD1,-0.00002224,0,411.43419,STAN-1
D,FPP,FORECAST_DEFAULT_CF,1,STAN-2,F_I+RREG_0220,"2025/03/31 06:10:00","2025/04/06 00:00:00",1,RAISEREG,QLD1,-0.00012111,0,411.43419,STAN-2
D,FPP,FORECAST_DEFAULT_CF,1,STAN-3,F_I+RREG_0220,"2025/03/31 06:10:00","2025/04/06 00:00:00",1,RAISEREG,QLD1,-0.00008045,0,411.43419,STAN-3
D,FPP,FORECAST_DEFAULT_CF,1,STAN-4,F_I+RREG_0220,"2025/03/31 06:10:00","2025/04/06 00:00:00",1,RAISEREG,QLD1,-0.00076797,0,411.43419,STAN-4
D,FPP,FORECAST_DEFAULT_CF,1,STARHLWF,F_I+RREG_0220,"2025/03/31 06:10:00","2025/04/06 00:00:00",1,RAISEREG,SA1,-0.00049225,0,411.43419,STARHLWF
D,FPP,FORECAST_DEFAULT_CF,1,STOCKYD1,F_I+RREG_0220,"2025/03/31 06:10:00","2025/04/06 00:00:00",1,RAISEREG,VIC1,-0.00742753,0,411.43419,STOCKYD1
D,FPP,FORECAST_DEFAULT_CF,1,STUBSF1,F_I+RREG_0220,"2025/03/31 06:10:00","2025/04/06 00:00:00",1,RAISEREG,NSW1,-0.01222188,0,411.43419,STUBSF1
D,FPP,FORECAST_DEFAULT_CF,1,STUBSF2,F_I+RREG_0220,"2025/03/31 06:10:00","2025/04/06 00:00:00",1,RAISEREG,NSW1,-0.00893394,0,411.43419,STUBSF2
D,FPP,FORECAST_DEFAULT_CF,1,STWF1,F_I+RREG_0220,"2025/03/31 06:10:00","2025/04/06 00:00:00",1,RAISEREG,NSW1,-0.00313498,0,411.43419,STWF1
D,FPP,FORECAST_DEFAULT_CF,1,SUNRSF1,F_I+RREG_0220,"2025/03/31 06:10:00","2025/04/06 00:00:00",1,RAISEREG,NSW1,-0.00580093,0,411.43419,SUNRSF1
D,FPP,FORECAST_DEFAULT_CF,1,SUNTPSF1,F_I+RREG_0220,"2025/03/31 06:10:00","2025/04/06 00:00:00",1,RAISEREG,NSW1,-0.00584353,0,411.43419,SUNTPSF1
D,FPP,FORECAST_DEFAULT_CF,1,SWAN_E,F_I+RREG_0220,"2025/03/31 06:10:00","2025/04/06 00:00:00",1,RAISEREG,QLD1,-0.00060593,0,411.43419,SWAN_E
D,FPP,FORECAST_DEFAULT_CF,1,TALWA1,F_I+RREG_0220,"2025/03/31 06:10:00","2025/04/06 00:00:00",1,RAISEREG,NSW1,-0.00046255,0,411.43419,TALWA1
D,FPP,FORECAST_DEFAULT_CF,1,TALWB1,F_I+RREG_0220,"2025/03/31 06:10:00","2025/04/06 00:00:00",1,RAISEREG,NSW1,-0.00000574,0,411.43419,TALWB1
D,FPP,FORECAST_DEFAULT_CF,1,TARALGA1,F_I+RREG_0220,"2025/03/31 06:10:00","2025/04/06 00:00:00",1,RAISEREG,NSW1,-0.00102427,0,411.43419,TARALGA1
D,FPP,FORECAST_DEFAULT_CF,1,TARBESS1,F_I+RREG_0220,"2025/03/31 06:10:00","2025/04/06 00:00:00",1,RAISEREG,QLD1,0.00000000,0,411.43419,TARBESS1
D,FPP,FORECAST_DEFAULT_CF,1,TARONG#1,F_I+RREG_0220,"2025/03/31 06:10:00","2025/04/06 00:00:00",1,RAISEREG,QLD1,-0.00021571,0,411.43419,TARONG#1
D,FPP,FORECAST_DEFAULT_CF,1,TARONG#2,F_I+RREG_0220,"2025/03/31 06:10:00","2025/04/06 00:00:00",1,RAISEREG,QLD1,-0.00017159,0,411.43419,TARONG#2
D,FPP,FORECAST_DEFAULT_CF,1,TARONG#3,F_I+RREG_0220,"2025/03/31 06:10:00","2025/04/06 00:00:00",1,RAISEREG,QLD1,-0.00019281,0,411.43419,TARONG#3
D,FPP,FORECAST_DEFAULT_CF,1,TARONG#4,F_I+RREG_0220,"2025/03/31 06:10:00","2025/04/06 00:00:00",1,RAISEREG,QLD1,-0.00021238,0,411.43419,TARONG#4
D,FPP,FORECAST_DEFAULT_CF,1,TARRALEA,F_I+RREG_0220,"2025/03/31 06:10:00","2025/04/06 00:00:00",1,RAISEREG,TAS1,-0.00013066,0,411.43419,TARRALEA
D,FPP,FORECAST_DEFAULT_CF,1,TB2B1,F_I+RREG_0220,"2025/03/31 06:10:00","2025/04/06 00:00:00",1,RAISEREG,SA1,-0.00049716,0,411.43419,TB2B1
D,FPP,FORECAST_DEFAULT_CF,1,TB2SF1,F_I+RREG_0220,"2025/03/31 06:10:00","2025/04/06 00:00:00",1,RAISEREG,SA1,-0.00238215,0,411.43419,TB2SF1
D,FPP,FORECAST_DEFAULT_CF,1,TBSF1,F_I+RREG_0220,"2025/03/31 06:10:00","2025/04/06 00:00:00",1,RAISEREG,SA1,-0.00328038,0,411.43419,TBSF1
D,FPP,FORECAST_DEFAULT_CF,1,TIB1,F_I+RREG_0220,"2025/03/31 06:10:00","2025/04/06 00:00:00",1,RAISEREG,SA1,-0.00101022,0,411.43419,TIB1
D,FPP,FORECAST_DEFAULT_CF,1,TNPS1,F_I+RREG_0220,"2025/03/31 06:10:00","2025/04/06 00:00:00",1,RAISEREG,QLD1,-0.00218839,0,411.43419,TNPS1
D,FPP,FORECAST_DEFAULT_CF,1,TOMAGO_LOAD,F_I+RREG_0220,"2025/03/31 06:10:00","2025/04/06 00:00:00",1,RAISEREG,NSW1,-0.00201989,0,411.43419,NTMG
D,FPP,FORECAST_DEFAULT_CF,1,TORRB1,F_I+RREG_0220,"2025/03/31 06:10:00","2025/04/06 00:00:00",1,RAISEREG,SA1,0.00000000,0,411.43419,TORRB1
D,FPP,FORECAST_DEFAULT_CF,1,TORRB2,F_I+RREG_0220,"2025/03/31 06:10:00","2025/04/06 00:00:00",1,RAISEREG,SA1,-0.00033118,0,411.43419,TORRB2
D,FPP,FORECAST_DEFAULT_CF,1,TORRB3,F_I+RREG_0220,"2025/03/31 06:10:00","2025/04/06 00:00:00",1,RAISEREG,SA1,0.00000000,0,411.43419,TORRB3
D,FPP,FORECAST_DEFAULT_CF,1,TORRB4,F_I+RREG_0220,"2025/03/31 06:10:00","2025/04/06 00:00:00",1,RAISEREG,SA1,-0.00023338,0,411.43419,TORRB4
D,FPP,FORECAST_DEFAULT_CF,1,TREVALLN,F_I+RREG_0220,"2025/03/31 06:10:00","2025/04/06 00:00:00",1,RAISEREG,TAS1,-0.00031475,0,411.43419,TREVALLN
D,FPP,FORECAST_DEFAULT_CF,1,TRIBUTE,F_I+RREG_0220,"2025/03/31 06:10:00","2025/04/06 00:00:00",1,RAISEREG,TAS1,-0.00045687,0,411.43419,TRIBUTE
D,FPP,FORECAST_DEFAULT_CF,1,TUMUT3,F_I+RREG_0220,"2025/03/31 06:10:00","2025/04/06 00:00:00",1,RAISEREG,NSW1,-0.00311705,0,411.43419,TUMUT3
D,FPP,FORECAST_DEFAULT_CF,1,TUNGATIN,F_I+RREG_0220,"2025/03/31 06:10:00","2025/04/06 00:00:00",1,RAISEREG,TAS1,-0.00324839,0,411.43419,TUNGATIN
D,FPP,FORECAST_DEFAULT_CF,1,TVCC201,F_I+RREG_0220,"2025/03/31 06:10:00","2025/04/06 00:00:00",1,RAISEREG,TAS1,0.00000000,0,411.43419,TVCC201
D,FPP,FORECAST_DEFAULT_CF,1,TVPP104,F_I+RREG_0220,"2025/03/31 06:10:00","2025/04/06 00:00:00",1,RAISEREG,TAS1,-0.00034589,0,411.43419,TVPP104
D,FPP,FORECAST_DEFAULT_CF,1,UPPTUMUT,F_I+RREG_0220,"2025/03/31 06:10:00","2025/04/06 00:00:00",1,RAISEREG,NSW1,-0.00075553,0,411.43419,UPPTUMUT
D,FPP,FORECAST_DEFAULT_CF,1,URANQ11,F_I+RREG_0220,"2025/03/31 06:10:00","2025/04/06 00:00:00",1,RAISEREG,NSW1,-0.00033998,0,411.43419,URANQ11
D,FPP,FORECAST_DEFAULT_CF,1,URANQ12,F_I+RREG_0220,"2025/03/31 06:10:00","2025/04/06 00:00:00",1,RAISEREG,NSW1,-0.00019517,0,411.43419,URANQ12
D,FPP,FORECAST_DEFAULT_CF,1,URANQ13,F_I+RREG_0220,"2025/03/31 06:10:00","2025/04/06 00:00:00",1,RAISEREG,NSW1,-0.00096506,0,411.43419,URANQ13
D,FPP,FORECAST_DEFAULT_CF,1,URANQ14,F_I+RREG_0220,"2025/03/31 06:10:00","2025/04/06 00:00:00",1,RAISEREG,NSW1,-0.00024347,0,411.43419,URANQ14
D,FPP,FORECAST_DEFAULT_CF,1,VBB1,F_I+RREG_0220,"2025/03/31 06:10:00","2025/04/06 00:00:00",1,RAISEREG,VIC1,-0.00274615,0,411.43419,VBB1
D,FPP,FORECAST_DEFAULT_CF,1,VP5,F_I+RREG_0220,"2025/03/31 06:10:00","2025/04/06 00:00:00",1,RAISEREG,NSW1,-0.00050939,0,411.43419,VP5
D,FPP,FORECAST_DEFAULT_CF,1,VP6,F_I+RREG_0220,"2025/03/31 06:10:00","2025/04/06 00:00:00",1,RAISEREG,NSW1,-0.00337753,0,411.43419,VP6
D,FPP,FORECAST_DEFAULT_CF,1,VPGS1,F_I+RREG_0220,"2025/03/31 06:10:00","2025/04/06 00:00:00",1,RAISEREG,VIC1,0.00000000,0,411.43419,VPGS1
D,FPP,FORECAST_DEFAULT_CF,1,VPGS2,F_I+RREG_0220,"2025/03/31 06:10:00","2025/04/06 00:00:00",1,RAISEREG,VIC1,0.00000000,0,411.43419,VPGS2
D,FPP,FORECAST_DEFAULT_CF,1,VPGS3,F_I+RREG_0220,"2025/03/31 06:10:00","2025/04/06 00:00:00",1,RAISEREG,VIC1,0.00000000,0,411.43419,VPGS3
D,FPP,FORECAST_DEFAULT_CF,1,VPGS4,F_I+RREG_0220,"2025/03/31 06:10:00","2025/04/06 00:00:00",1,RAISEREG,VIC1,0.00000000,0,411.43419,VPGS4
D,FPP,FORECAST_DEFAULT_CF,1,VPGS5,F_I+RREG_0220,"2025/03/31 06:10:00","2025/04/06 00:00:00",1,RAISEREG,VIC1,0.00000000,0,411.43419,VPGS5
D,FPP,FORECAST_DEFAULT_CF,1,VPGS6,F_I+RREG_0220,"2025/03/31 06:10:00","2025/04/06 00:00:00",1,RAISEREG,VIC1,0.00000000,0,411.43419,VPGS6
D,FPP,FORECAST_DEFAULT_CF,1,W/HOE#1,F_I+RREG_0220,"2025/03/31 06:10:00","2025/04/06 00:00:00",1,RAISEREG,QLD1,-0.00166661,0,411.43419,W/HOE#1
D,FPP,FORECAST_DEFAULT_CF,1,W/HOE#2,F_I+RREG_0220,"2025/03/31 06:10:00","2025/04/06 00:00:00",1,RAISEREG,QLD1,-0.00269282,0,411.43419,W/HOE#2
D,FPP,FORECAST_DEFAULT_CF,1,WAGGNSF1,F_I+RREG_0220,"2025/03/31 06:10:00","2025/04/06 00:00:00",1,RAISEREG,NSW1,-0.00142149,0,411.43419,WAGGNSF1
D,FPP,FORECAST_DEFAULT_CF,1,WALGRV1,F_I+RREG_0220,"2025/03/31 06:10:00","2025/04/06 00:00:00",1,RAISEREG,NSW1,-0.00257076,0,411.43419,WALGRV1
D,FPP,FORECAST_DEFAULT_CF,1,WANDB1,F_I+RREG_0220,"2025/03/31 06:10:00","2025/04/06 00:00:00",1,RAISEREG,QLD1,-0.00080326,0,411.43419,WANDB1
D,FPP,FORECAST_DEFAULT_CF,1,WANDSF1,F_I+RREG_0220,"2025/03/31 06:10:00","2025/04/06 00:00:00",1,RAISEREG,QLD1,-0.00676142,0,411.43419,WANDSF1
D,FPP,FORECAST_DEFAULT_CF,1,WARWSF1,F_I+RREG_0220,"2025/03/31 06:10:00","2025/04/06 00:00:00",1,RAISEREG,QLD1,-0.00093288,0,411.43419,WARWSF1
D,FPP,FORECAST_DEFAULT_CF,1,WARWSF2,F_I+RREG_0220,"2025/03/31 06:10:00","2025/04/06 00:00:00",1,RAISEREG,QLD1,-0.00083243,0,411.43419,WARWSF2
D,FPP,FORECAST_DEFAULT_CF,1,WATERLWF,F_I+RREG_0220,"2025/03/31 06:10:00","2025/04/06 00:00:00",1,RAISEREG,SA1,-0.00209346,0,411.43419,WATERLWF
D,FPP,FORECAST_DEFAULT_CF,1,WAUBRAWF,F_I+RREG_0220,"2025/03/31 06:10:00","2025/04/06 00:00:00",1,RAISEREG,VIC1,-0.00202501,0,411.43419,WAUBRAWF
D,FPP,FORECAST_DEFAULT_CF,1,WDBESS1,F_I+RREG_0220,"2025/03/31 06:10:00","2025/04/06 00:00:00",1,RAISEREG,QLD1,-0.00153628,0,411.43419,WDBESS1
D,FPP,FORECAST_DEFAULT_CF,1,WDGPH1,F_I+RREG_0220,"2025/03/31 06:10:00","2025/04/06 00:00:00",1,RAISEREG,QLD1,-0.01622614,0,411.43419,WDGPH1
D,FPP,FORECAST_DEFAULT_CF,1,WELLSF1,F_I+RREG_0220,"2025/03/31 06:10:00","2025/04/06 00:00:00",1,RAISEREG,NSW1,-0.00872468,0,411.43419,WELLSF1
D,FPP,FORECAST_DEFAULT_CF,1,WELNSF1,F_I+RREG_0220,"2025/03/31 06:10:00","2025/04/06 00:00:00",1,RAISEREG,NSW1,-0.03529461,0,411.43419,WELNSF1
D,FPP,FORECAST_DEFAULT_CF,1,WEMENSF1,F_I+RREG_0220,"2025/03/31 06:10:00","2025/04/06 00:00:00",1,RAISEREG,VIC1,-0.00193018,0,411.43419,WEMENSF1
D,FPP,FORECAST_DEFAULT_CF,1,WGWF1,F_I+RREG_0220,"2025/03/31 06:10:00","2025/04/06 00:00:00",1,RAISEREG,SA1,-0.00433644,0,411.43419,WGWF1
D,FPP,FORECAST_DEFAULT_CF,1,WHITSF1,F_I+RREG_0220,"2025/03/31 06:10:00","2025/04/06 00:00:00",1,RAISEREG,QLD1,-0.00299778,0,411.43419,WHITSF1
D,FPP,FORECAST_DEFAULT_CF,1,WINTSF1,F_I+RREG_0220,"2025/03/31 06:10:00","2025/04/06 00:00:00",1,RAISEREG,VIC1,-0.00357819,0,411.43419,WINTSF1
D,FPP,FORECAST_DEFAULT_CF,1,WKIEWA1,F_I+RREG_0220,"2025/03/31 06:10:00","2025/04/06 00:00:00",1,RAISEREG,VIC1,-0.00005678,0,411.43419,WKIEWA1
D,FPP,FORECAST_DEFAULT_CF,1,WKIEWA2,F_I+RREG_0220,"2025/03/31 06:10:00","2025/04/06 00:00:00",1,RAISEREG,VIC1,0.00000000,0,411.43419,WKIEWA2
D,FPP,FORECAST_DEFAULT_CF,1,WLWLSF1,F_I+RREG_0220,"2025/03/31 06:10:00","2025/04/06 00:00:00",1,RAISEREG,NSW1,-0.00486513,0,411.43419,WLWLSF1
D,FPP,FORECAST_DEFAULT_CF,1,WLWLSF2,F_I+RREG_0220,"2025/03/31 06:10:00","2025/04/06 00:00:00",1,RAISEREG,NSW1,-0.00774328,0,411.43419,WLWLSF2
D,FPP,FORECAST_DEFAULT_CF,1,WOLARSF1,F_I+RREG_0220,"2025/03/31 06:10:00","2025/04/06 00:00:00",1,RAISEREG,NSW1,0.00000000,0,411.43419,WOLARSF1
D,FPP,FORECAST_DEFAULT_CF,1,WOODLWN1,F_I+RREG_0220,"2025/03/31 06:10:00","2025/04/06 00:00:00",1,RAISEREG,NSW1,-0.00044177,0,411.43419,WOODLWN1
D,FPP,FORECAST_DEFAULT_CF,1,WOOLGSF1,F_I+RREG_0220,"2025/03/31 06:10:00","2025/04/06 00:00:00",1,RAISEREG,QLD1,-0.00755392,0,411.43419,WOOLGSF1
D,FPP,FORECAST_DEFAULT_CF,1,WOOLNTH1,F_I+RREG_0220,"2025/03/31 06:10:00","2025/04/06 00:00:00",1,RAISEREG,TAS1,-0.00166885,0,411.43419,WOOLNTH1
D,FPP,FORECAST_DEFAULT_CF,1,WPWF,F_I+RREG_0220,"2025/03/31 06:10:00","2025/04/06 00:00:00",1,RAISEREG,SA1,-0.00135331,0,411.43419,WPWF
D,FPP,FORECAST_DEFAULT_CF,1,WRSF1,F_I+RREG_0220,"2025/03/31 06:10:00","2025/04/06 00:00:00",1,RAISEREG,NSW1,-0.00049855,0,411.43419,WRSF1
D,FPP,FORECAST_DEFAULT_CF,1,WRWF1,F_I+RREG_0220,"2025/03/31 06:10:00","2025/04/06 00:00:00",1,RAISEREG,NSW1,-0.00303468,0,411.43419,WRWF1
D,FPP,FORECAST_DEFAULT_CF,1,WSTWYSF1,F_I+RREG_0220,"2025/03/31 06:10:00","2025/04/06 00:00:00",1,RAISEREG,NSW1,-0.00365091,0,411.43419,WSTWYSF1
D,FPP,FORECAST_DEFAULT_CF,1,WTAHB1,F_I+RREG_0220,"2025/03/31 06:10:00","2025/04/06 00:00:00",1,RAISEREG,NSW1,-0.00420512,0,411.43419,WTAHB1
D,FPP,FORECAST_DEFAULT_CF,1,WUNUSF1,F_I+RREG_0220,"2025/03/31 06:10:00","2025/04/06 00:00:00",1,RAISEREG,VIC1,-0.00287293,0,411.43419,WUNUSF1
D,FPP,FORECAST_DEFAULT_CF,1,WYASF1,F_I+RREG_0220,"2025/03/31 06:10:00","2025/04/06 00:00:00",1,RAISEREG,NSW1,-0.00171012,0,411.43419,WYASF1
D,FPP,FORECAST_DEFAULT_CF,1,YABULU,F_I+RREG_0220,"2025/03/31 06:10:00","2025/04/06 00:00:00",1,RAISEREG,QLD1,-0.00089198,0,411.43419,YABULU
D,FPP,FORECAST_DEFAULT_CF,1,YABULU2,F_I+RREG_0220,"2025/03/31 06:10:00","2025/04/06 00:00:00",1,RAISEREG,QLD1,0.00000000,0,411.43419,YABULU2
D,FPP,FORECAST_DEFAULT_CF,1,YAMBUKWF,F_I+RREG_0220,"2025/03/31 06:10:00","2025/04/06 00:00:00",1,RAISEREG,VIC1,-0.00039180,0,411.43419,YAMBUKWF
D,FPP,FORECAST_DEFAULT_CF,1,YARANSF1,F_I+RREG_0220,"2025/03/31 06:10:00","2025/04/06 00:00:00",1,RAISEREG,QLD1,-0.00412839,0,411.43419,YARANSF1
D,FPP,FORECAST_DEFAULT_CF,1,YARWUN_1,F_I+RREG_0220,"2025/03/31 06:10:00","2025/04/06 00:00:00",1,RAISEREG,QLD1,-0.00091132,0,411.43419,YARWUN_1
D,FPP,FORECAST_DEFAULT_CF,1,YATSF1,F_I+RREG_0220,"2025/03/31 06:10:00","2025/04/06 00:00:00",1,RAISEREG,VIC1,-0.00429371,0,411.43419,YATSF1
D,FPP,FORECAST_DEFAULT_CF,1,YENDWF1,F_I+RREG_0220,"2025/03/31 06:10:00","2025/04/06 00:00:00",1,RAISEREG,VIC1,-0.00293277,0,411.43419,YENDWF1
D,FPP,FORECAST_DEFAULT_CF,1,YSWF1,F_I+RREG_0220,"2025/03/31 06:10:00","2025/04/06 00:00:00",1,RAISEREG,VIC1,-0.00051391,0,411.43419,YSWF1
D,FPP,FORECAST_DEFAULT_CF,1,YWPS1,F_I+RREG_0220,"2025/03/31 06:10:00","2025/04/06 00:00:00",1,RAISEREG,VIC1,-0.00061645,0,411.43419,YWPS1
D,FPP,FORECAST_DEFAULT_CF,1,YWPS2,F_I+RREG_0220,"2025/03/31 06:10:00","2025/04/06 00:00:00",1,RAISEREG,VIC1,-0.00034185,0,411.43419,YWPS2
D,FPP,FORECAST_DEFAULT_CF,1,YWPS3,F_I+RREG_0220,"2025/03/31 06:10:00","2025/04/06 00:00:00",1,RAISEREG,VIC1,-0.00094460,0,411.43419,YWPS3
D,FPP,FORECAST_DEFAULT_CF,1,YWPS4,F_I+RREG_0220,"2025/03/31 06:10:00","2025/04/06 00:00:00",1,RAISEREG,VIC1,-0.00062066,0,411.43419,YWPS4
I,FPP,FORECAST_RESIDUAL_DCF,1,CONSTRAINTID,EFFECTIVE_START_DATETIME,EFFECTIVE_END_DATETIME,VERSIONNO,BIDTYPE,RESIDUAL_DCF,RESIDUAL_DCF_REASON_FLAG,DCF_ABS_NEGATIVE_PERF_TOTAL
D,FPP,FORECAST_RESIDUAL_DCF,1,F_I+RREG_0220,"2025/03/31 06:10:00","2025/04/06 00:00:00",1,RAISEREG,-0.23032614,0,411.43419
C,"END OF REPORT",436
