C,SETP.WORLD,FPP_RUN,AEMO,PUBLIC,2025/05/03,14:13:10,0000000461727731,FPP,0000000461727731
I,FPP,CONSTRAINT_FREQ_MEASURE,1,INTERVAL_DATETIME,MEASUREMENT_DATETIME,CONSTRAINTID,VERSIONNO,BIDTYPE,FM_RAISE_HZ,FM_LOWER_HZ,USED_IN_RCR_FLAG,CORRELATION_FLAG
D,FPP,CONSTRAINT_FREQ_MEASURE,1,"2025/05/03 14:10:00","2025/05/03 14:05:04",F_MAIN++APD_TL_L5,1,LOWERREG,0.01900343,0.00000000,1,0
D,FPP,CONSTRAINT_FREQ_MEASURE,1,"2025/05/03 14:10:00","2025/05/03 14:05:04",F_T+LREG_0050,1,LOWERREG,0.01481873,0.00000000,1,0
D,FPP,CONSTRAINT_FREQ_MEASURE,1,"2025/05/03 14:10:00","2025/05/03 14:05:04",F_T+RREG_0050,1,RAISEREG,0.01481873,0.00000000,1,0
D,FPP,CONSTRAINT_FREQ_MEASURE,1,"2025/05/03 14:10:00","2025/05/03 14:05:04",F_TASCAP_RREG_0220,1,RAISEREG,0.01900343,0.00000000,1,0
D,FPP,CONSTRAINT_FREQ_MEASURE,1,"2025/05/03 14:10:00","2025/05/03 14:05:08",F_MAIN++APD_TL_L5,1,LOWERREG,0.02062691,0.00000000,1,0
D,FPP,CONSTRAINT_FREQ_MEASURE,1,"2025/05/03 14:10:00","2025/05/03 14:05:08",F_T+LREG_0050,1,LOWERREG,0.02063679,0.00000000,1,0
D,FPP,CONSTRAINT_FREQ_MEASURE,1,"2025/05/03 14:10:00","2025/05/03 14:05:08",F_T+RREG_0050,1,RAISEREG,0.02063679,0.00000000,1,0
D,FPP,CONSTRAINT_FREQ_MEASURE,1,"2025/05/03 14:10:00","2025/05/03 14:05:08",F_TASCAP_RREG_0220,1,RAISEREG,0.02062691,0.00000000,1,0
D,FPP,CONSTRAINT_FREQ_MEASURE,1,"2025/05/03 14:10:00","2025/05/03 14:05:12",F_MAIN++APD_TL_L5,1,LOWERREG,0.02251515,0.00000000,1,0
D,FPP,CONSTRAINT_FREQ_MEASURE,1,"2025/05/03 14:10:00","2025/05/03 14:05:12",F_T+LREG_0050,1,LOWERREG,0.02582861,0.00000000,1,0
D,FPP,CONSTRAINT_FREQ_MEASURE,1,"2025/05/03 14:10:00","2025/05/03 14:05:12",F_T+RREG_0050,1,RAISEREG,0.02582861,0.00000000,1,0
D,FPP,CONSTRAINT_FREQ_MEASURE,1,"2025/05/03 14:10:00","2025/05/03 14:05:12",F_TASCAP_RREG_0220,1,RAISEREG,0.02251515,0.00000000,1,0
D,FPP,CONSTRAINT_FREQ_MEASURE,1,"2025/05/03 14:10:00","2025/05/03 14:05:16",F_MAIN++APD_TL_L5,1,LOWERREG,0.02326899,0.00000000,1,0
D,FPP,CONSTRAINT_FREQ_MEASURE,1,"2025/05/03 14:10:00","2025/05/03 14:05:16",F_T+LREG_0050,1,LOWERREG,0.02697781,0.00000000,1,0
D,FPP,CONSTRAINT_FREQ_MEASURE,1,"2025/05/03 14:10:00","2025/05/03 14:05:16",F_T+RREG_0050,1,RAISEREG,0.02697781,0.00000000,1,0
D,FPP,CONSTRAINT_FREQ_MEASURE,1,"2025/05/03 14:10:00","2025/05/03 14:05:16",F_TASCAP_RREG_0220,1,RAISEREG,0.02326899,0.00000000,1,0
D,FPP,CONSTRAINT_FREQ_MEASURE,1,"2025/05/03 14:10:00","2025/05/03 14:05:20",F_MAIN++APD_TL_L5,1,LOWERREG,0.02527921,0.00000000,1,0
D,FPP,CONSTRAINT_FREQ_MEASURE,1,"2025/05/03 14:10:00","2025/05/03 14:05:20",F_T+LREG_0050,1,LOWERREG,0.02076052,0.00000000,1,0
D,FPP,CONSTRAINT_FREQ_MEASURE,1,"2025/05/03 14:10:00","2025/05/03 14:05:20",F_T+RREG_0050,1,RAISEREG,0.02076052,0.00000000,1,0
D,FPP,CONSTRAINT_FREQ_MEASURE,1,"2025/05/03 14:10:00","2025/05/03 14:05:20",F_TASCAP_RREG_0220,1,RAISEREG,0.02527921,0.00000000,1,0
D,FPP,CONSTRAINT_FREQ_MEASURE,1,"2025/05/03 14:10:00","2025/05/03 14:05:24",F_MAIN++APD_TL_L5,1,LOWERREG,0.02743971,0.00000000,1,0
D,FPP,CONSTRAINT_FREQ_MEASURE,1,"2025/05/03 14:10:00","2025/05/03 14:05:24",F_T+LREG_0050,1,LOWERREG,0.01525818,0.00000000,1,0
D,FPP,CONSTRAINT_FREQ_MEASURE,1,"2025/05/03 14:10:00","2025/05/03 14:05:24",F_T+RREG_0050,1,RAISEREG,0.01525818,0.00000000,1,0
D,FPP,CONSTRAINT_FREQ_MEASURE,1,"2025/05/03 14:10:00","2025/05/03 14:05:24",F_TASCAP_RREG_0220,1,RAISEREG,0.02743971,0.00000000,1,0
D,FPP,CONSTRAINT_FREQ_MEASURE,1,"2025/05/03 14:10:00","2025/05/03 14:05:28",F_MAIN++APD_TL_L5,1,LOWERREG,0.02950659,0.00000000,1,0
D,FPP,CONSTRAINT_FREQ_MEASURE,1,"2025/05/03 14:10:00","2025/05/03 14:05:28",F_T+LREG_0050,1,LOWERREG,0.01520081,0.00000000,1,0
D,FPP,CONSTRAINT_FREQ_MEASURE,1,"2025/05/03 14:10:00","2025/05/03 14:05:28",F_T+RREG_0050,1,RAISEREG,0.01520081,0.00000000,1,0
D,FPP,CONSTRAINT_FREQ_MEASURE,1,"2025/05/03 14:10:00","2025/05/03 14:05:28",F_TASCAP_RREG_0220,1,RAISEREG,0.02950659,0.00000000,1,0
D,FPP,CONSTRAINT_FREQ_MEASURE,1,"2025/05/03 14:10:00","2025/05/03 14:05:32",F_MAIN++APD_TL_L5,1,LOWERREG,0.03004945,0.00000000,1,0
D,FPP,CONSTRAINT_FREQ_MEASURE,1,"2025/05/03 14:10:00","2025/05/03 14:05:32",F_T+LREG_0050,1,LOWERREG,0.02293396,0.00000000,1,0
D,FPP,CONSTRAINT_FREQ_MEASURE,1,"2025/05/03 14:10:00","2025/05/03 14:05:32",F_T+RREG_0050,1,RAISEREG,0.02293396,0.00000000,1,0
D,FPP,CONSTRAINT_FREQ_MEASURE,1,"2025/05/03 14:10:00","2025/05/03 14:05:32",F_TASCAP_RREG_0220,1,RAISEREG,0.03004945,0.00000000,1,0
D,FPP,CONSTRAINT_FREQ_MEASURE,1,"2025/05/03 14:10:00","2025/05/03 14:05:36",F_MAIN++APD_TL_L5,1,LOWERREG,0.03120825,0.00000000,1,0
D,FPP,CONSTRAINT_FREQ_MEASURE,1,"2025/05/03 14:10:00","2025/05/03 14:05:36",F_T+LREG_0050,1,LOWERREG,0.02450419,0.00000000,1,0
D,FPP,CONSTRAINT_FREQ_MEASURE,1,"2025/05/03 14:10:00","2025/05/03 14:05:36",F_T+RREG_0050,1,RAISEREG,0.02450419,0.00000000,1,0
D,FPP,CONSTRAINT_FREQ_MEASURE,1,"2025/05/03 14:10:00","2025/05/03 14:05:36",F_TASCAP_RREG_0220,1,RAISEREG,0.03120825,0.00000000,1,0
D,FPP,CONSTRAINT_FREQ_MEASURE,1,"2025/05/03 14:10:00","2025/05/03 14:05:40",F_MAIN++APD_TL_L5,1,LOWERREG,0.03089756,0.00000000,1,0
D,FPP,CONSTRAINT_FREQ_MEASURE,1,"2025/05/03 14:10:00","2025/05/03 14:05:40",F_T+LREG_0050,1,LOWERREG,0.02061437,0.00000000,1,0
D,FPP,CONSTRAINT_FREQ_MEASURE,1,"2025/05/03 14:10:00","2025/05/03 14:05:40",F_T+RREG_0050,1,RAISEREG,0.02061437,0.00000000,1,0
D,FPP,CONSTRAINT_FREQ_MEASURE,1,"2025/05/03 14:10:00","2025/05/03 14:05:40",F_TASCAP_RREG_0220,1,RAISEREG,0.03089756,0.00000000,1,0
D,FPP,CONSTRAINT_FREQ_MEASURE,1,"2025/05/03 14:10:00","2025/05/03 14:05:44",F_MAIN++APD_TL_L5,1,LOWERREG,0.03001428,0.00000000,1,0
D,FPP,CONSTRAINT_FREQ_MEASURE,1,"2025/05/03 14:10:00","2025/05/03 14:05:44",F_T+LREG_0050,1,LOWERREG,0.01892229,0.00000000,1,0
D,FPP,CONSTRAINT_FREQ_MEASURE,1,"2025/05/03 14:10:00","2025/05/03 14:05:44",F_T+RREG_0050,1,RAISEREG,0.01892229,0.00000000,1,0
D,FPP,CONSTRAINT_FREQ_MEASURE,1,"2025/05/03 14:10:00","2025/05/03 14:05:44",F_TASCAP_RREG_0220,1,RAISEREG,0.03001428,0.00000000,1,0
D,FPP,CONSTRAINT_FREQ_MEASURE,1,"2025/05/03 14:10:00","2025/05/03 14:05:48",F_MAIN++APD_TL_L5,1,LOWERREG,0.03080052,0.00000000,1,0
D,FPP,CONSTRAINT_FREQ_MEASURE,1,"2025/05/03 14:10:00","2025/05/03 14:05:48",F_T+LREG_0050,1,LOWERREG,0.02449511,0.00000000,1,0
D,FPP,CONSTRAINT_FREQ_MEASURE,1,"2025/05/03 14:10:00","2025/05/03 14:05:48",F_T+RREG_0050,1,RAISEREG,0.02449511,0.00000000,1,0
D,FPP,CONSTRAINT_FREQ_MEASURE,1,"2025/05/03 14:10:00","2025/05/03 14:05:48",F_TASCAP_RREG_0220,1,RAISEREG,0.03080052,0.00000000,1,0
D,FPP,CONSTRAINT_FREQ_MEASURE,1,"2025/05/03 14:10:00","2025/05/03 14:05:52",F_MAIN++APD_TL_L5,1,LOWERREG,0.03146512,0.00000000,1,0
D,FPP,CONSTRAINT_FREQ_MEASURE,1,"2025/05/03 14:10:00","2025/05/03 14:05:52",F_T+LREG_0050,1,LOWERREG,0.02816286,0.00000000,1,0
D,FPP,CONSTRAINT_FREQ_MEASURE,1,"2025/05/03 14:10:00","2025/05/03 14:05:52",F_T+RREG_0050,1,RAISEREG,0.02816286,0.00000000,1,0
D,FPP,CONSTRAINT_FREQ_MEASURE,1,"2025/05/03 14:10:00","2025/05/03 14:05:52",F_TASCAP_RREG_0220,1,RAISEREG,0.03146512,0.00000000,1,0
D,FPP,CONSTRAINT_FREQ_MEASURE,1,"2025/05/03 14:10:00","2025/05/03 14:05:56",F_MAIN++APD_TL_L5,1,LOWERREG,0.03266998,0.00000000,1,0
D,FPP,CONSTRAINT_FREQ_MEASURE,1,"2025/05/03 14:10:00","2025/05/03 14:05:56",F_T+LREG_0050,1,LOWERREG,0.02590445,0.00000000,1,0
D,FPP,CONSTRAINT_FREQ_MEASURE,1,"2025/05/03 14:10:00","2025/05/03 14:05:56",F_T+RREG_0050,1,RAISEREG,0.02590445,0.00000000,1,0
D,FPP,CONSTRAINT_FREQ_MEASURE,1,"2025/05/03 14:10:00","2025/05/03 14:05:56",F_TASCAP_RREG_0220,1,RAISEREG,0.03266998,0.00000000,1,0
D,FPP,CONSTRAINT_FREQ_MEASURE,1,"2025/05/03 14:10:00","2025/05/03 14:06:00",F_MAIN++APD_TL_L5,1,LOWERREG,0.03248589,0.00000000,1,0
D,FPP,CONSTRAINT_FREQ_MEASURE,1,"2025/05/03 14:10:00","2025/05/03 14:06:00",F_T+LREG_0050,1,LOWERREG,0.02125902,0.00000000,1,0
D,FPP,CONSTRAINT_FREQ_MEASURE,1,"2025/05/03 14:10:00","2025/05/03 14:06:00",F_T+RREG_0050,1,RAISEREG,0.02125902,0.00000000,1,0
D,FPP,CONSTRAINT_FREQ_MEASURE,1,"2025/05/03 14:10:00","2025/05/03 14:06:00",F_TASCAP_RREG_0220,1,RAISEREG,0.03248589,0.00000000,1,0
D,FPP,CONSTRAINT_FREQ_MEASURE,1,"2025/05/03 14:10:00","2025/05/03 14:06:04",F_MAIN++APD_TL_L5,1,LOWERREG,0.03158721,0.00000000,1,0
D,FPP,CONSTRAINT_FREQ_MEASURE,1,"2025/05/03 14:10:00","2025/05/03 14:06:04",F_T+LREG_0050,1,LOWERREG,0.02142368,0.00000000,1,0
D,FPP,CONSTRAINT_FREQ_MEASURE,1,"2025/05/03 14:10:00","2025/05/03 14:06:04",F_T+RREG_0050,1,RAISEREG,0.02142368,0.00000000,1,0
D,FPP,CONSTRAINT_FREQ_MEASURE,1,"2025/05/03 14:10:00","2025/05/03 14:06:04",F_TASCAP_RREG_0220,1,RAISEREG,0.03158721,0.00000000,1,0
D,FPP,CONSTRAINT_FREQ_MEASURE,1,"2025/05/03 14:10:00","2025/05/03 14:06:08",F_MAIN++APD_TL_L5,1,LOWERREG,0.02976144,0.00000000,1,0
D,FPP,CONSTRAINT_FREQ_MEASURE,1,"2025/05/03 14:10:00","2025/05/03 14:06:08",F_T+LREG_0050,1,LOWERREG,0.01999620,0.00000000,1,0
D,FPP,CONSTRAINT_FREQ_MEASURE,1,"2025/05/03 14:10:00","2025/05/03 14:06:08",F_T+RREG_0050,1,RAISEREG,0.01999620,0.00000000,1,0
D,FPP,CONSTRAINT_FREQ_MEASURE,1,"2025/05/03 14:10:00","2025/05/03 14:06:08",F_TASCAP_RREG_0220,1,RAISEREG,0.02976144,0.00000000,1,0
D,FPP,CONSTRAINT_FREQ_MEASURE,1,"2025/05/03 14:10:00","2025/05/03 14:06:12",F_MAIN++APD_TL_L5,1,LOWERREG,0.02803163,0.00000000,1,0
D,FPP,CONSTRAINT_FREQ_MEASURE,1,"2025/05/03 14:10:00","2025/05/03 14:06:12",F_T+LREG_0050,1,LOWERREG,0.01444149,0.00000000,1,0
D,FPP,CONSTRAINT_FREQ_MEASURE,1,"2025/05/03 14:10:00","2025/05/03 14:06:12",F_T+RREG_0050,1,RAISEREG,0.01444149,0.00000000,1,0
D,FPP,CONSTRAINT_FREQ_MEASURE,1,"2025/05/03 14:10:00","2025/05/03 14:06:12",F_TASCAP_RREG_0220,1,RAISEREG,0.02803163,0.00000000,1,0
D,FPP,CONSTRAINT_FREQ_MEASURE,1,"2025/05/03 14:10:00","2025/05/03 14:06:16",F_MAIN++APD_TL_L5,1,LOWERREG,0.02632380,0.00000000,1,0
D,FPP,CONSTRAINT_FREQ_MEASURE,1,"2025/05/03 14:10:00","2025/05/03 14:06:16",F_T+LREG_0050,1,LOWERREG,0.01056560,0.00000000,1,0
D,FPP,CONSTRAINT_FREQ_MEASURE,1,"2025/05/03 14:10:00","2025/05/03 14:06:16",F_T+RREG_0050,1,RAISEREG,0.01056560,0.00000000,1,0
D,FPP,CONSTRAINT_FREQ_MEASURE,1,"2025/05/03 14:10:00","2025/05/03 14:06:16",F_TASCAP_RREG_0220,1,RAISEREG,0.02632380,0.00000000,1,0
D,FPP,CONSTRAINT_FREQ_MEASURE,1,"2025/05/03 14:10:00","2025/05/03 14:06:20",F_MAIN++APD_TL_L5,1,LOWERREG,0.02599038,0.00000000,1,0
D,FPP,CONSTRAINT_FREQ_MEASURE,1,"2025/05/03 14:10:00","2025/05/03 14:06:20",F_T+LREG_0050,1,LOWERREG,0.01110658,0.00000000,1,0
D,FPP,CONSTRAINT_FREQ_MEASURE,1,"2025/05/03 14:10:00","2025/05/03 14:06:20",F_T+RREG_0050,1,RAISEREG,0.01110658,0.00000000,1,0
D,FPP,CONSTRAINT_FREQ_MEASURE,1,"2025/05/03 14:10:00","2025/05/03 14:06:20",F_TASCAP_RREG_0220,1,RAISEREG,0.02599038,0.00000000,1,0
D,FPP,CONSTRAINT_FREQ_MEASURE,1,"2025/05/03 14:10:00","2025/05/03 14:06:24",F_MAIN++APD_TL_L5,1,LOWERREG,0.02587473,0.00000000,1,0
D,FPP,CONSTRAINT_FREQ_MEASURE,1,"2025/05/03 14:10:00","2025/05/03 14:06:24",F_T+LREG_0050,1,LOWERREG,0.00886067,0.00000000,1,0
D,FPP,CONSTRAINT_FREQ_MEASURE,1,"2025/05/03 14:10:00","2025/05/03 14:06:24",F_T+RREG_0050,1,RAISEREG,0.00886067,0.00000000,1,0
D,FPP,CONSTRAINT_FREQ_MEASURE,1,"2025/05/03 14:10:00","2025/05/03 14:06:24",F_TASCAP_RREG_0220,1,RAISEREG,0.02587473,0.00000000,1,0
D,FPP,CONSTRAINT_FREQ_MEASURE,1,"2025/05/03 14:10:00","2025/05/03 14:06:28",F_MAIN++APD_TL_L5,1,LOWERREG,0.02482355,0.00000000,1,0
D,FPP,CONSTRAINT_FREQ_MEASURE,1,"2025/05/03 14:10:00","2025/05/03 14:06:28",F_T+LREG_0050,1,LOWERREG,0.00844719,0.00000000,1,0
D,FPP,CONSTRAINT_FREQ_MEASURE,1,"2025/05/03 14:10:00","2025/05/03 14:06:28",F_T+RREG_0050,1,RAISEREG,0.00844719,0.00000000,1,0
D,FPP,CONSTRAINT_FREQ_MEASURE,1,"2025/05/03 14:10:00","2025/05/03 14:06:28",F_TASCAP_RREG_0220,1,RAISEREG,0.02482355,0.00000000,1,0
D,FPP,CONSTRAINT_FREQ_MEASURE,1,"2025/05/03 14:10:00","2025/05/03 14:06:32",F_MAIN++APD_TL_L5,1,LOWERREG,0.02483863,0.00000000,1,0
D,FPP,CONSTRAINT_FREQ_MEASURE,1,"2025/05/03 14:10:00","2025/05/03 14:06:32",F_T+LREG_0050,1,LOWERREG,0.00812559,0.00000000,1,0
D,FPP,CONSTRAINT_FREQ_MEASURE,1,"2025/05/03 14:10:00","2025/05/03 14:06:32",F_T+RREG_0050,1,RAISEREG,0.00812559,0.00000000,1,0
D,FPP,CONSTRAINT_FREQ_MEASURE,1,"2025/05/03 14:10:00","2025/05/03 14:06:32",F_TASCAP_RREG_0220,1,RAISEREG,0.02483863,0.00000000,1,0
D,FPP,CONSTRAINT_FREQ_MEASURE,1,"2025/05/03 14:10:00","2025/05/03 14:06:36",F_MAIN++APD_TL_L5,1,LOWERREG,0.02412369,0.00000000,1,0
D,FPP,CONSTRAINT_FREQ_MEASURE,1,"2025/05/03 14:10:00","2025/05/03 14:06:36",F_T+LREG_0050,1,LOWERREG,0.00987546,0.00000000,1,0
D,FPP,CONSTRAINT_FREQ_MEASURE,1,"2025/05/03 14:10:00","2025/05/03 14:06:36",F_T+RREG_0050,1,RAISEREG,0.00987546,0.00000000,1,0
D,FPP,CONSTRAINT_FREQ_MEASURE,1,"2025/05/03 14:10:00","2025/05/03 14:06:36",F_TASCAP_RREG_0220,1,RAISEREG,0.02412369,0.00000000,1,0
D,FPP,CONSTRAINT_FREQ_MEASURE,1,"2025/05/03 14:10:00","2025/05/03 14:06:40",F_MAIN++APD_TL_L5,1,LOWERREG,0.02081715,0.00000000,1,0
D,FPP,CONSTRAINT_FREQ_MEASURE,1,"2025/05/03 14:10:00","2025/05/03 14:06:40",F_T+LREG_0050,1,LOWERREG,0.00723647,0.00000000,1,0
D,FPP,CONSTRAINT_FREQ_MEASURE,1,"2025/05/03 14:10:00","2025/05/03 14:06:40",F_T+RREG_0050,1,RAISEREG,0.00723647,0.00000000,1,0
D,FPP,CONSTRAINT_FREQ_MEASURE,1,"2025/05/03 14:10:00","2025/05/03 14:06:40",F_TASCAP_RREG_0220,1,RAISEREG,0.02081715,0.00000000,1,0
D,FPP,CONSTRAINT_FREQ_MEASURE,1,"2025/05/03 14:10:00","2025/05/03 14:06:44",F_MAIN++APD_TL_L5,1,LOWERREG,0.01463529,0.00000000,1,0
D,FPP,CONSTRAINT_FREQ_MEASURE,1,"2025/05/03 14:10:00","2025/05/03 14:06:44",F_T+LREG_0050,1,LOWERREG,0.00473948,0.00000000,1,0
D,FPP,CONSTRAINT_FREQ_MEASURE,1,"2025/05/03 14:10:00","2025/05/03 14:06:44",F_T+RREG_0050,1,RAISEREG,0.00473948,0.00000000,1,0
D,FPP,CONSTRAINT_FREQ_MEASURE,1,"2025/05/03 14:10:00","2025/05/03 14:06:44",F_TASCAP_RREG_0220,1,RAISEREG,0.01463529,0.00000000,1,0
D,FPP,CONSTRAINT_FREQ_MEASURE,1,"2025/05/03 14:10:00","2025/05/03 14:06:48",F_MAIN++APD_TL_L5,1,LOWERREG,0.00772192,0.00000000,1,0
D,FPP,CONSTRAINT_FREQ_MEASURE,1,"2025/05/03 14:10:00","2025/05/03 14:06:48",F_T+LREG_0050,1,LOWERREG,0.00213071,0.00000000,1,0
D,FPP,CONSTRAINT_FREQ_MEASURE,1,"2025/05/03 14:10:00","2025/05/03 14:06:48",F_T+RREG_0050,1,RAISEREG,0.00213071,0.00000000,1,0
D,FPP,CONSTRAINT_FREQ_MEASURE,1,"2025/05/03 14:10:00","2025/05/03 14:06:48",F_TASCAP_RREG_0220,1,RAISEREG,0.00772192,0.00000000,1,0
D,FPP,CONSTRAINT_FREQ_MEASURE,1,"2025/05/03 14:10:00","2025/05/03 14:06:52",F_MAIN++APD_TL_L5,1,LOWERREG,0.00167919,0.00000000,1,0
D,FPP,CONSTRAINT_FREQ_MEASURE,1,"2025/05/03 14:10:00","2025/05/03 14:06:52",F_T+LREG_0050,1,LOWERREG,0.00276833,0.00000000,1,0
D,FPP,CONSTRAINT_FREQ_MEASURE,1,"2025/05/03 14:10:00","2025/05/03 14:06:52",F_T+RREG_0050,1,RAISEREG,0.00276833,0.00000000,1,0
D,FPP,CONSTRAINT_FREQ_MEASURE,1,"2025/05/03 14:10:00","2025/05/03 14:06:52",F_TASCAP_RREG_0220,1,RAISEREG,0.00167919,0.00000000,1,0
D,FPP,CONSTRAINT_FREQ_MEASURE,1,"2025/05/03 14:10:00","2025/05/03 14:06:56",F_MAIN++APD_TL_L5,1,LOWERREG,0.00000000,-0.00288838,1,0
D,FPP,CONSTRAINT_FREQ_MEASURE,1,"2025/05/03 14:10:00","2025/05/03 14:06:56",F_T+LREG_0050,1,LOWERREG,0.00000000,-0.00229130,1,0
D,FPP,CONSTRAINT_FREQ_MEASURE,1,"2025/05/03 14:10:00","2025/05/03 14:06:56",F_T+RREG_0050,1,RAISEREG,0.00000000,-0.00229130,1,0
D,FPP,CONSTRAINT_FREQ_MEASURE,1,"2025/05/03 14:10:00","2025/05/03 14:06:56",F_TASCAP_RREG_0220,1,RAISEREG,0.00000000,-0.00288838,1,0
D,FPP,CONSTRAINT_FREQ_MEASURE,1,"2025/05/03 14:10:00","2025/05/03 14:07:00",F_MAIN++APD_TL_L5,1,LOWERREG,0.00000000,-0.00556408,1,0
D,FPP,CONSTRAINT_FREQ_MEASURE,1,"2025/05/03 14:10:00","2025/05/03 14:07:00",F_T+LREG_0050,1,LOWERREG,0.00000000,-0.01200434,1,0
D,FPP,CONSTRAINT_FREQ_MEASURE,1,"2025/05/03 14:10:00","2025/05/03 14:07:00",F_T+RREG_0050,1,RAISEREG,0.00000000,-0.01200434,1,0
D,FPP,CONSTRAINT_FREQ_MEASURE,1,"2025/05/03 14:10:00","2025/05/03 14:07:00",F_TASCAP_RREG_0220,1,RAISEREG,0.00000000,-0.00556408,1,0
D,FPP,CONSTRAINT_FREQ_MEASURE,1,"2025/05/03 14:10:00","2025/05/03 14:07:04",F_MAIN++APD_TL_L5,1,LOWERREG,0.00000000,-0.00656608,1,0
D,FPP,CONSTRAINT_FREQ_MEASURE,1,"2025/05/03 14:10:00","2025/05/03 14:07:04",F_T+LREG_0050,1,LOWERREG,0.00000000,-0.01711449,1,0
D,FPP,CONSTRAINT_FREQ_MEASURE,1,"2025/05/03 14:10:00","2025/05/03 14:07:04",F_T+RREG_0050,1,RAISEREG,0.00000000,-0.01711449,1,0
D,FPP,CONSTRAINT_FREQ_MEASURE,1,"2025/05/03 14:10:00","2025/05/03 14:07:04",F_TASCAP_RREG_0220,1,RAISEREG,0.00000000,-0.00656608,1,0
D,FPP,CONSTRAINT_FREQ_MEASURE,1,"2025/05/03 14:10:00","2025/05/03 14:07:08",F_MAIN++APD_TL_L5,1,LOWERREG,0.00000000,-0.00571054,1,0
D,FPP,CONSTRAINT_FREQ_MEASURE,1,"2025/05/03 14:10:00","2025/05/03 14:07:08",F_T+LREG_0050,1,LOWERREG,0.00000000,-0.01908905,1,0
D,FPP,CONSTRAINT_FREQ_MEASURE,1,"2025/05/03 14:10:00","2025/05/03 14:07:08",F_T+RREG_0050,1,RAISEREG,0.00000000,-0.01908905,1,0
D,FPP,CONSTRAINT_FREQ_MEASURE,1,"2025/05/03 14:10:00","2025/05/03 14:07:08",F_TASCAP_RREG_0220,1,RAISEREG,0.00000000,-0.00571054,1,0
D,FPP,CONSTRAINT_FREQ_MEASURE,1,"2025/05/03 14:10:00","2025/05/03 14:07:12",F_MAIN++APD_TL_L5,1,LOWERREG,0.00000000,-0.00674716,1,0
D,FPP,CONSTRAINT_FREQ_MEASURE,1,"2025/05/03 14:10:00","2025/05/03 14:07:12",F_T+LREG_0050,1,LOWERREG,0.00000000,-0.01862482,1,0
D,FPP,CONSTRAINT_FREQ_MEASURE,1,"2025/05/03 14:10:00","2025/05/03 14:07:12",F_T+RREG_0050,1,RAISEREG,0.00000000,-0.01862482,1,0
D,FPP,CONSTRAINT_FREQ_MEASURE,1,"2025/05/03 14:10:00","2025/05/03 14:07:12",F_TASCAP_RREG_0220,1,RAISEREG,0.00000000,-0.00674716,1,0
D,FPP,CONSTRAINT_FREQ_MEASURE,1,"2025/05/03 14:10:00","2025/05/03 14:07:16",F_MAIN++APD_TL_L5,1,LOWERREG,0.00000000,-0.00776474,1,0
D,FPP,CONSTRAINT_FREQ_MEASURE,1,"2025/05/03 14:10:00","2025/05/03 14:07:16",F_T+LREG_0050,1,LOWERREG,0.00000000,-0.01426375,1,0
D,FPP,CONSTRAINT_FREQ_MEASURE,1,"2025/05/03 14:10:00","2025/05/03 14:07:16",F_T+RREG_0050,1,RAISEREG,0.00000000,-0.01426375,1,0
D,FPP,CONSTRAINT_FREQ_MEASURE,1,"2025/05/03 14:10:00","2025/05/03 14:07:16",F_TASCAP_RREG_0220,1,RAISEREG,0.00000000,-0.00776474,1,0
D,FPP,CONSTRAINT_FREQ_MEASURE,1,"2025/05/03 14:10:00","2025/05/03 14:07:20",F_MAIN++APD_TL_L5,1,LOWERREG,0.00000000,-0.00726625,1,0
D,FPP,CONSTRAINT_FREQ_MEASURE,1,"2025/05/03 14:10:00","2025/05/03 14:07:20",F_T+LREG_0050,1,LOWERREG,0.00000000,-0.01242736,1,0
D,FPP,CONSTRAINT_FREQ_MEASURE,1,"2025/05/03 14:10:00","2025/05/03 14:07:20",F_T+RREG_0050,1,RAISEREG,0.00000000,-0.01242736,1,0
D,FPP,CONSTRAINT_FREQ_MEASURE,1,"2025/05/03 14:10:00","2025/05/03 14:07:20",F_TASCAP_RREG_0220,1,RAISEREG,0.00000000,-0.00726625,1,0
D,FPP,CONSTRAINT_FREQ_MEASURE,1,"2025/05/03 14:10:00","2025/05/03 14:07:24",F_MAIN++APD_TL_L5,1,LOWERREG,0.00000000,-0.00695471,1,0
D,FPP,CONSTRAINT_FREQ_MEASURE,1,"2025/05/03 14:10:00","2025/05/03 14:07:24",F_T+LREG_0050,1,LOWERREG,0.00000000,-0.00744350,1,0
D,FPP,CONSTRAINT_FREQ_MEASURE,1,"2025/05/03 14:10:00","2025/05/03 14:07:24",F_T+RREG_0050,1,RAISEREG,0.00000000,-0.00744350,1,0
D,FPP,CONSTRAINT_FREQ_MEASURE,1,"2025/05/03 14:10:00","2025/05/03 14:07:24",F_TASCAP_RREG_0220,1,RAISEREG,0.00000000,-0.00695471,1,0
D,FPP,CONSTRAINT_FREQ_MEASURE,1,"2025/05/03 14:10:00","2025/05/03 14:07:28",F_MAIN++APD_TL_L5,1,LOWERREG,0.00000000,-0.00629339,1,0
D,FPP,CONSTRAINT_FREQ_MEASURE,1,"2025/05/03 14:10:00","2025/05/03 14:07:28",F_T+LREG_0050,1,LOWERREG,0.00000000,-0.00401161,1,0
D,FPP,CONSTRAINT_FREQ_MEASURE,1,"2025/05/03 14:10:00","2025/05/03 14:07:28",F_T+RREG_0050,1,RAISEREG,0.00000000,-0.00401161,1,0
D,FPP,CONSTRAINT_FREQ_MEASURE,1,"2025/05/03 14:10:00","2025/05/03 14:07:28",F_TASCAP_RREG_0220,1,RAISEREG,0.00000000,-0.00629339,1,0
D,FPP,CONSTRAINT_FREQ_MEASURE,1,"2025/05/03 14:10:00","2025/05/03 14:07:32",F_MAIN++APD_TL_L5,1,LOWERREG,0.00000000,-0.00274503,1,0
D,FPP,CONSTRAINT_FREQ_MEASURE,1,"2025/05/03 14:10:00","2025/05/03 14:07:32",F_T+LREG_0050,1,LOWERREG,0.00199097,0.00000000,1,0
D,FPP,CONSTRAINT_FREQ_MEASURE,1,"2025/05/03 14:10:00","2025/05/03 14:07:32",F_T+RREG_0050,1,RAISEREG,0.00199097,0.00000000,1,0
D,FPP,CONSTRAINT_FREQ_MEASURE,1,"2025/05/03 14:10:00","2025/05/03 14:07:32",F_TASCAP_RREG_0220,1,RAISEREG,0.00000000,-0.00274503,1,0
D,FPP,CONSTRAINT_FREQ_MEASURE,1,"2025/05/03 14:10:00","2025/05/03 14:07:36",F_MAIN++APD_TL_L5,1,LOWERREG,0.00000000,-0.00060557,1,0
D,FPP,CONSTRAINT_FREQ_MEASURE,1,"2025/05/03 14:10:00","2025/05/03 14:07:36",F_T+LREG_0050,1,LOWERREG,0.00465964,0.00000000,1,0
D,FPP,CONSTRAINT_FREQ_MEASURE,1,"2025/05/03 14:10:00","2025/05/03 14:07:36",F_T+RREG_0050,1,RAISEREG,0.00465964,0.00000000,1,0
D,FPP,CONSTRAINT_FREQ_MEASURE,1,"2025/05/03 14:10:00","2025/05/03 14:07:36",F_TASCAP_RREG_0220,1,RAISEREG,0.00000000,-0.00060557,1,0
D,FPP,CONSTRAINT_FREQ_MEASURE,1,"2025/05/03 14:10:00","2025/05/03 14:07:40",F_MAIN++APD_TL_L5,1,LOWERREG,0.00000000,-0.00166025,1,0
D,FPP,CONSTRAINT_FREQ_MEASURE,1,"2025/05/03 14:10:00","2025/05/03 14:07:40",F_T+LREG_0050,1,LOWERREG,0.01251305,0.00000000,1,0
D,FPP,CONSTRAINT_FREQ_MEASURE,1,"2025/05/03 14:10:00","2025/05/03 14:07:40",F_T+RREG_0050,1,RAISEREG,0.01251305,0.00000000,1,0
D,FPP,CONSTRAINT_FREQ_MEASURE,1,"2025/05/03 14:10:00","2025/05/03 14:07:40",F_TASCAP_RREG_0220,1,RAISEREG,0.00000000,-0.00166025,1,0
D,FPP,CONSTRAINT_FREQ_MEASURE,1,"2025/05/03 14:10:00","2025/05/03 14:07:44",F_MAIN++APD_TL_L5,1,LOWERREG,0.00000000,-0.00424255,1,0
D,FPP,CONSTRAINT_FREQ_MEASURE,1,"2025/05/03 14:10:00","2025/05/03 14:07:44",F_T+LREG_0050,1,LOWERREG,0.01684348,0.00000000,1,0
D,FPP,CONSTRAINT_FREQ_MEASURE,1,"2025/05/03 14:10:00","2025/05/03 14:07:44",F_T+RREG_0050,1,RAISEREG,0.01684348,0.00000000,1,0
D,FPP,CONSTRAINT_FREQ_MEASURE,1,"2025/05/03 14:10:00","2025/05/03 14:07:44",F_TASCAP_RREG_0220,1,RAISEREG,0.00000000,-0.00424255,1,0
D,FPP,CONSTRAINT_FREQ_MEASURE,1,"2025/05/03 14:10:00","2025/05/03 14:07:48",F_MAIN++APD_TL_L5,1,LOWERREG,0.00000000,-0.00604550,1,0
D,FPP,CONSTRAINT_FREQ_MEASURE,1,"2025/05/03 14:10:00","2025/05/03 14:07:48",F_T+LREG_0050,1,LOWERREG,0.00843382,0.00000000,1,0
D,FPP,CONSTRAINT_FREQ_MEASURE,1,"2025/05/03 14:10:00","2025/05/03 14:07:48",F_T+RREG_0050,1,RAISEREG,0.00843382,0.00000000,1,0
D,FPP,CONSTRAINT_FREQ_MEASURE,1,"2025/05/03 14:10:00","2025/05/03 14:07:48",F_TASCAP_RREG_0220,1,RAISEREG,0.00000000,-0.00604550,1,0
D,FPP,CONSTRAINT_FREQ_MEASURE,1,"2025/05/03 14:10:00","2025/05/03 14:07:52",F_MAIN++APD_TL_L5,1,LOWERREG,0.00000000,-0.00412551,1,0
D,FPP,CONSTRAINT_FREQ_MEASURE,1,"2025/05/03 14:10:00","2025/05/03 14:07:52",F_T+LREG_0050,1,LOWERREG,0.00000000,-0.00721814,1,0
D,FPP,CONSTRAINT_FREQ_MEASURE,1,"2025/05/03 14:10:00","2025/05/03 14:07:52",F_T+RREG_0050,1,RAISEREG,0.00000000,-0.00721814,1,0
D,FPP,CONSTRAINT_FREQ_MEASURE,1,"2025/05/03 14:10:00","2025/05/03 14:07:52",F_TASCAP_RREG_0220,1,RAISEREG,0.00000000,-0.00412551,1,0
D,FPP,CONSTRAINT_FREQ_MEASURE,1,"2025/05/03 14:10:00","2025/05/03 14:07:56",F_MAIN++APD_TL_L5,1,LOWERREG,0.00000000,-0.00072843,1,0
D,FPP,CONSTRAINT_FREQ_MEASURE,1,"2025/05/03 14:10:00","2025/05/03 14:07:56",F_T+LREG_0050,1,LOWERREG,0.00000000,-0.01094744,1,0
D,FPP,CONSTRAINT_FREQ_MEASURE,1,"2025/05/03 14:10:00","2025/05/03 14:07:56",F_T+RREG_0050,1,RAISEREG,0.00000000,-0.01094744,1,0
D,FPP,CONSTRAINT_FREQ_MEASURE,1,"2025/05/03 14:10:00","2025/05/03 14:07:56",F_TASCAP_RREG_0220,1,RAISEREG,0.00000000,-0.00072843,1,0
D,FPP,CONSTRAINT_FREQ_MEASURE,1,"2025/05/03 14:10:00","2025/05/03 14:08:00",F_MAIN++APD_TL_L5,1,LOWERREG,0.00514265,0.00000000,1,0
D,FPP,CONSTRAINT_FREQ_MEASURE,1,"2025/05/03 14:10:00","2025/05/03 14:08:00",F_T+LREG_0050,1,LOWERREG,0.00000000,-0.01051468,1,0
D,FPP,CONSTRAINT_FREQ_MEASURE,1,"2025/05/03 14:10:00","2025/05/03 14:08:00",F_T+RREG_0050,1,RAISEREG,0.00000000,-0.01051468,1,0
D,FPP,CONSTRAINT_FREQ_MEASURE,1,"2025/05/03 14:10:00","2025/05/03 14:08:00",F_TASCAP_RREG_0220,1,RAISEREG,0.00514265,0.00000000,1,0
D,FPP,CONSTRAINT_FREQ_MEASURE,1,"2025/05/03 14:10:00","2025/05/03 14:08:04",F_MAIN++APD_TL_L5,1,LOWERREG,0.00952792,0.00000000,1,0
D,FPP,CONSTRAINT_FREQ_MEASURE,1,"2025/05/03 14:10:00","2025/05/03 14:08:04",F_T+LREG_0050,1,LOWERREG,0.00000000,-0.00906697,1,0
D,FPP,CONSTRAINT_FREQ_MEASURE,1,"2025/05/03 14:10:00","2025/05/03 14:08:04",F_T+RREG_0050,1,RAISEREG,0.00000000,-0.00906697,1,0
D,FPP,CONSTRAINT_FREQ_MEASURE,1,"2025/05/03 14:10:00","2025/05/03 14:08:04",F_TASCAP_RREG_0220,1,RAISEREG,0.00952792,0.00000000,1,0
D,FPP,CONSTRAINT_FREQ_MEASURE,1,"2025/05/03 14:10:00","2025/05/03 14:08:08",F_MAIN++APD_TL_L5,1,LOWERREG,0.01328997,0.00000000,1,0
D,FPP,CONSTRAINT_FREQ_MEASURE,1,"2025/05/03 14:10:00","2025/05/03 14:08:08",F_T+LREG_0050,1,LOWERREG,0.00000000,-0.00749653,1,0
D,FPP,CONSTRAINT_FREQ_MEASURE,1,"2025/05/03 14:10:00","2025/05/03 14:08:08",F_T+RREG_0050,1,RAISEREG,0.00000000,-0.00749653,1,0
D,FPP,CONSTRAINT_FREQ_MEASURE,1,"2025/05/03 14:10:00","2025/05/03 14:08:08",F_TASCAP_RREG_0220,1,RAISEREG,0.01328997,0.00000000,1,0
D,FPP,CONSTRAINT_FREQ_MEASURE,1,"2025/05/03 14:10:00","2025/05/03 14:08:12",F_MAIN++APD_TL_L5,1,LOWERREG,0.01593309,0.00000000,1,0
D,FPP,CONSTRAINT_FREQ_MEASURE,1,"2025/05/03 14:10:00","2025/05/03 14:08:12",F_T+LREG_0050,1,LOWERREG,0.00000000,-0.00360841,1,0
D,FPP,CONSTRAINT_FREQ_MEASURE,1,"2025/05/03 14:10:00","2025/05/03 14:08:12",F_T+RREG_0050,1,RAISEREG,0.00000000,-0.00360841,1,0
D,FPP,CONSTRAINT_FREQ_MEASURE,1,"2025/05/03 14:10:00","2025/05/03 14:08:12",F_TASCAP_RREG_0220,1,RAISEREG,0.01593309,0.00000000,1,0
D,FPP,CONSTRAINT_FREQ_MEASURE,1,"2025/05/03 14:10:00","2025/05/03 14:08:16",F_MAIN++APD_TL_L5,1,LOWERREG,0.01843824,0.00000000,1,0
D,FPP,CONSTRAINT_FREQ_MEASURE,1,"2025/05/03 14:10:00","2025/05/03 14:08:16",F_T+LREG_0050,1,LOWERREG,0.00163790,0.00000000,1,0
D,FPP,CONSTRAINT_FREQ_MEASURE,1,"2025/05/03 14:10:00","2025/05/03 14:08:16",F_T+RREG_0050,1,RAISEREG,0.00163790,0.00000000,1,0
D,FPP,CONSTRAINT_FREQ_MEASURE,1,"2025/05/03 14:10:00","2025/05/03 14:08:16",F_TASCAP_RREG_0220,1,RAISEREG,0.01843824,0.00000000,1,0
D,FPP,CONSTRAINT_FREQ_MEASURE,1,"2025/05/03 14:10:00","2025/05/03 14:08:20",F_MAIN++APD_TL_L5,1,LOWERREG,0.02094283,0.00000000,1,0
D,FPP,CONSTRAINT_FREQ_MEASURE,1,"2025/05/03 14:10:00","2025/05/03 14:08:20",F_T+LREG_0050,1,LOWERREG,0.01060726,0.00000000,1,0
D,FPP,CONSTRAINT_FREQ_MEASURE,1,"2025/05/03 14:10:00","2025/05/03 14:08:20",F_T+RREG_0050,1,RAISEREG,0.01060726,0.00000000,1,0
D,FPP,CONSTRAINT_FREQ_MEASURE,1,"2025/05/03 14:10:00","2025/05/03 14:08:20",F_TASCAP_RREG_0220,1,RAISEREG,0.02094283,0.00000000,1,0
D,FPP,CONSTRAINT_FREQ_MEASURE,1,"2025/05/03 14:10:00","2025/05/03 14:08:24",F_MAIN++APD_TL_L5,1,LOWERREG,0.02334365,0.00000000,1,0
D,FPP,CONSTRAINT_FREQ_MEASURE,1,"2025/05/03 14:10:00","2025/05/03 14:08:24",F_T+LREG_0050,1,LOWERREG,0.02180565,0.00000000,1,0
D,FPP,CONSTRAINT_FREQ_MEASURE,1,"2025/05/03 14:10:00","2025/05/03 14:08:24",F_T+RREG_0050,1,RAISEREG,0.02180565,0.00000000,1,0
D,FPP,CONSTRAINT_FREQ_MEASURE,1,"2025/05/03 14:10:00","2025/05/03 14:08:24",F_TASCAP_RREG_0220,1,RAISEREG,0.02334365,0.00000000,1,0
D,FPP,CONSTRAINT_FREQ_MEASURE,1,"2025/05/03 14:10:00","2025/05/03 14:08:28",F_MAIN++APD_TL_L5,1,LOWERREG,0.02452119,0.00000000,1,0
D,FPP,CONSTRAINT_FREQ_MEASURE,1,"2025/05/03 14:10:00","2025/05/03 14:08:28",F_T+LREG_0050,1,LOWERREG,0.02940439,0.00000000,1,0
D,FPP,CONSTRAINT_FREQ_MEASURE,1,"2025/05/03 14:10:00","2025/05/03 14:08:28",F_T+RREG_0050,1,RAISEREG,0.02940439,0.00000000,1,0
D,FPP,CONSTRAINT_FREQ_MEASURE,1,"2025/05/03 14:10:00","2025/05/03 14:08:28",F_TASCAP_RREG_0220,1,RAISEREG,0.02452119,0.00000000,1,0
D,FPP,CONSTRAINT_FREQ_MEASURE,1,"2025/05/03 14:10:00","2025/05/03 14:08:32",F_MAIN++APD_TL_L5,1,LOWERREG,0.02613520,0.00000000,1,0
D,FPP,CONSTRAINT_FREQ_MEASURE,1,"2025/05/03 14:10:00","2025/05/03 14:08:32",F_T+LREG_0050,1,LOWERREG,0.02798119,0.00000000,1,0
D,FPP,CONSTRAINT_FREQ_MEASURE,1,"2025/05/03 14:10:00","2025/05/03 14:08:32",F_T+RREG_0050,1,RAISEREG,0.02798119,0.00000000,1,0
D,FPP,CONSTRAINT_FREQ_MEASURE,1,"2025/05/03 14:10:00","2025/05/03 14:08:32",F_TASCAP_RREG_0220,1,RAISEREG,0.02613520,0.00000000,1,0
D,FPP,CONSTRAINT_FREQ_MEASURE,1,"2025/05/03 14:10:00","2025/05/03 14:08:36",F_MAIN++APD_TL_L5,1,LOWERREG,0.02614848,0.00000000,1,0
D,FPP,CONSTRAINT_FREQ_MEASURE,1,"2025/05/03 14:10:00","2025/05/03 14:08:36",F_T+LREG_0050,1,LOWERREG,0.01865204,0.00000000,1,0
D,FPP,CONSTRAINT_FREQ_MEASURE,1,"2025/05/03 14:10:00","2025/05/03 14:08:36",F_T+RREG_0050,1,RAISEREG,0.01865204,0.00000000,1,0
D,FPP,CONSTRAINT_FREQ_MEASURE,1,"2025/05/03 14:10:00","2025/05/03 14:08:36",F_TASCAP_RREG_0220,1,RAISEREG,0.02614848,0.00000000,1,0
D,FPP,CONSTRAINT_FREQ_MEASURE,1,"2025/05/03 14:10:00","2025/05/03 14:08:40",F_MAIN++APD_TL_L5,1,LOWERREG,0.02743679,0.00000000,1,0
D,FPP,CONSTRAINT_FREQ_MEASURE,1,"2025/05/03 14:10:00","2025/05/03 14:08:40",F_T+LREG_0050,1,LOWERREG,0.00850714,0.00000000,1,0
D,FPP,CONSTRAINT_FREQ_MEASURE,1,"2025/05/03 14:10:00","2025/05/03 14:08:40",F_T+RREG_0050,1,RAISEREG,0.00850714,0.00000000,1,0
D,FPP,CONSTRAINT_FREQ_MEASURE,1,"2025/05/03 14:10:00","2025/05/03 14:08:40",F_TASCAP_RREG_0220,1,RAISEREG,0.02743679,0.00000000,1,0
D,FPP,CONSTRAINT_FREQ_MEASURE,1,"2025/05/03 14:10:00","2025/05/03 14:08:44",F_MAIN++APD_TL_L5,1,LOWERREG,0.02786472,0.00000000,1,0
D,FPP,CONSTRAINT_FREQ_MEASURE,1,"2025/05/03 14:10:00","2025/05/03 14:08:44",F_T+LREG_0050,1,LOWERREG,0.00306111,0.00000000,1,0
D,FPP,CONSTRAINT_FREQ_MEASURE,1,"2025/05/03 14:10:00","2025/05/03 14:08:44",F_T+RREG_0050,1,RAISEREG,0.00306111,0.00000000,1,0
D,FPP,CONSTRAINT_FREQ_MEASURE,1,"2025/05/03 14:10:00","2025/05/03 14:08:44",F_TASCAP_RREG_0220,1,RAISEREG,0.02786472,0.00000000,1,0
D,FPP,CONSTRAINT_FREQ_MEASURE,1,"2025/05/03 14:10:00","2025/05/03 14:08:48",F_MAIN++APD_TL_L5,1,LOWERREG,0.02715804,0.00000000,1,0
D,FPP,CONSTRAINT_FREQ_MEASURE,1,"2025/05/03 14:10:00","2025/05/03 14:08:48",F_T+LREG_0050,1,LOWERREG,0.00260309,0.00000000,1,0
D,FPP,CONSTRAINT_FREQ_MEASURE,1,"2025/05/03 14:10:00","2025/05/03 14:08:48",F_T+RREG_0050,1,RAISEREG,0.00260309,0.00000000,1,0
D,FPP,CONSTRAINT_FREQ_MEASURE,1,"2025/05/03 14:10:00","2025/05/03 14:08:48",F_TASCAP_RREG_0220,1,RAISEREG,0.02715804,0.00000000,1,0
D,FPP,CONSTRAINT_FREQ_MEASURE,1,"2025/05/03 14:10:00","2025/05/03 14:08:52",F_MAIN++APD_TL_L5,1,LOWERREG,0.02664945,0.00000000,1,0
D,FPP,CONSTRAINT_FREQ_MEASURE,1,"2025/05/03 14:10:00","2025/05/03 14:08:52",F_T+LREG_0050,1,LOWERREG,0.00269129,0.00000000,1,0
D,FPP,CONSTRAINT_FREQ_MEASURE,1,"2025/05/03 14:10:00","2025/05/03 14:08:52",F_T+RREG_0050,1,RAISEREG,0.00269129,0.00000000,1,0
D,FPP,CONSTRAINT_FREQ_MEASURE,1,"2025/05/03 14:10:00","2025/05/03 14:08:52",F_TASCAP_RREG_0220,1,RAISEREG,0.02664945,0.00000000,1,0
D,FPP,CONSTRAINT_FREQ_MEASURE,1,"2025/05/03 14:10:00","2025/05/03 14:08:56",F_MAIN++APD_TL_L5,1,LOWERREG,0.02652797,0.00000000,1,0
D,FPP,CONSTRAINT_FREQ_MEASURE,1,"2025/05/03 14:10:00","2025/05/03 14:08:56",F_T+LREG_0050,1,LOWERREG,0.00142656,0.00000000,1,0
D,FPP,CONSTRAINT_FREQ_MEASURE,1,"2025/05/03 14:10:00","2025/05/03 14:08:56",F_T+RREG_0050,1,RAISEREG,0.00142656,0.00000000,1,0
D,FPP,CONSTRAINT_FREQ_MEASURE,1,"2025/05/03 14:10:00","2025/05/03 14:08:56",F_TASCAP_RREG_0220,1,RAISEREG,0.02652797,0.00000000,1,0
D,FPP,CONSTRAINT_FREQ_MEASURE,1,"2025/05/03 14:10:00","2025/05/03 14:09:00",F_MAIN++APD_TL_L5,1,LOWERREG,0.02561442,0.00000000,1,0
D,FPP,CONSTRAINT_FREQ_MEASURE,1,"2025/05/03 14:10:00","2025/05/03 14:09:00",F_T+LREG_0050,1,LOWERREG,0.00399844,0.00000000,1,0
D,FPP,CONSTRAINT_FREQ_MEASURE,1,"2025/05/03 14:10:00","2025/05/03 14:09:00",F_T+RREG_0050,1,RAISEREG,0.00399844,0.00000000,1,0
D,FPP,CONSTRAINT_FREQ_MEASURE,1,"2025/05/03 14:10:00","2025/05/03 14:09:00",F_TASCAP_RREG_0220,1,RAISEREG,0.02561442,0.00000000,1,0
D,FPP,CONSTRAINT_FREQ_MEASURE,1,"2025/05/03 14:10:00","2025/05/03 14:09:04",F_MAIN++APD_TL_L5,1,LOWERREG,0.02556568,0.00000000,1,0
D,FPP,CONSTRAINT_FREQ_MEASURE,1,"2025/05/03 14:10:00","2025/05/03 14:09:04",F_T+LREG_0050,1,LOWERREG,0.01066545,0.00000000,1,0
D,FPP,CONSTRAINT_FREQ_MEASURE,1,"2025/05/03 14:10:00","2025/05/03 14:09:04",F_T+RREG_0050,1,RAISEREG,0.01066545,0.00000000,1,0
D,FPP,CONSTRAINT_FREQ_MEASURE,1,"2025/05/03 14:10:00","2025/05/03 14:09:04",F_TASCAP_RREG_0220,1,RAISEREG,0.02556568,0.00000000,1,0
D,FPP,CONSTRAINT_FREQ_MEASURE,1,"2025/05/03 14:10:00","2025/05/03 14:09:08",F_MAIN++APD_TL_L5,1,LOWERREG,0.02593758,0.00000000,1,0
D,FPP,CONSTRAINT_FREQ_MEASURE,1,"2025/05/03 14:10:00","2025/05/03 14:09:08",F_T+LREG_0050,1,LOWERREG,0.02562868,0.00000000,1,0
D,FPP,CONSTRAINT_FREQ_MEASURE,1,"2025/05/03 14:10:00","2025/05/03 14:09:08",F_T+RREG_0050,1,RAISEREG,0.02562868,0.00000000,1,0
D,FPP,CONSTRAINT_FREQ_MEASURE,1,"2025/05/03 14:10:00","2025/05/03 14:09:08",F_TASCAP_RREG_0220,1,RAISEREG,0.02593758,0.00000000,1,0
D,FPP,CONSTRAINT_FREQ_MEASURE,1,"2025/05/03 14:10:00","2025/05/03 14:09:12",F_MAIN++APD_TL_L5,1,LOWERREG,0.02741249,0.00000000,1,0
D,FPP,CONSTRAINT_FREQ_MEASURE,1,"2025/05/03 14:10:00","2025/05/03 14:09:12",F_T+LREG_0050,1,LOWERREG,0.03393342,0.00000000,1,0
D,FPP,CONSTRAINT_FREQ_MEASURE,1,"2025/05/03 14:10:00","2025/05/03 14:09:12",F_T+RREG_0050,1,RAISEREG,0.03393342,0.00000000,1,0
D,FPP,CONSTRAINT_FREQ_MEASURE,1,"2025/05/03 14:10:00","2025/05/03 14:09:12",F_TASCAP_RREG_0220,1,RAISEREG,0.02741249,0.00000000,1,0
D,FPP,CONSTRAINT_FREQ_MEASURE,1,"2025/05/03 14:10:00","2025/05/03 14:09:16",F_MAIN++APD_TL_L5,1,LOWERREG,0.02873357,0.00000000,1,0
D,FPP,CONSTRAINT_FREQ_MEASURE,1,"2025/05/03 14:10:00","2025/05/03 14:09:16",F_T+LREG_0050,1,LOWERREG,0.03394822,0.00000000,1,0
D,FPP,CONSTRAINT_FREQ_MEASURE,1,"2025/05/03 14:10:00","2025/05/03 14:09:16",F_T+RREG_0050,1,RAISEREG,0.03394822,0.00000000,1,0
D,FPP,CONSTRAINT_FREQ_MEASURE,1,"2025/05/03 14:10:00","2025/05/03 14:09:16",F_TASCAP_RREG_0220,1,RAISEREG,0.02873357,0.00000000,1,0
D,FPP,CONSTRAINT_FREQ_MEASURE,1,"2025/05/03 14:10:00","2025/05/03 14:09:20",F_MAIN++APD_TL_L5,1,LOWERREG,0.02974636,0.00000000,1,0
D,FPP,CONSTRAINT_FREQ_MEASURE,1,"2025/05/03 14:10:00","2025/05/03 14:09:20",F_T+LREG_0050,1,LOWERREG,0.02907084,0.00000000,1,0
D,FPP,CONSTRAINT_FREQ_MEASURE,1,"2025/05/03 14:10:00","2025/05/03 14:09:20",F_T+RREG_0050,1,RAISEREG,0.02907084,0.00000000,1,0
D,FPP,CONSTRAINT_FREQ_MEASURE,1,"2025/05/03 14:10:00","2025/05/03 14:09:20",F_TASCAP_RREG_0220,1,RAISEREG,0.02974636,0.00000000,1,0
D,FPP,CONSTRAINT_FREQ_MEASURE,1,"2025/05/03 14:10:00","2025/05/03 14:09:24",F_MAIN++APD_TL_L5,1,LOWERREG,0.03102421,0.00000000,1,0
D,FPP,CONSTRAINT_FREQ_MEASURE,1,"2025/05/03 14:10:00","2025/05/03 14:09:24",F_T+LREG_0050,1,LOWERREG,0.02172176,0.00000000,1,0
D,FPP,CONSTRAINT_FREQ_MEASURE,1,"2025/05/03 14:10:00","2025/05/03 14:09:24",F_T+RREG_0050,1,RAISEREG,0.02172176,0.00000000,1,0
D,FPP,CONSTRAINT_FREQ_MEASURE,1,"2025/05/03 14:10:00","2025/05/03 14:09:24",F_TASCAP_RREG_0220,1,RAISEREG,0.03102421,0.00000000,1,0
D,FPP,CONSTRAINT_FREQ_MEASURE,1,"2025/05/03 14:10:00","2025/05/03 14:09:28",F_MAIN++APD_TL_L5,1,LOWERREG,0.02982578,0.00000000,1,0
D,FPP,CONSTRAINT_FREQ_MEASURE,1,"2025/05/03 14:10:00","2025/05/03 14:09:28",F_T+LREG_0050,1,LOWERREG,0.01933915,0.00000000,1,0
D,FPP,CONSTRAINT_FREQ_MEASURE,1,"2025/05/03 14:10:00","2025/05/03 14:09:28",F_T+RREG_0050,1,RAISEREG,0.01933915,0.00000000,1,0
D,FPP,CONSTRAINT_FREQ_MEASURE,1,"2025/05/03 14:10:00","2025/05/03 14:09:28",F_TASCAP_RREG_0220,1,RAISEREG,0.02982578,0.00000000,1,0
D,FPP,CONSTRAINT_FREQ_MEASURE,1,"2025/05/03 14:10:00","2025/05/03 14:09:32",F_MAIN++APD_TL_L5,1,LOWERREG,0.02972590,0.00000000,1,0
D,FPP,CONSTRAINT_FREQ_MEASURE,1,"2025/05/03 14:10:00","2025/05/03 14:09:32",F_T+LREG_0050,1,LOWERREG,0.01993045,0.00000000,1,0
D,FPP,CONSTRAINT_FREQ_MEASURE,1,"2025/05/03 14:10:00","2025/05/03 14:09:32",F_T+RREG_0050,1,RAISEREG,0.01993045,0.00000000,1,0
D,FPP,CONSTRAINT_FREQ_MEASURE,1,"2025/05/03 14:10:00","2025/05/03 14:09:32",F_TASCAP_RREG_0220,1,RAISEREG,0.02972590,0.00000000,1,0
D,FPP,CONSTRAINT_FREQ_MEASURE,1,"2025/05/03 14:10:00","2025/05/03 14:09:36",F_MAIN++APD_TL_L5,1,LOWERREG,0.02858791,0.00000000,1,0
D,FPP,CONSTRAINT_FREQ_MEASURE,1,"2025/05/03 14:10:00","2025/05/03 14:09:36",F_T+LREG_0050,1,LOWERREG,0.01550146,0.00000000,1,0
D,FPP,CONSTRAINT_FREQ_MEASURE,1,"2025/05/03 14:10:00","2025/05/03 14:09:36",F_T+RREG_0050,1,RAISEREG,0.01550146,0.00000000,1,0
D,FPP,CONSTRAINT_FREQ_MEASURE,1,"2025/05/03 14:10:00","2025/05/03 14:09:36",F_TASCAP_RREG_0220,1,RAISEREG,0.02858791,0.00000000,1,0
D,FPP,CONSTRAINT_FREQ_MEASURE,1,"2025/05/03 14:10:00","2025/05/03 14:09:40",F_MAIN++APD_TL_L5,1,LOWERREG,0.02717652,0.00000000,1,0
D,FPP,CONSTRAINT_FREQ_MEASURE,1,"2025/05/03 14:10:00","2025/05/03 14:09:40",F_T+LREG_0050,1,LOWERREG,0.01316780,0.00000000,1,0
D,FPP,CONSTRAINT_FREQ_MEASURE,1,"2025/05/03 14:10:00","2025/05/03 14:09:40",F_T+RREG_0050,1,RAISEREG,0.01316780,0.00000000,1,0
D,FPP,CONSTRAINT_FREQ_MEASURE,1,"2025/05/03 14:10:00","2025/05/03 14:09:40",F_TASCAP_RREG_0220,1,RAISEREG,0.02717652,0.00000000,1,0
D,FPP,CONSTRAINT_FREQ_MEASURE,1,"2025/05/03 14:10:00","2025/05/03 14:09:44",F_MAIN++APD_TL_L5,1,LOWERREG,0.02560302,0.00000000,1,0
D,FPP,CONSTRAINT_FREQ_MEASURE,1,"2025/05/03 14:10:00","2025/05/03 14:09:44",F_T+LREG_0050,1,LOWERREG,0.01179718,0.00000000,1,0
D,FPP,CONSTRAINT_FREQ_MEASURE,1,"2025/05/03 14:10:00","2025/05/03 14:09:44",F_T+RREG_0050,1,RAISEREG,0.01179718,0.00000000,1,0
D,FPP,CONSTRAINT_FREQ_MEASURE,1,"2025/05/03 14:10:00","2025/05/03 14:09:44",F_TASCAP_RREG_0220,1,RAISEREG,0.02560302,0.00000000,1,0
D,FPP,CONSTRAINT_FREQ_MEASURE,1,"2025/05/03 14:10:00","2025/05/03 14:09:48",F_MAIN++APD_TL_L5,1,LOWERREG,0.02424257,0.00000000,1,0
D,FPP,CONSTRAINT_FREQ_MEASURE,1,"2025/05/03 14:10:00","2025/05/03 14:09:48",F_T+LREG_0050,1,LOWERREG,0.01584225,0.00000000,1,0
D,FPP,CONSTRAINT_FREQ_MEASURE,1,"2025/05/03 14:10:00","2025/05/03 14:09:48",F_T+RREG_0050,1,RAISEREG,0.01584225,0.00000000,1,0
D,FPP,CONSTRAINT_FREQ_MEASURE,1,"2025/05/03 14:10:00","2025/05/03 14:09:48",F_TASCAP_RREG_0220,1,RAISEREG,0.02424257,0.00000000,1,0
D,FPP,CONSTRAINT_FREQ_MEASURE,1,"2025/05/03 14:10:00","2025/05/03 14:09:52",F_MAIN++APD_TL_L5,1,LOWERREG,0.02318102,0.00000000,1,0
D,FPP,CONSTRAINT_FREQ_MEASURE,1,"2025/05/03 14:10:00","2025/05/03 14:09:52",F_T+LREG_0050,1,LOWERREG,0.02076619,0.00000000,1,0
D,FPP,CONSTRAINT_FREQ_MEASURE,1,"2025/05/03 14:10:00","2025/05/03 14:09:52",F_T+RREG_0050,1,RAISEREG,0.02076619,0.00000000,1,0
D,FPP,CONSTRAINT_FREQ_MEASURE,1,"2025/05/03 14:10:00","2025/05/03 14:09:52",F_TASCAP_RREG_0220,1,RAISEREG,0.02318102,0.00000000,1,0
D,FPP,CONSTRAINT_FREQ_MEASURE,1,"2025/05/03 14:10:00","2025/05/03 14:09:56",F_MAIN++APD_TL_L5,1,LOWERREG,0.02337773,0.00000000,1,0
D,FPP,CONSTRAINT_FREQ_MEASURE,1,"2025/05/03 14:10:00","2025/05/03 14:09:56",F_T+LREG_0050,1,LOWERREG,0.02281815,0.00000000,1,0
D,FPP,CONSTRAINT_FREQ_MEASURE,1,"2025/05/03 14:10:00","2025/05/03 14:09:56",F_T+RREG_0050,1,RAISEREG,0.02281815,0.00000000,1,0
D,FPP,CONSTRAINT_FREQ_MEASURE,1,"2025/05/03 14:10:00","2025/05/03 14:09:56",F_TASCAP_RREG_0220,1,RAISEREG,0.02337773,0.00000000,1,0
D,FPP,CONSTRAINT_FREQ_MEASURE,1,"2025/05/03 14:10:00","2025/05/03 14:10:00",F_MAIN++APD_TL_L5,1,LOWERREG,0.02301891,0.00000000,1,0
D,FPP,CONSTRAINT_FREQ_MEASURE,1,"2025/05/03 14:10:00","2025/05/03 14:10:00",F_T+LREG_0050,1,LOWERREG,0.02485856,0.00000000,1,0
D,FPP,CONSTRAINT_FREQ_MEASURE,1,"2025/05/03 14:10:00","2025/05/03 14:10:00",F_T+RREG_0050,1,RAISEREG,0.02485856,0.00000000,1,0
D,FPP,CONSTRAINT_FREQ_MEASURE,1,"2025/05/03 14:10:00","2025/05/03 14:10:00",F_TASCAP_RREG_0220,1,RAISEREG,0.02301891,0.00000000,1,0
I,FPP,FPP_RCR,1,INTERVAL_DATETIME,CONSTRAINTID,VERSIONNO,BIDTYPE,RCR,RCR_REASON_FLAG
D,FPP,FPP_RCR,1,"2025/05/03 14:10:00",F_MAIN++APD_TL_L5,1,LOWERREG,0.00000,1
D,FPP,FPP_RCR,1,"2025/05/03 14:10:00",F_T+LREG_0050,1,LOWERREG,33.98651,0
D,FPP,FPP_RCR,1,"2025/05/03 14:10:00",F_T+RREG_0050,1,RAISEREG,39.43509,0
D,FPP,FPP_RCR,1,"2025/05/03 14:10:00",F_TASCAP_RREG_0220,1,RAISEREG,613.97039,0
I,FPP,FPP_USAGE,1,INTERVAL_DATETIME,CONSTRAINTID,VERSIONNO,BIDTYPE,REGULATION_MW,USED_MW,USAGE,USAGE_REASON_FLAG,USAGE_VALUE
D,FPP,FPP_USAGE,1,"2025/05/03 14:10:00",F_MAIN++APD_TL_L5,1,LOWERREG,236.00000000,0.62098000,0.00000000,1,0.00000000
D,FPP,FPP_USAGE,1,"2025/05/03 14:10:00",F_T+LREG_0050,1,LOWERREG,50.00000000,0.00000000,0.00000000,0,0.00000000
D,FPP,FPP_USAGE,1,"2025/05/03 14:10:00",F_T+RREG_0050,1,RAISEREG,50.00000000,29.30192000,0.58603840,0,0.58603840
D,FPP,FPP_USAGE,1,"2025/05/03 14:10:00",F_TASCAP_RREG_0220,1,RAISEREG,170.00000000,155.63012000,0.91547129,0,0.91547129
I,FPP,REGION_FREQ_MEASURE,1,INTERVAL_DATETIME,MEASUREMENT_DATETIME,REGIONID,VERSIONNO,FREQ_DEVIATION_HZ,HZ_QUALITY_FLAG,FREQ_MEASURE_HZ,FM_ALIGNMENT_FLAG
D,FPP,REGION_FREQ_MEASURE,1,"2025/05/03 14:10:00","2025/05/03 14:05:04",NSW1,1,-0.02900000,1,0.02006224,1
D,FPP,REGION_FREQ_MEASURE,1,"2025/05/03 14:10:00","2025/05/03 14:05:04",QLD1,1,-0.02900000,1,0.01888961,1
D,FPP,REGION_FREQ_MEASURE,1,"2025/05/03 14:10:00","2025/05/03 14:05:04",SA1,1,-0.00700000,1,0.01671822,1
D,FPP,REGION_FREQ_MEASURE,1,"2025/05/03 14:10:00","2025/05/03 14:05:04",TAS1,1,-0.02500000,1,0.01481873,1
D,FPP,REGION_FREQ_MEASURE,1,"2025/05/03 14:10:00","2025/05/03 14:05:04",VIC1,1,-0.01200000,1,0.01741256,1
D,FPP,REGION_FREQ_MEASURE,1,"2025/05/03 14:10:00","2025/05/03 14:05:08",NSW1,1,-0.02700000,1,0.02160396,1
D,FPP,REGION_FREQ_MEASURE,1,"2025/05/03 14:10:00","2025/05/03 14:05:08",QLD1,1,-0.02800000,1,0.02091414,1
D,FPP,REGION_FREQ_MEASURE,1,"2025/05/03 14:10:00","2025/05/03 14:05:08",SA1,1,-0.02600000,1,0.01878084,1
D,FPP,REGION_FREQ_MEASURE,1,"2025/05/03 14:10:00","2025/05/03 14:05:08",TAS1,1,-0.04100000,1,0.02063679,1
D,FPP,REGION_FREQ_MEASURE,1,"2025/05/03 14:10:00","2025/05/03 14:05:08",VIC1,1,-0.02200000,1,0.01843199,1
D,FPP,REGION_FREQ_MEASURE,1,"2025/05/03 14:10:00","2025/05/03 14:05:12",NSW1,1,-0.02900000,1,0.02324752,1
D,FPP,REGION_FREQ_MEASURE,1,"2025/05/03 14:10:00","2025/05/03 14:05:12",QLD1,1,-0.02900000,1,0.02271100,1
D,FPP,REGION_FREQ_MEASURE,1,"2025/05/03 14:10:00","2025/05/03 14:05:12",SA1,1,-0.02600000,1,0.02038510,1
D,FPP,REGION_FREQ_MEASURE,1,"2025/05/03 14:10:00","2025/05/03 14:05:12",TAS1,1,-0.04400000,1,0.02582861,1
D,FPP,REGION_FREQ_MEASURE,1,"2025/05/03 14:10:00","2025/05/03 14:05:12",VIC1,1,-0.03000000,1,0.02100266,1
D,FPP,REGION_FREQ_MEASURE,1,"2025/05/03 14:10:00","2025/05/03 14:05:16",NSW1,1,-0.02500000,1,0.02363696,1
D,FPP,REGION_FREQ_MEASURE,1,"2025/05/03 14:10:00","2025/05/03 14:05:16",QLD1,1,-0.02400000,1,0.02299744,1
D,FPP,REGION_FREQ_MEASURE,1,"2025/05/03 14:10:00","2025/05/03 14:05:16",SA1,1,-0.03400000,1,0.02341063,1
D,FPP,REGION_FREQ_MEASURE,1,"2025/05/03 14:10:00","2025/05/03 14:05:16",TAS1,1,-0.03100000,1,0.02697781,1
D,FPP,REGION_FREQ_MEASURE,1,"2025/05/03 14:10:00","2025/05/03 14:05:16",VIC1,1,-0.03000000,1,0.02300207,1
D,FPP,REGION_FREQ_MEASURE,1,"2025/05/03 14:10:00","2025/05/03 14:05:20",NSW1,1,-0.03500000,1,0.02616208,1
D,FPP,REGION_FREQ_MEASURE,1,"2025/05/03 14:10:00","2025/05/03 14:05:20",QLD1,1,-0.03200000,1,0.02499801,1
D,FPP,REGION_FREQ_MEASURE,1,"2025/05/03 14:10:00","2025/05/03 14:05:20",SA1,1,-0.02900000,1,0.02465271,1
D,FPP,REGION_FREQ_MEASURE,1,"2025/05/03 14:10:00","2025/05/03 14:05:20",TAS1,1,0.00100000,1,0.02076052,1
D,FPP,REGION_FREQ_MEASURE,1,"2025/05/03 14:10:00","2025/05/03 14:05:20",VIC1,1,-0.02800000,1,0.02411272,1
D,FPP,REGION_FREQ_MEASURE,1,"2025/05/03 14:10:00","2025/05/03 14:05:24",NSW1,1,-0.03600000,1,0.02834828,1
D,FPP,REGION_FREQ_MEASURE,1,"2025/05/03 14:10:00","2025/05/03 14:05:24",QLD1,1,-0.03800000,1,0.02788734,1
D,FPP,REGION_FREQ_MEASURE,1,"2025/05/03 14:10:00","2025/05/03 14:05:24",SA1,1,-0.03300000,1,0.02650766,1
D,FPP,REGION_FREQ_MEASURE,1,"2025/05/03 14:10:00","2025/05/03 14:05:24",TAS1,1,0.00400000,1,0.01525818,1
D,FPP,REGION_FREQ_MEASURE,1,"2025/05/03 14:10:00","2025/05/03 14:05:24",VIC1,1,-0.02800000,1,0.02497656,1
D,FPP,REGION_FREQ_MEASURE,1,"2025/05/03 14:10:00","2025/05/03 14:05:28",NSW1,1,-0.03700000,1,0.03027088,1
D,FPP,REGION_FREQ_MEASURE,1,"2025/05/03 14:10:00","2025/05/03 14:05:28",QLD1,1,-0.03700000,1,0.02991238,1
D,FPP,REGION_FREQ_MEASURE,1,"2025/05/03 14:10:00","2025/05/03 14:05:28",SA1,1,-0.03500000,1,0.02839485,1
D,FPP,REGION_FREQ_MEASURE,1,"2025/05/03 14:10:00","2025/05/03 14:05:28",TAS1,1,-0.01500000,1,0.01520081,1
D,FPP,REGION_FREQ_MEASURE,1,"2025/05/03 14:10:00","2025/05/03 14:05:28",VIC1,1,-0.03600000,1,0.02742621,1
D,FPP,REGION_FREQ_MEASURE,1,"2025/05/03 14:10:00","2025/05/03 14:05:32",NSW1,1,-0.02800000,1,0.02976624,1
D,FPP,REGION_FREQ_MEASURE,1,"2025/05/03 14:10:00","2025/05/03 14:05:32",QLD1,1,-0.03400000,1,0.03082074,1
D,FPP,REGION_FREQ_MEASURE,1,"2025/05/03 14:10:00","2025/05/03 14:05:32",SA1,1,-0.03300000,1,0.02941822,1
D,FPP,REGION_FREQ_MEASURE,1,"2025/05/03 14:10:00","2025/05/03 14:05:32",TAS1,1,-0.05000000,1,0.02293396,1
D,FPP,REGION_FREQ_MEASURE,1,"2025/05/03 14:10:00","2025/05/03 14:05:32",VIC1,1,-0.03600000,1,0.02933150,1
D,FPP,REGION_FREQ_MEASURE,1,"2025/05/03 14:10:00","2025/05/03 14:05:36",NSW1,1,-0.03400000,1,0.03070708,1
D,FPP,REGION_FREQ_MEASURE,1,"2025/05/03 14:10:00","2025/05/03 14:05:36",QLD1,1,-0.03500000,1,0.03174946,1
D,FPP,REGION_FREQ_MEASURE,1,"2025/05/03 14:10:00","2025/05/03 14:05:36",SA1,1,-0.03700000,1,0.03110306,1
D,FPP,REGION_FREQ_MEASURE,1,"2025/05/03 14:10:00","2025/05/03 14:05:36",TAS1,1,-0.03000000,1,0.02450419,1
D,FPP,REGION_FREQ_MEASURE,1,"2025/05/03 14:10:00","2025/05/03 14:05:36",VIC1,1,-0.03800000,1,0.03125783,1
D,FPP,REGION_FREQ_MEASURE,1,"2025/05/03 14:10:00","2025/05/03 14:05:40",NSW1,1,-0.02800000,1,0.03010551,1
D,FPP,REGION_FREQ_MEASURE,1,"2025/05/03 14:10:00","2025/05/03 14:05:40",QLD1,1,-0.03100000,1,0.03158291,1
D,FPP,REGION_FREQ_MEASURE,1,"2025/05/03 14:10:00","2025/05/03 14:05:40",SA1,1,-0.03200000,1,0.03130238,1
D,FPP,REGION_FREQ_MEASURE,1,"2025/05/03 14:10:00","2025/05/03 14:05:40",TAS1,1,-0.00700000,1,0.02061437,1
D,FPP,REGION_FREQ_MEASURE,1,"2025/05/03 14:10:00","2025/05/03 14:05:40",VIC1,1,-0.03100000,1,0.03120053,1
D,FPP,REGION_FREQ_MEASURE,1,"2025/05/03 14:10:00","2025/05/03 14:05:44",NSW1,1,-0.02600000,1,0.02919317,1
D,FPP,REGION_FREQ_MEASURE,1,"2025/05/03 14:10:00","2025/05/03 14:05:44",QLD1,1,-0.02300000,1,0.02967560,1
D,FPP,REGION_FREQ_MEASURE,1,"2025/05/03 14:10:00","2025/05/03 14:05:44",SA1,1,-0.03200000,1,0.03145741,1
D,FPP,REGION_FREQ_MEASURE,1,"2025/05/03 14:10:00","2025/05/03 14:05:44",TAS1,1,-0.01300000,1,0.01892229,1
D,FPP,REGION_FREQ_MEASURE,1,"2025/05/03 14:10:00","2025/05/03 14:05:44",VIC1,1,-0.03500000,1,0.03204486,1
D,FPP,REGION_FREQ_MEASURE,1,"2025/05/03 14:10:00","2025/05/03 14:05:48",NSW1,1,-0.03500000,1,0.03048358,1
D,FPP,REGION_FREQ_MEASURE,1,"2025/05/03 14:10:00","2025/05/03 14:05:48",QLD1,1,-0.03500000,1,0.03085880,1
D,FPP,REGION_FREQ_MEASURE,1,"2025/05/03 14:10:00","2025/05/03 14:05:48",SA1,1,-0.02700000,1,0.03046687,1
D,FPP,REGION_FREQ_MEASURE,1,"2025/05/03 14:10:00","2025/05/03 14:05:48",TAS1,1,-0.04400000,1,0.02449511,1
D,FPP,REGION_FREQ_MEASURE,1,"2025/05/03 14:10:00","2025/05/03 14:05:48",VIC1,1,-0.02900000,1,0.03136822,1
D,FPP,REGION_FREQ_MEASURE,1,"2025/05/03 14:10:00","2025/05/03 14:05:52",NSW1,1,-0.03800000,1,0.03215390,1
D,FPP,REGION_FREQ_MEASURE,1,"2025/05/03 14:10:00","2025/05/03 14:05:52",QLD1,1,-0.03200000,1,0.03111240,1
D,FPP,REGION_FREQ_MEASURE,1,"2025/05/03 14:10:00","2025/05/03 14:05:52",SA1,1,-0.03100000,1,0.03058534,1
D,FPP,REGION_FREQ_MEASURE,1,"2025/05/03 14:10:00","2025/05/03 14:05:52",TAS1,1,-0.04100000,1,0.02816286,1
D,FPP,REGION_FREQ_MEASURE,1,"2025/05/03 14:10:00","2025/05/03 14:05:52",VIC1,1,-0.02900000,1,0.03084195,1
D,FPP,REGION_FREQ_MEASURE,1,"2025/05/03 14:10:00","2025/05/03 14:05:56",NSW1,1,-0.03800000,1,0.03345303,1
D,FPP,REGION_FREQ_MEASURE,1,"2025/05/03 14:10:00","2025/05/03 14:05:56",QLD1,1,-0.03700000,1,0.03242076,1
D,FPP,REGION_FREQ_MEASURE,1,"2025/05/03 14:10:00","2025/05/03 14:05:56",SA1,1,-0.03300000,1,0.03112193,1
D,FPP,REGION_FREQ_MEASURE,1,"2025/05/03 14:10:00","2025/05/03 14:05:56",TAS1,1,-0.01800000,1,0.02590445,1
D,FPP,REGION_FREQ_MEASURE,1,"2025/05/03 14:10:00","2025/05/03 14:05:56",VIC1,1,-0.03500000,1,0.03176596,1
D,FPP,REGION_FREQ_MEASURE,1,"2025/05/03 14:10:00","2025/05/03 14:06:00",NSW1,1,-0.02900000,1,0.03246347,1
D,FPP,REGION_FREQ_MEASURE,1,"2025/05/03 14:10:00","2025/05/03 14:06:00",QLD1,1,-0.03100000,1,0.03210504,1
D,FPP,REGION_FREQ_MEASURE,1,"2025/05/03 14:10:00","2025/05/03 14:06:00",SA1,1,-0.03900000,1,0.03287261,1
D,FPP,REGION_FREQ_MEASURE,1,"2025/05/03 14:10:00","2025/05/03 14:06:00",TAS1,1,-0.00500000,1,0.02125902,1
D,FPP,REGION_FREQ_MEASURE,1,"2025/05/03 14:10:00","2025/05/03 14:06:00",VIC1,1,-0.03800000,1,0.03315130,1
D,FPP,REGION_FREQ_MEASURE,1,"2025/05/03 14:10:00","2025/05/03 14:06:04",NSW1,1,-0.02700000,1,0.03124937,1
D,FPP,REGION_FREQ_MEASURE,1,"2025/05/03 14:10:00","2025/05/03 14:06:04",QLD1,1,-0.02600000,1,0.03074836,1
D,FPP,REGION_FREQ_MEASURE,1,"2025/05/03 14:10:00","2025/05/03 14:06:04",SA1,1,-0.03300000,1,0.03290092,1
D,FPP,REGION_FREQ_MEASURE,1,"2025/05/03 14:10:00","2025/05/03 14:06:04",TAS1,1,-0.02200000,1,0.02142368,1
D,FPP,REGION_FREQ_MEASURE,1,"2025/05/03 14:10:00","2025/05/03 14:06:04",VIC1,1,-0.03500000,1,0.03356212,1
D,FPP,REGION_FREQ_MEASURE,1,"2025/05/03 14:10:00","2025/05/03 14:06:08",NSW1,1,-0.02100000,1,0.02897173,1
D,FPP,REGION_FREQ_MEASURE,1,"2025/05/03 14:10:00","2025/05/03 14:06:08",QLD1,1,-0.02200000,1,0.02880428,1
D,FPP,REGION_FREQ_MEASURE,1,"2025/05/03 14:10:00","2025/05/03 14:06:08",SA1,1,-0.02700000,1,0.03158960,1
D,FPP,REGION_FREQ_MEASURE,1,"2025/05/03 14:10:00","2025/05/03 14:06:08",TAS1,1,-0.01500000,1,0.01999620,1
D,FPP,REGION_FREQ_MEASURE,1,"2025/05/03 14:10:00","2025/05/03 14:06:08",VIC1,1,-0.03000000,1,0.03277054,1
D,FPP,REGION_FREQ_MEASURE,1,"2025/05/03 14:10:00","2025/05/03 14:06:12",NSW1,1,-0.02100000,1,0.02720023,1
D,FPP,REGION_FREQ_MEASURE,1,"2025/05/03 14:10:00","2025/05/03 14:06:12",QLD1,1,-0.02000000,1,0.02684777,1
D,FPP,REGION_FREQ_MEASURE,1,"2025/05/03 14:10:00","2025/05/03 14:06:12",SA1,1,-0.02500000,1,0.03012524,1
D,FPP,REGION_FREQ_MEASURE,1,"2025/05/03 14:10:00","2025/05/03 14:06:12",TAS1,1,0.00500000,1,0.01444149,1
D,FPP,REGION_FREQ_MEASURE,1,"2025/05/03 14:10:00","2025/05/03 14:06:12",VIC1,1,-0.02700000,1,0.03148820,1
D,FPP,REGION_FREQ_MEASURE,1,"2025/05/03 14:10:00","2025/05/03 14:06:16",NSW1,1,-0.02200000,1,0.02604462,1
D,FPP,REGION_FREQ_MEASURE,1,"2025/05/03 14:10:00","2025/05/03 14:06:16",QLD1,1,-0.01800000,1,0.02488160,1
D,FPP,REGION_FREQ_MEASURE,1,"2025/05/03 14:10:00","2025/05/03 14:06:16",SA1,1,-0.02200000,1,0.02831963,1
D,FPP,REGION_FREQ_MEASURE,1,"2025/05/03 14:10:00","2025/05/03 14:06:16",TAS1,1,0.00300000,1,0.01056560,1
D,FPP,REGION_FREQ_MEASURE,1,"2025/05/03 14:10:00","2025/05/03 14:06:16",VIC1,1,-0.02100000,1,0.02915749,1
D,FPP,REGION_FREQ_MEASURE,1,"2025/05/03 14:10:00","2025/05/03 14:06:20",NSW1,1,-0.02800000,1,0.02647915,1
D,FPP,REGION_FREQ_MEASURE,1,"2025/05/03 14:10:00","2025/05/03 14:06:20",QLD1,1,-0.02500000,1,0.02490791,1
D,FPP,REGION_FREQ_MEASURE,1,"2025/05/03 14:10:00","2025/05/03 14:06:20",SA1,1,-0.01900000,1,0.02624860,1
D,FPP,REGION_FREQ_MEASURE,1,"2025/05/03 14:10:00","2025/05/03 14:06:20",TAS1,1,-0.01300000,1,0.01110658,1
D,FPP,REGION_FREQ_MEASURE,1,"2025/05/03 14:10:00","2025/05/03 14:06:20",VIC1,1,-0.01900000,1,0.02690027,1
D,FPP,REGION_FREQ_MEASURE,1,"2025/05/03 14:10:00","2025/05/03 14:06:24",NSW1,1,-0.02400000,1,0.02592823,1
D,FPP,REGION_FREQ_MEASURE,1,"2025/05/03 14:10:00","2025/05/03 14:06:24",QLD1,1,-0.02900000,1,0.02581726,1
D,FPP,REGION_FREQ_MEASURE,1,"2025/05/03 14:10:00","2025/05/03 14:06:24",SA1,1,-0.01900000,1,0.02463780,1
D,FPP,REGION_FREQ_MEASURE,1,"2025/05/03 14:10:00","2025/05/03 14:06:24",TAS1,1,-0.00100000,1,0.00886067,1
D,FPP,REGION_FREQ_MEASURE,1,"2025/05/03 14:10:00","2025/05/03 14:06:24",VIC1,1,-0.02300000,1,0.02603354,1
D,FPP,REGION_FREQ_MEASURE,1,"2025/05/03 14:10:00","2025/05/03 14:06:28",NSW1,1,-0.01900000,1,0.02438862,1
D,FPP,REGION_FREQ_MEASURE,1,"2025/05/03 14:10:00","2025/05/03 14:06:28",QLD1,1,-0.01900000,1,0.02430231,1
D,FPP,REGION_FREQ_MEASURE,1,"2025/05/03 14:10:00","2025/05/03 14:06:28",SA1,1,-0.03000000,1,0.02582940,1
D,FPP,REGION_FREQ_MEASURE,1,"2025/05/03 14:10:00","2025/05/03 14:06:28",TAS1,1,-0.00700000,1,0.00844719,1
D,FPP,REGION_FREQ_MEASURE,1,"2025/05/03 14:10:00","2025/05/03 14:06:28",VIC1,1,-0.02800000,1,0.02647053,1
D,FPP,REGION_FREQ_MEASURE,1,"2025/05/03 14:10:00","2025/05/03 14:06:32",NSW1,1,-0.02500000,1,0.02452448,1
D,FPP,REGION_FREQ_MEASURE,1,"2025/05/03 14:10:00","2025/05/03 14:06:32",QLD1,1,-0.02300000,1,0.02401291,1
D,FPP,REGION_FREQ_MEASURE,1,"2025/05/03 14:10:00","2025/05/03 14:06:32",SA1,1,-0.02500000,1,0.02564509,1
D,FPP,REGION_FREQ_MEASURE,1,"2025/05/03 14:10:00","2025/05/03 14:06:32",TAS1,1,-0.00700000,1,0.00812559,1
D,FPP,REGION_FREQ_MEASURE,1,"2025/05/03 14:10:00","2025/05/03 14:06:32",VIC1,1,-0.02800000,1,0.02681041,1
D,FPP,REGION_FREQ_MEASURE,1,"2025/05/03 14:10:00","2025/05/03 14:06:36",NSW1,1,-0.02100000,1,0.02374126,1
D,FPP,REGION_FREQ_MEASURE,1,"2025/05/03 14:10:00","2025/05/03 14:06:36",QLD1,1,-0.02200000,1,0.02356560,1
D,FPP,REGION_FREQ_MEASURE,1,"2025/05/03 14:10:00","2025/05/03 14:06:36",SA1,1,-0.02300000,1,0.02505729,1
D,FPP,REGION_FREQ_MEASURE,1,"2025/05/03 14:10:00","2025/05/03 14:06:36",TAS1,1,-0.01600000,1,0.00987546,1
D,FPP,REGION_FREQ_MEASURE,1,"2025/05/03 14:10:00","2025/05/03 14:06:36",VIC1,1,-0.02200000,1,0.02574143,1
D,FPP,REGION_FREQ_MEASURE,1,"2025/05/03 14:10:00","2025/05/03 14:06:40",NSW1,1,-0.00300000,1,0.01913209,1
D,FPP,REGION_FREQ_MEASURE,1,"2025/05/03 14:10:00","2025/05/03 14:06:40",QLD1,1,-0.00500000,1,0.01943991,1
D,FPP,REGION_FREQ_MEASURE,1,"2025/05/03 14:10:00","2025/05/03 14:06:40",SA1,1,-0.02500000,1,0.02504456,1
D,FPP,REGION_FREQ_MEASURE,1,"2025/05/03 14:10:00","2025/05/03 14:06:40",TAS1,1,0.00200000,1,0.00723647,1
D,FPP,REGION_FREQ_MEASURE,1,"2025/05/03 14:10:00","2025/05/03 14:06:40",VIC1,1,-0.02700000,1,0.02602111,1
D,FPP,REGION_FREQ_MEASURE,1,"2025/05/03 14:10:00","2025/05/03 14:06:44",NSW1,1,0.01600000,1,0.01132496,0
D,FPP,REGION_FREQ_MEASURE,1,"2025/05/03 14:10:00","2025/05/03 14:06:44",QLD1,1,0.01300000,1,0.01223104,1
D,FPP,REGION_FREQ_MEASURE,1,"2025/05/03 14:10:00","2025/05/03 14:06:44",SA1,1,-0.01100000,1,0.02192355,1
D,FPP,REGION_FREQ_MEASURE,1,"2025/05/03 14:10:00","2025/05/03 14:06:44",TAS1,1,0.00400000,1,0.00473948,1
D,FPP,REGION_FREQ_MEASURE,1,"2025/05/03 14:10:00","2025/05/03 14:06:44",VIC1,1,-0.01900000,1,0.02446086,1
D,FPP,REGION_FREQ_MEASURE,1,"2025/05/03 14:10:00","2025/05/03 14:06:48",NSW1,1,0.02300000,1,0.00369719,0
D,FPP,REGION_FREQ_MEASURE,1,"2025/05/03 14:10:00","2025/05/03 14:06:48",QLD1,1,0.02000000,1,0.00506859,0
D,FPP,REGION_FREQ_MEASURE,1,"2025/05/03 14:10:00","2025/05/03 14:06:48",SA1,1,0.00400000,1,0.01616276,1
D,FPP,REGION_FREQ_MEASURE,1,"2025/05/03 14:10:00","2025/05/03 14:06:48",TAS1,1,0.00700000,1,0.00213071,1
D,FPP,REGION_FREQ_MEASURE,1,"2025/05/03 14:10:00","2025/05/03 14:06:48",VIC1,1,-0.00100000,1,0.01924734,1
D,FPP,REGION_FREQ_MEASURE,1,"2025/05/03 14:10:00","2025/05/03 14:06:52",NSW1,1,0.01900000,1,-0.00134663,1
D,FPP,REGION_FREQ_MEASURE,1,"2025/05/03 14:10:00","2025/05/03 14:06:52",QLD1,1,0.02000000,1,-0.00050221,1
D,FPP,REGION_FREQ_MEASURE,1,"2025/05/03 14:10:00","2025/05/03 14:06:52",SA1,1,0.02300000,1,0.00745992,0
D,FPP,REGION_FREQ_MEASURE,1,"2025/05/03 14:10:00","2025/05/03 14:06:52",TAS1,1,-0.00500000,1,0.00276833,1
D,FPP,REGION_FREQ_MEASURE,1,"2025/05/03 14:10:00","2025/05/03 14:06:52",VIC1,1,0.01900000,1,0.01074793,0
D,FPP,REGION_FREQ_MEASURE,1,"2025/05/03 14:10:00","2025/05/03 14:06:56",NSW1,1,0.01800000,1,-0.00504738,1
D,FPP,REGION_FREQ_MEASURE,1,"2025/05/03 14:10:00","2025/05/03 14:06:56",QLD1,1,0.01800000,1,-0.00439061,1
D,FPP,REGION_FREQ_MEASURE,1,"2025/05/03 14:10:00","2025/05/03 14:06:56",SA1,1,0.02000000,1,0.00135772,0
D,FPP,REGION_FREQ_MEASURE,1,"2025/05/03 14:10:00","2025/05/03 14:06:56",TAS1,1,0.02000000,1,-0.00229130,1
D,FPP,REGION_FREQ_MEASURE,1,"2025/05/03 14:10:00","2025/05/03 14:06:56",VIC1,1,0.02200000,1,0.00347061,0
D,FPP,REGION_FREQ_MEASURE,1,"2025/05/03 14:10:00","2025/05/03 14:07:00",NSW1,1,0.01400000,1,-0.00703685,1
D,FPP,REGION_FREQ_MEASURE,1,"2025/05/03 14:10:00","2025/05/03 14:07:00",QLD1,1,0.01400000,1,-0.00652603,1
D,FPP,REGION_FREQ_MEASURE,1,"2025/05/03 14:10:00","2025/05/03 14:07:00",SA1,1,0.01800000,1,-0.00294400,1
D,FPP,REGION_FREQ_MEASURE,1,"2025/05/03 14:10:00","2025/05/03 14:07:00",TAS1,1,0.04600000,1,-0.01200434,1
D,FPP,REGION_FREQ_MEASURE,1,"2025/05/03 14:10:00","2025/05/03 14:07:00",VIC1,1,0.01800000,1,-0.00130064,1
D,FPP,REGION_FREQ_MEASURE,1,"2025/05/03 14:10:00","2025/05/03 14:07:04",NSW1,1,0.00600000,1,-0.00680644,1
D,FPP,REGION_FREQ_MEASURE,1,"2025/05/03 14:10:00","2025/05/03 14:07:04",QLD1,1,0.01000000,1,-0.00729802,1
D,FPP,REGION_FREQ_MEASURE,1,"2025/05/03 14:10:00","2025/05/03 14:07:04",SA1,1,0.01200000,1,-0.00495644,1
D,FPP,REGION_FREQ_MEASURE,1,"2025/05/03 14:10:00","2025/05/03 14:07:04",TAS1,1,0.03500000,1,-0.01711449,1
D,FPP,REGION_FREQ_MEASURE,1,"2025/05/03 14:10:00","2025/05/03 14:07:04",VIC1,1,0.01800000,1,-0.00501161,1
D,FPP,REGION_FREQ_MEASURE,1,"2025/05/03 14:10:00","2025/05/03 14:07:08",NSW1,1,-0.00100000,1,-0.00507168,1
D,FPP,REGION_FREQ_MEASURE,1,"2025/05/03 14:10:00","2025/05/03 14:07:08",QLD1,1,-0.00100000,1,-0.00545402,1
D,FPP,REGION_FREQ_MEASURE,1,"2025/05/03 14:10:00","2025/05/03 14:07:08",SA1,1,0.01500000,1,-0.00718834,1
D,FPP,REGION_FREQ_MEASURE,1,"2025/05/03 14:10:00","2025/05/03 14:07:08",TAS1,1,0.02600000,1,-0.01908905,1
D,FPP,REGION_FREQ_MEASURE,1,"2025/05/03 14:10:00","2025/05/03 14:07:08",VIC1,1,0.01500000,1,-0.00723125,1
D,FPP,REGION_FREQ_MEASURE,1,"2025/05/03 14:10:00","2025/05/03 14:07:12",NSW1,1,0.01500000,1,-0.00727797,1
D,FPP,REGION_FREQ_MEASURE,1,"2025/05/03 14:10:00","2025/05/03 14:07:12",QLD1,1,0.01000000,1,-0.00646424,1
D,FPP,REGION_FREQ_MEASURE,1,"2025/05/03 14:10:00","2025/05/03 14:07:12",SA1,1,0.00200000,1,-0.00603538,1
D,FPP,REGION_FREQ_MEASURE,1,"2025/05/03 14:10:00","2025/05/03 14:07:12",TAS1,1,0.01700000,1,-0.01862482,1
D,FPP,REGION_FREQ_MEASURE,1,"2025/05/03 14:10:00","2025/05/03 14:07:12",VIC1,1,0.00300000,1,-0.00629097,1
D,FPP,REGION_FREQ_MEASURE,1,"2025/05/03 14:10:00","2025/05/03 14:07:16",NSW1,1,0.01300000,1,-0.00854953,1
D,FPP,REGION_FREQ_MEASURE,1,"2025/05/03 14:10:00","2025/05/03 14:07:16",QLD1,1,0.01600000,1,-0.00858330,1
D,FPP,REGION_FREQ_MEASURE,1,"2025/05/03 14:10:00","2025/05/03 14:07:16",SA1,1,0.00200000,1,-0.00513863,1
D,FPP,REGION_FREQ_MEASURE,1,"2025/05/03 14:10:00","2025/05/03 14:07:16",TAS1,1,-0.00100000,1,-0.01426375,1
D,FPP,REGION_FREQ_MEASURE,1,"2025/05/03 14:10:00","2025/05/03 14:07:16",VIC1,1,0.00100000,1,-0.00511520,1
D,FPP,REGION_FREQ_MEASURE,1,"2025/05/03 14:10:00","2025/05/03 14:07:20",NSW1,1,0.00100000,1,-0.00687186,1
D,FPP,REGION_FREQ_MEASURE,1,"2025/05/03 14:10:00","2025/05/03 14:07:20",QLD1,1,0.00300000,1,-0.00734257,1
D,FPP,REGION_FREQ_MEASURE,1,"2025/05/03 14:10:00","2025/05/03 14:07:20",SA1,1,0.02000000,1,-0.00844116,1
D,FPP,REGION_FREQ_MEASURE,1,"2025/05/03 14:10:00","2025/05/03 14:07:20",TAS1,1,0.00600000,1,-0.01242736,1
D,FPP,REGION_FREQ_MEASURE,1,"2025/05/03 14:10:00","2025/05/03 14:07:20",VIC1,1,0.01700000,1,-0.00775627,1
D,FPP,REGION_FREQ_MEASURE,1,"2025/05/03 14:10:00","2025/05/03 14:07:24",NSW1,1,0.00600000,1,-0.00667811,1
D,FPP,REGION_FREQ_MEASURE,1,"2025/05/03 14:10:00","2025/05/03 14:07:24",QLD1,1,0.00400000,1,-0.00659978,1
D,FPP,REGION_FREQ_MEASURE,1,"2025/05/03 14:10:00","2025/05/03 14:07:24",SA1,1,0.00500000,1,-0.00767646,1
D,FPP,REGION_FREQ_MEASURE,1,"2025/05/03 14:10:00","2025/05/03 14:07:24",TAS1,1,-0.01000000,1,-0.00744350,1
D,FPP,REGION_FREQ_MEASURE,1,"2025/05/03 14:10:00","2025/05/03 14:07:24",VIC1,1,0.00900000,1,-0.00803265,1
D,FPP,REGION_FREQ_MEASURE,1,"2025/05/03 14:10:00","2025/05/03 14:07:28",NSW1,1,0.00400000,1,-0.00608297,1
D,FPP,REGION_FREQ_MEASURE,1,"2025/05/03 14:10:00","2025/05/03 14:07:28",QLD1,1,0.00500000,1,-0.00624427,1
D,FPP,REGION_FREQ_MEASURE,1,"2025/05/03 14:10:00","2025/05/03 14:07:28",SA1,1,0.00500000,1,-0.00708169,1
D,FPP,REGION_FREQ_MEASURE,1,"2025/05/03 14:10:00","2025/05/03 14:07:28",TAS1,1,-0.00800000,1,-0.00401161,1
D,FPP,REGION_FREQ_MEASURE,1,"2025/05/03 14:10:00","2025/05/03 14:07:28",VIC1,1,0.00200000,1,-0.00669206,1
D,FPP,REGION_FREQ_MEASURE,1,"2025/05/03 14:10:00","2025/05/03 14:07:32",NSW1,1,-0.01600000,1,-0.00117564,0
D,FPP,REGION_FREQ_MEASURE,1,"2025/05/03 14:10:00","2025/05/03 14:07:32",QLD1,1,-0.01200000,1,-0.00218999,1
D,FPP,REGION_FREQ_MEASURE,1,"2025/05/03 14:10:00","2025/05/03 14:07:32",SA1,1,0.00500000,1,-0.00661909,1
D,FPP,REGION_FREQ_MEASURE,1,"2025/05/03 14:10:00","2025/05/03 14:07:32",TAS1,1,-0.02300000,1,0.00199097,1
D,FPP,REGION_FREQ_MEASURE,1,"2025/05/03 14:10:00","2025/05/03 14:07:32",VIC1,1,0.00500000,1,-0.00631605,1
D,FPP,REGION_FREQ_MEASURE,1,"2025/05/03 14:10:00","2025/05/03 14:07:36",NSW1,1,-0.00700000,1,0.00064117,1
D,FPP,REGION_FREQ_MEASURE,1,"2025/05/03 14:10:00","2025/05/03 14:07:36",QLD1,1,-0.01200000,1,0.00096334,1
D,FPP,REGION_FREQ_MEASURE,1,"2025/05/03 14:10:00","2025/05/03 14:07:36",SA1,1,-0.00400000,1,-0.00425929,1
D,FPP,REGION_FREQ_MEASURE,1,"2025/05/03 14:10:00","2025/05/03 14:07:36",TAS1,1,-0.01400000,1,0.00465964,1
D,FPP,REGION_FREQ_MEASURE,1,"2025/05/03 14:10:00","2025/05/03 14:07:36",VIC1,1,0.00200000,1,-0.00535693,1
D,FPP,REGION_FREQ_MEASURE,1,"2025/05/03 14:10:00","2025/05/03 14:07:40",NSW1,1,0.01400000,1,-0.00261242,1
D,FPP,REGION_FREQ_MEASURE,1,"2025/05/03 14:10:00","2025/05/03 14:07:40",QLD1,1,0.01000000,1,-0.00147296,1
D,FPP,REGION_FREQ_MEASURE,1,"2025/05/03 14:10:00","2025/05/03 14:07:40",SA1,1,-0.01700000,1,0.00046500,1
D,FPP,REGION_FREQ_MEASURE,1,"2025/05/03 14:10:00","2025/05/03 14:07:40",TAS1,1,-0.04000000,1,0.01251305,1
D,FPP,REGION_FREQ_MEASURE,1,"2025/05/03 14:10:00","2025/05/03 14:07:40",VIC1,1,-0.01700000,1,-0.00038872,0
D,FPP,REGION_FREQ_MEASURE,1,"2025/05/03 14:10:00","2025/05/03 14:07:44",NSW1,1,0.01900000,1,-0.00625410,1
D,FPP,REGION_FREQ_MEASURE,1,"2025/05/03 14:10:00","2025/05/03 14:07:44",QLD1,1,0.02000000,1,-0.00559008,1
D,FPP,REGION_FREQ_MEASURE,1,"2025/05/03 14:10:00","2025/05/03 14:07:44",SA1,1,-0.00100000,1,0.00058389,1
D,FPP,REGION_FREQ_MEASURE,1,"2025/05/03 14:10:00","2025/05/03 14:07:44",TAS1,1,-0.03200000,1,0.01684348,1
D,FPP,REGION_FREQ_MEASURE,1,"2025/05/03 14:10:00","2025/05/03 14:07:44",VIC1,1,-0.00800000,1,0.00147544,1
D,FPP,REGION_FREQ_MEASURE,1,"2025/05/03 14:10:00","2025/05/03 14:07:48",NSW1,1,0.01000000,1,-0.00708652,1
D,FPP,REGION_FREQ_MEASURE,1,"2025/05/03 14:10:00","2025/05/03 14:07:48",QLD1,1,0.01300000,1,-0.00723673,1
D,FPP,REGION_FREQ_MEASURE,1,"2025/05/03 14:10:00","2025/05/03 14:07:48",SA1,1,0.01900000,1,-0.00376809,1
D,FPP,REGION_FREQ_MEASURE,1,"2025/05/03 14:10:00","2025/05/03 14:07:48",TAS1,1,0.02100000,1,0.00843382,0
D,FPP,REGION_FREQ_MEASURE,1,"2025/05/03 14:10:00","2025/05/03 14:07:48",VIC1,1,0.01500000,1,-0.00218577,1
D,FPP,REGION_FREQ_MEASURE,1,"2025/05/03 14:10:00","2025/05/03 14:07:52",NSW1,1,-0.01000000,1,-0.00328952,1
D,FPP,REGION_FREQ_MEASURE,1,"2025/05/03 14:10:00","2025/05/03 14:07:52",QLD1,1,-0.00800000,1,-0.00385079,1
D,FPP,REGION_FREQ_MEASURE,1,"2025/05/03 14:10:00","2025/05/03 14:07:52",SA1,1,0.01700000,1,-0.00670851,1
D,FPP,REGION_FREQ_MEASURE,1,"2025/05/03 14:10:00","2025/05/03 14:07:52",TAS1,1,0.06200000,1,-0.00721814,1
D,FPP,REGION_FREQ_MEASURE,1,"2025/05/03 14:10:00","2025/05/03 14:07:52",VIC1,1,0.01900000,1,-0.00592227,1
D,FPP,REGION_FREQ_MEASURE,1,"2025/05/03 14:10:00","2025/05/03 14:07:56",NSW1,1,-0.01600000,1,0.00099704,1
D,FPP,REGION_FREQ_MEASURE,1,"2025/05/03 14:10:00","2025/05/03 14:07:56",QLD1,1,-0.01800000,1,0.00100494,1
D,FPP,REGION_FREQ_MEASURE,1,"2025/05/03 14:10:00","2025/05/03 14:07:56",SA1,1,0.00000000,1,-0.00521773,1
D,FPP,REGION_FREQ_MEASURE,1,"2025/05/03 14:10:00","2025/05/03 14:07:56",TAS1,1,0.02400000,1,-0.01094744,1
D,FPP,REGION_FREQ_MEASURE,1,"2025/05/03 14:10:00","2025/05/03 14:07:56",VIC1,1,0.00900000,1,-0.00660621,1
D,FPP,REGION_FREQ_MEASURE,1,"2025/05/03 14:10:00","2025/05/03 14:08:00",NSW1,1,-0.03400000,1,0.00833103,1
D,FPP,REGION_FREQ_MEASURE,1,"2025/05/03 14:10:00","2025/05/03 14:08:00",QLD1,1,-0.02600000,1,0.00655940,1
D,FPP,REGION_FREQ_MEASURE,1,"2025/05/03 14:10:00","2025/05/03 14:08:00",SA1,1,-0.01600000,1,-0.00050268,0
D,FPP,REGION_FREQ_MEASURE,1,"2025/05/03 14:10:00","2025/05/03 14:08:00",TAS1,1,0.00900000,1,-0.01051468,1
D,FPP,REGION_FREQ_MEASURE,1,"2025/05/03 14:10:00","2025/05/03 14:08:00",VIC1,1,-0.01000000,1,-0.00291594,1
D,FPP,REGION_FREQ_MEASURE,1,"2025/05/03 14:10:00","2025/05/03 14:08:04",NSW1,1,-0.02500000,1,0.01203525,1
D,FPP,REGION_FREQ_MEASURE,1,"2025/05/03 14:10:00","2025/05/03 14:08:04",QLD1,1,-0.02700000,1,0.01110176,1
D,FPP,REGION_FREQ_MEASURE,1,"2025/05/03 14:10:00","2025/05/03 14:08:04",SA1,1,-0.02400000,1,0.00494236,1
D,FPP,REGION_FREQ_MEASURE,1,"2025/05/03 14:10:00","2025/05/03 14:08:04",TAS1,1,0.00400000,1,-0.00906697,1
D,FPP,REGION_FREQ_MEASURE,1,"2025/05/03 14:10:00","2025/05/03 14:08:04",VIC1,1,-0.02100000,1,0.00239871,1
D,FPP,REGION_FREQ_MEASURE,1,"2025/05/03 14:10:00","2025/05/03 14:08:08",NSW1,1,-0.02300000,1,0.01447186,1
D,FPP,REGION_FREQ_MEASURE,1,"2025/05/03 14:10:00","2025/05/03 14:08:08",QLD1,1,-0.02500000,1,0.01419026,1
D,FPP,REGION_FREQ_MEASURE,1,"2025/05/03 14:10:00","2025/05/03 14:08:08",SA1,1,-0.03300000,1,0.01117739,1
D,FPP,REGION_FREQ_MEASURE,1,"2025/05/03 14:10:00","2025/05/03 14:08:08",TAS1,1,0.00200000,1,-0.00749653,1
D,FPP,REGION_FREQ_MEASURE,1,"2025/05/03 14:10:00","2025/05/03 14:08:08",VIC1,1,-0.03500000,1,0.00964344,1
D,FPP,REGION_FREQ_MEASURE,1,"2025/05/03 14:10:00","2025/05/03 14:08:12",NSW1,1,-0.02500000,1,0.01681145,1
D,FPP,REGION_FREQ_MEASURE,1,"2025/05/03 14:10:00","2025/05/03 14:08:12",QLD1,1,-0.02600000,1,0.01681465,1
D,FPP,REGION_FREQ_MEASURE,1,"2025/05/03 14:10:00","2025/05/03 14:08:12",SA1,1,-0.02600000,1,0.01447130,1
D,FPP,REGION_FREQ_MEASURE,1,"2025/05/03 14:10:00","2025/05/03 14:08:12",TAS1,1,-0.01000000,1,-0.00360841,1
D,FPP,REGION_FREQ_MEASURE,1,"2025/05/03 14:10:00","2025/05/03 14:08:12",VIC1,1,-0.02400000,1,0.01283379,1
D,FPP,REGION_FREQ_MEASURE,1,"2025/05/03 14:10:00","2025/05/03 14:08:16",NSW1,1,-0.02800000,1,0.01929779,1
D,FPP,REGION_FREQ_MEASURE,1,"2025/05/03 14:10:00","2025/05/03 14:08:16",QLD1,1,-0.02800000,1,0.01930028,1
D,FPP,REGION_FREQ_MEASURE,1,"2025/05/03 14:10:00","2025/05/03 14:08:16",SA1,1,-0.02900000,1,0.01769990,1
D,FPP,REGION_FREQ_MEASURE,1,"2025/05/03 14:10:00","2025/05/03 14:08:16",TAS1,1,-0.02000000,1,0.00163790,1
D,FPP,REGION_FREQ_MEASURE,1,"2025/05/03 14:10:00","2025/05/03 14:08:16",VIC1,1,-0.02400000,1,0.01531517,1
D,FPP,REGION_FREQ_MEASURE,1,"2025/05/03 14:10:00","2025/05/03 14:08:20",NSW1,1,-0.03100000,1,0.02189828,1
D,FPP,REGION_FREQ_MEASURE,1,"2025/05/03 14:10:00","2025/05/03 14:08:20",QLD1,1,-0.03000000,1,0.02167800,1
D,FPP,REGION_FREQ_MEASURE,1,"2025/05/03 14:10:00","2025/05/03 14:08:20",SA1,1,-0.02700000,1,0.01976659,1
D,FPP,REGION_FREQ_MEASURE,1,"2025/05/03 14:10:00","2025/05/03 14:08:20",TAS1,1,-0.04200000,1,0.01060726,1
D,FPP,REGION_FREQ_MEASURE,1,"2025/05/03 14:10:00","2025/05/03 14:08:20",VIC1,1,-0.02700000,1,0.01791180,1
D,FPP,REGION_FREQ_MEASURE,1,"2025/05/03 14:10:00","2025/05/03 14:08:24",NSW1,1,-0.03200000,1,0.02414311,1
D,FPP,REGION_FREQ_MEASURE,1,"2025/05/03 14:10:00","2025/05/03 14:08:24",QLD1,1,-0.03300000,1,0.02419400,1
D,FPP,REGION_FREQ_MEASURE,1,"2025/05/03 14:10:00","2025/05/03 14:08:24",SA1,1,-0.03200000,1,0.02248513,1
D,FPP,REGION_FREQ_MEASURE,1,"2025/05/03 14:10:00","2025/05/03 14:08:24",TAS1,1,-0.06100000,1,0.02180565,1
D,FPP,REGION_FREQ_MEASURE,1,"2025/05/03 14:10:00","2025/05/03 14:08:24",VIC1,1,-0.02900000,1,0.02037584,1
D,FPP,REGION_FREQ_MEASURE,1,"2025/05/03 14:10:00","2025/05/03 14:08:28",NSW1,1,-0.02600000,1,0.02455575,1
D,FPP,REGION_FREQ_MEASURE,1,"2025/05/03 14:10:00","2025/05/03 14:08:28",QLD1,1,-0.03100000,1,0.02570644,1
D,FPP,REGION_FREQ_MEASURE,1,"2025/05/03 14:10:00","2025/05/03 14:08:28",SA1,1,-0.03400000,1,0.02504399,1
D,FPP,REGION_FREQ_MEASURE,1,"2025/05/03 14:10:00","2025/05/03 14:08:28",TAS1,1,-0.05600000,1,0.02940439,1
D,FPP,REGION_FREQ_MEASURE,1,"2025/05/03 14:10:00","2025/05/03 14:08:28",VIC1,1,-0.02900000,1,0.02229232,1
D,FPP,REGION_FREQ_MEASURE,1,"2025/05/03 14:10:00","2025/05/03 14:08:32",NSW1,1,-0.03300000,1,0.02643225,1
D,FPP,REGION_FREQ_MEASURE,1,"2025/05/03 14:10:00","2025/05/03 14:08:32",QLD1,1,-0.03100000,1,0.02688279,1
D,FPP,REGION_FREQ_MEASURE,1,"2025/05/03 14:10:00","2025/05/03 14:08:32",SA1,1,-0.03000000,1,0.02614533,1
D,FPP,REGION_FREQ_MEASURE,1,"2025/05/03 14:10:00","2025/05/03 14:08:32",TAS1,1,-0.02300000,1,0.02798119,1
D,FPP,REGION_FREQ_MEASURE,1,"2025/05/03 14:10:00","2025/05/03 14:08:32",VIC1,1,-0.03100000,1,0.02422736,1
D,FPP,REGION_FREQ_MEASURE,1,"2025/05/03 14:10:00","2025/05/03 14:08:36",NSW1,1,-0.02700000,1,0.02655842,1
D,FPP,REGION_FREQ_MEASURE,1,"2025/05/03 14:10:00","2025/05/03 14:08:36",QLD1,1,-0.02700000,1,0.02690884,1
D,FPP,REGION_FREQ_MEASURE,1,"2025/05/03 14:10:00","2025/05/03 14:08:36",SA1,1,-0.02000000,1,0.02477970,1
D,FPP,REGION_FREQ_MEASURE,1,"2025/05/03 14:10:00","2025/05/03 14:08:36",TAS1,1,0.01400000,1,0.01865204,1
D,FPP,REGION_FREQ_MEASURE,1,"2025/05/03 14:10:00","2025/05/03 14:08:36",VIC1,1,-0.02400000,1,0.02417684,1
D,FPP,REGION_FREQ_MEASURE,1,"2025/05/03 14:10:00","2025/05/03 14:08:40",NSW1,1,-0.03200000,1,0.02776766,1
D,FPP,REGION_FREQ_MEASURE,1,"2025/05/03 14:10:00","2025/05/03 14:08:40",QLD1,1,-0.03200000,1,0.02804021,1
D,FPP,REGION_FREQ_MEASURE,1,"2025/05/03 14:10:00","2025/05/03 14:08:40",SA1,1,-0.03000000,1,0.02593977,1
D,FPP,REGION_FREQ_MEASURE,1,"2025/05/03 14:10:00","2025/05/03 14:08:40",TAS1,1,0.02700000,1,0.00850714,0
D,FPP,REGION_FREQ_MEASURE,1,"2025/05/03 14:10:00","2025/05/03 14:08:40",VIC1,1,-0.03200000,1,0.02591532,1
D,FPP,REGION_FREQ_MEASURE,1,"2025/05/03 14:10:00","2025/05/03 14:08:44",NSW1,1,-0.02900000,1,0.02804151,1
D,FPP,REGION_FREQ_MEASURE,1,"2025/05/03 14:10:00","2025/05/03 14:08:44",QLD1,1,-0.03200000,1,0.02892016,1
D,FPP,REGION_FREQ_MEASURE,1,"2025/05/03 14:10:00","2025/05/03 14:08:44",SA1,1,-0.02500000,1,0.02573093,1
D,FPP,REGION_FREQ_MEASURE,1,"2025/05/03 14:10:00","2025/05/03 14:08:44",TAS1,1,0.01600000,1,0.00306111,0
D,FPP,REGION_FREQ_MEASURE,1,"2025/05/03 14:10:00","2025/05/03 14:08:44",VIC1,1,-0.02600000,1,0.02593414,1
D,FPP,REGION_FREQ_MEASURE,1,"2025/05/03 14:10:00","2025/05/03 14:08:48",NSW1,1,-0.02200000,1,0.02669895,1
D,FPP,REGION_FREQ_MEASURE,1,"2025/05/03 14:10:00","2025/05/03 14:08:48",QLD1,1,-0.02300000,1,0.02760457,1
D,FPP,REGION_FREQ_MEASURE,1,"2025/05/03 14:10:00","2025/05/03 14:08:48",SA1,1,-0.03200000,1,0.02712406,1
D,FPP,REGION_FREQ_MEASURE,1,"2025/05/03 14:10:00","2025/05/03 14:08:48",TAS1,1,-0.00100000,1,0.00260309,1
D,FPP,REGION_FREQ_MEASURE,1,"2025/05/03 14:10:00","2025/05/03 14:08:48",VIC1,1,-0.03200000,1,0.02728211,1
D,FPP,REGION_FREQ_MEASURE,1,"2025/05/03 14:10:00","2025/05/03 14:08:52",NSW1,1,-0.02300000,1,0.02587696,1
D,FPP,REGION_FREQ_MEASURE,1,"2025/05/03 14:10:00","2025/05/03 14:08:52",QLD1,1,-0.02300000,1,0.02658133,1
D,FPP,REGION_FREQ_MEASURE,1,"2025/05/03 14:10:00","2025/05/03 14:08:52",SA1,1,-0.03900000,1,0.02976316,1
D,FPP,REGION_FREQ_MEASURE,1,"2025/05/03 14:10:00","2025/05/03 14:08:52",TAS1,1,-0.00300000,1,0.00269129,1
D,FPP,REGION_FREQ_MEASURE,1,"2025/05/03 14:10:00","2025/05/03 14:08:52",VIC1,1,-0.03000000,1,0.02788609,1
D,FPP,REGION_FREQ_MEASURE,1,"2025/05/03 14:10:00","2025/05/03 14:08:56",NSW1,1,-0.02600000,1,0.02590430,1
D,FPP,REGION_FREQ_MEASURE,1,"2025/05/03 14:10:00","2025/05/03 14:08:56",QLD1,1,-0.02700000,1,0.02667437,1
D,FPP,REGION_FREQ_MEASURE,1,"2025/05/03 14:10:00","2025/05/03 14:08:56",SA1,1,-0.02400000,1,0.02848246,1
D,FPP,REGION_FREQ_MEASURE,1,"2025/05/03 14:10:00","2025/05/03 14:08:56",TAS1,1,0.00300000,1,0.00142656,1
D,FPP,REGION_FREQ_MEASURE,1,"2025/05/03 14:10:00","2025/05/03 14:08:56",VIC1,1,-0.02500000,1,0.02724474,1
D,FPP,REGION_FREQ_MEASURE,1,"2025/05/03 14:10:00","2025/05/03 14:09:00",NSW1,1,-0.02500000,1,0.02570334,1
D,FPP,REGION_FREQ_MEASURE,1,"2025/05/03 14:10:00","2025/05/03 14:09:00",QLD1,1,-0.01900000,1,0.02496895,1
D,FPP,REGION_FREQ_MEASURE,1,"2025/05/03 14:10:00","2025/05/03 14:09:00",SA1,1,-0.02500000,1,0.02770858,1
D,FPP,REGION_FREQ_MEASURE,1,"2025/05/03 14:10:00","2025/05/03 14:09:00",TAS1,1,-0.01300000,1,0.00399844,1
D,FPP,REGION_FREQ_MEASURE,1,"2025/05/03 14:10:00","2025/05/03 14:09:00",VIC1,1,-0.02300000,1,0.02630146,1
D,FPP,REGION_FREQ_MEASURE,1,"2025/05/03 14:10:00","2025/05/03 14:09:04",NSW1,1,-0.02700000,1,0.02599149,1
D,FPP,REGION_FREQ_MEASURE,1,"2025/05/03 14:10:00","2025/05/03 14:09:04",QLD1,1,-0.02400000,1,0.02475363,1
D,FPP,REGION_FREQ_MEASURE,1,"2025/05/03 14:10:00","2025/05/03 14:09:04",SA1,1,-0.02300000,1,0.02666223,1
D,FPP,REGION_FREQ_MEASURE,1,"2025/05/03 14:10:00","2025/05/03 14:09:04",TAS1,1,-0.03400000,1,0.01066545,1
D,FPP,REGION_FREQ_MEASURE,1,"2025/05/03 14:10:00","2025/05/03 14:09:04",VIC1,1,-0.02500000,1,0.02601225,1
D,FPP,REGION_FREQ_MEASURE,1,"2025/05/03 14:10:00","2025/05/03 14:09:08",NSW1,1,-0.03000000,1,0.02688227,1
D,FPP,REGION_FREQ_MEASURE,1,"2025/05/03 14:10:00","2025/05/03 14:09:08",QLD1,1,-0.02600000,1,0.02503060,1
D,FPP,REGION_FREQ_MEASURE,1,"2025/05/03 14:10:00","2025/05/03 14:09:08",SA1,1,-0.02700000,1,0.02673729,1
D,FPP,REGION_FREQ_MEASURE,1,"2025/05/03 14:10:00","2025/05/03 14:09:08",TAS1,1,-0.07800000,1,0.02562868,1
D,FPP,REGION_FREQ_MEASURE,1,"2025/05/03 14:10:00","2025/05/03 14:09:08",VIC1,1,-0.02400000,1,0.02556508,1
D,FPP,REGION_FREQ_MEASURE,1,"2025/05/03 14:10:00","2025/05/03 14:09:12",NSW1,1,-0.03500000,1,0.02868621,1
D,FPP,REGION_FREQ_MEASURE,1,"2025/05/03 14:10:00","2025/05/03 14:09:12",QLD1,1,-0.03400000,1,0.02702380,1
D,FPP,REGION_FREQ_MEASURE,1,"2025/05/03 14:10:00","2025/05/03 14:09:12",SA1,1,-0.02700000,1,0.02679567,1
D,FPP,REGION_FREQ_MEASURE,1,"2025/05/03 14:10:00","2025/05/03 14:09:12",TAS1,1,-0.06300000,1,0.03393342,1
D,FPP,REGION_FREQ_MEASURE,1,"2025/05/03 14:10:00","2025/05/03 14:09:12",VIC1,1,-0.02600000,1,0.02566173,1
D,FPP,REGION_FREQ_MEASURE,1,"2025/05/03 14:10:00","2025/05/03 14:09:16",NSW1,1,-0.03400000,1,0.02986705,1
D,FPP,REGION_FREQ_MEASURE,1,"2025/05/03 14:10:00","2025/05/03 14:09:16",QLD1,1,-0.03400000,1,0.02857407,1
D,FPP,REGION_FREQ_MEASURE,1,"2025/05/03 14:10:00","2025/05/03 14:09:16",SA1,1,-0.03300000,1,0.02817441,1
D,FPP,REGION_FREQ_MEASURE,1,"2025/05/03 14:10:00","2025/05/03 14:09:16",TAS1,1,-0.03400000,1,0.03394822,1
D,FPP,REGION_FREQ_MEASURE,1,"2025/05/03 14:10:00","2025/05/03 14:09:16",VIC1,1,-0.03100000,1,0.02684801,1
D,FPP,REGION_FREQ_MEASURE,1,"2025/05/03 14:10:00","2025/05/03 14:09:20",NSW1,1,-0.03200000,1,0.03034104,1
D,FPP,REGION_FREQ_MEASURE,1,"2025/05/03 14:10:00","2025/05/03 14:09:20",QLD1,1,-0.03300000,1,0.02955761,1
D,FPP,REGION_FREQ_MEASURE,1,"2025/05/03 14:10:00","2025/05/03 14:09:20",SA1,1,-0.03600000,1,0.02991343,1
D,FPP,REGION_FREQ_MEASURE,1,"2025/05/03 14:10:00","2025/05/03 14:09:20",TAS1,1,-0.01200000,1,0.02907084,1
D,FPP,REGION_FREQ_MEASURE,1,"2025/05/03 14:10:00","2025/05/03 14:09:20",VIC1,1,-0.03600000,1,0.02888179,1
D,FPP,REGION_FREQ_MEASURE,1,"2025/05/03 14:10:00","2025/05/03 14:09:24",NSW1,1,-0.03400000,1,0.03115414,1
D,FPP,REGION_FREQ_MEASURE,1,"2025/05/03 14:10:00","2025/05/03 14:09:24",QLD1,1,-0.03700000,1,0.03121147,1
D,FPP,REGION_FREQ_MEASURE,1,"2025/05/03 14:10:00","2025/05/03 14:09:24",SA1,1,-0.03400000,1,0.03082156,1
D,FPP,REGION_FREQ_MEASURE,1,"2025/05/03 14:10:00","2025/05/03 14:09:24",TAS1,1,0.00400000,1,0.02172176,1
D,FPP,REGION_FREQ_MEASURE,1,"2025/05/03 14:10:00","2025/05/03 14:09:24",VIC1,1,-0.03600000,1,0.03046361,1
D,FPP,REGION_FREQ_MEASURE,1,"2025/05/03 14:10:00","2025/05/03 14:09:28",NSW1,1,-0.02400000,1,0.02956433,1
D,FPP,REGION_FREQ_MEASURE,1,"2025/05/03 14:10:00","2025/05/03 14:09:28",QLD1,1,-0.02300000,1,0.02938670,1
D,FPP,REGION_FREQ_MEASURE,1,"2025/05/03 14:10:00","2025/05/03 14:09:28",SA1,1,-0.03700000,1,0.03219455,1
D,FPP,REGION_FREQ_MEASURE,1,"2025/05/03 14:10:00","2025/05/03 14:09:28",TAS1,1,-0.01100000,1,0.01933915,1
D,FPP,REGION_FREQ_MEASURE,1,"2025/05/03 14:10:00","2025/05/03 14:09:28",VIC1,1,-0.03200000,1,0.03080503,1
D,FPP,REGION_FREQ_MEASURE,1,"2025/05/03 14:10:00","2025/05/03 14:09:32",NSW1,1,-0.02600000,1,0.02877226,1
D,FPP,REGION_FREQ_MEASURE,1,"2025/05/03 14:10:00","2025/05/03 14:09:32",QLD1,1,-0.03000000,1,0.02952299,1
D,FPP,REGION_FREQ_MEASURE,1,"2025/05/03 14:10:00","2025/05/03 14:09:32",SA1,1,-0.02900000,1,0.03148465,1
D,FPP,REGION_FREQ_MEASURE,1,"2025/05/03 14:10:00","2025/05/03 14:09:32",TAS1,1,-0.02200000,1,0.01993045,1
D,FPP,REGION_FREQ_MEASURE,1,"2025/05/03 14:10:00","2025/05/03 14:09:32",VIC1,1,-0.03500000,1,0.03173725,1
D,FPP,REGION_FREQ_MEASURE,1,"2025/05/03 14:10:00","2025/05/03 14:09:36",NSW1,1,-0.02300000,1,0.02748954,1
D,FPP,REGION_FREQ_MEASURE,1,"2025/05/03 14:10:00","2025/05/03 14:09:36",QLD1,1,-0.02600000,1,0.02874010,1
D,FPP,REGION_FREQ_MEASURE,1,"2025/05/03 14:10:00","2025/05/03 14:09:36",SA1,1,-0.02700000,1,0.03048806,1
D,FPP,REGION_FREQ_MEASURE,1,"2025/05/03 14:10:00","2025/05/03 14:09:36",TAS1,1,0.00000000,1,0.01550146,1
D,FPP,REGION_FREQ_MEASURE,1,"2025/05/03 14:10:00","2025/05/03 14:09:36",VIC1,1,-0.02500000,1,0.03024008,1
D,FPP,REGION_FREQ_MEASURE,1,"2025/05/03 14:10:00","2025/05/03 14:09:40",NSW1,1,-0.02100000,1,0.02604742,1
D,FPP,REGION_FREQ_MEASURE,1,"2025/05/03 14:10:00","2025/05/03 14:09:40",QLD1,1,-0.02000000,1,0.02679786,1
D,FPP,REGION_FREQ_MEASURE,1,"2025/05/03 14:10:00","2025/05/03 14:09:40",SA1,1,-0.02700000,1,0.02971294,1
D,FPP,REGION_FREQ_MEASURE,1,"2025/05/03 14:10:00","2025/05/03 14:09:40",TAS1,1,-0.00500000,1,0.01316780,1
D,FPP,REGION_FREQ_MEASURE,1,"2025/05/03 14:10:00","2025/05/03 14:09:40",VIC1,1,-0.02800000,1,0.02974228,1
D,FPP,REGION_FREQ_MEASURE,1,"2025/05/03 14:10:00","2025/05/03 14:09:44",NSW1,1,-0.01800000,1,0.02425910,1
D,FPP,REGION_FREQ_MEASURE,1,"2025/05/03 14:10:00","2025/05/03 14:09:44",QLD1,1,-0.01700000,1,0.02462056,1
D,FPP,REGION_FREQ_MEASURE,1,"2025/05/03 14:10:00","2025/05/03 14:09:44",SA1,1,-0.03300000,1,0.03044340,1
D,FPP,REGION_FREQ_MEASURE,1,"2025/05/03 14:10:00","2025/05/03 14:09:44",TAS1,1,-0.00700000,1,0.01179718,1
D,FPP,REGION_FREQ_MEASURE,1,"2025/05/03 14:10:00","2025/05/03 14:09:44",VIC1,1,-0.02800000,1,0.02935511,1
D,FPP,REGION_FREQ_MEASURE,1,"2025/05/03 14:10:00","2025/05/03 14:09:48",NSW1,1,-0.02000000,1,0.02331263,1
D,FPP,REGION_FREQ_MEASURE,1,"2025/05/03 14:10:00","2025/05/03 14:09:48",QLD1,1,-0.01800000,1,0.02314932,1
D,FPP,REGION_FREQ_MEASURE,1,"2025/05/03 14:10:00","2025/05/03 14:09:48",SA1,1,-0.02000000,1,0.02812264,1
D,FPP,REGION_FREQ_MEASURE,1,"2025/05/03 14:10:00","2025/05/03 14:09:48",TAS1,1,-0.03000000,1,0.01584225,1
D,FPP,REGION_FREQ_MEASURE,1,"2025/05/03 14:10:00","2025/05/03 14:09:48",VIC1,1,-0.02100000,1,0.02749842,1
D,FPP,REGION_FREQ_MEASURE,1,"2025/05/03 14:10:00","2025/05/03 14:09:52",NSW1,1,-0.02000000,1,0.02257649,1
D,FPP,REGION_FREQ_MEASURE,1,"2025/05/03 14:10:00","2025/05/03 14:09:52",QLD1,1,-0.02000000,1,0.02244947,1
D,FPP,REGION_FREQ_MEASURE,1,"2025/05/03 14:10:00","2025/05/03 14:09:52",SA1,1,-0.02300000,1,0.02698428,1
D,FPP,REGION_FREQ_MEASURE,1,"2025/05/03 14:10:00","2025/05/03 14:09:52",TAS1,1,-0.03800000,1,0.02076619,1
D,FPP,REGION_FREQ_MEASURE,1,"2025/05/03 14:10:00","2025/05/03 14:09:52",VIC1,1,-0.01700000,1,0.02516544,1
D,FPP,REGION_FREQ_MEASURE,1,"2025/05/03 14:10:00","2025/05/03 14:09:56",NSW1,1,-0.02600000,1,0.02333727,1
D,FPP,REGION_FREQ_MEASURE,1,"2025/05/03 14:10:00","2025/05/03 14:09:56",QLD1,1,-0.02500000,1,0.02301625,1
D,FPP,REGION_FREQ_MEASURE,1,"2025/05/03 14:10:00","2025/05/03 14:09:56",SA1,1,-0.02100000,1,0.02565444,1
D,FPP,REGION_FREQ_MEASURE,1,"2025/05/03 14:10:00","2025/05/03 14:09:56",TAS1,1,-0.03000000,1,0.02281815,1
D,FPP,REGION_FREQ_MEASURE,1,"2025/05/03 14:10:00","2025/05/03 14:09:56",VIC1,1,-0.01900000,1,0.02379534,1
D,FPP,REGION_FREQ_MEASURE,1,"2025/05/03 14:10:00","2025/05/03 14:10:00",NSW1,1,-0.02300000,1,0.02326232,1
D,FPP,REGION_FREQ_MEASURE,1,"2025/05/03 14:10:00","2025/05/03 14:10:00",QLD1,1,-0.02200000,1,0.02279042,1
D,FPP,REGION_FREQ_MEASURE,1,"2025/05/03 14:10:00","2025/05/03 14:10:00",SA1,1,-0.02100000,1,0.02462012,1
D,FPP,REGION_FREQ_MEASURE,1,"2025/05/03 14:10:00","2025/05/03 14:10:00",TAS1,1,-0.03200000,1,0.02485856,1
D,FPP,REGION_FREQ_MEASURE,1,"2025/05/03 14:10:00","2025/05/03 14:10:00",VIC1,1,-0.01900000,1,0.02272971,1
I,FPP,RESIDUAL_CF,1,INTERVAL_DATETIME,CONSTRAINTID,VERSIONNO,BIDTYPE,RESIDUAL_CF,NEGATIVE_RESIDUAL_CF,RESIDUAL_DCF,RESIDUAL_CF_REASON_FLAG,CF_ABS_POSITIVE_PERF_TOTAL,CF_ABS_NEGATIVE_PERF_TOTAL,NCF_ABS_NEGATIVE_PERF_TOTAL
D,FPP,RESIDUAL_CF,1,"2025/05/03 14:10:00",F_MAIN++APD_TL_L5,1,LOWERREG,0.00000000,0.00000000,-0.28196824,8,0.00000,0.00000,0.00000
D,FPP,RESIDUAL_CF,1,"2025/05/03 14:10:00",F_T+LREG_0050,1,LOWERREG,-0.34129033,-0.34129033,-0.22422379,0,0.97892,6.81748,6.81748
D,FPP,RESIDUAL_CF,1,"2025/05/03 14:10:00",F_T+RREG_0050,1,RAISEREG,0.32403441,0.00000000,-0.32144596,0,38.90164,3.88461,3.88461
D,FPP,RESIDUAL_CF,1,"2025/05/03 14:10:00",F_TASCAP_RREG_0220,1,RAISEREG,-0.08778918,-0.08778918,-0.24320973,0,708.10751,755.10401,755.10401
I,FPP,RESIDUAL_PERFORMANCE,1,INTERVAL_DATETIME,REGIONID,VERSIONNO,RAISE_PERFORMANCE,RAISE_REASON_FLAG,LOWER_PERFORMANCE,LOWER_REASON_FLAG
D,FPP,RESIDUAL_PERFORMANCE,1,"2025/05/03 14:10:00",NSW1,1,-52.66894,0,,8
D,FPP,RESIDUAL_PERFORMANCE,1,"2025/05/03 14:10:00",QLD1,1,16.53036,0,,8
D,FPP,RESIDUAL_PERFORMANCE,1,"2025/05/03 14:10:00",SA1,1,-1.38364,0,,8
D,FPP,RESIDUAL_PERFORMANCE,1,"2025/05/03 14:10:00",TAS1,1,12.60547,0,-2.32674,0
D,FPP,RESIDUAL_PERFORMANCE,1,"2025/05/03 14:10:00",VIC1,1,-28.76774,0,,8
I,FPP,FPP_RUN,1,INTERVAL_DATETIME,VERSIONNO,FPPRUN_DATETIME,RUN_STATUS,AUTHORISED_DATETIME
D,FPP,FPP_RUN,1,"2025/05/03 14:10:00",1,"2025/05/03 14:10:00",Completed,"2025/05/03 14:13:10"
C,"END OF REPORT",702
