C,SETP.WORLD,FPP_RUN,AEMO,PUBLIC,2025/05/03,10:18:50,0000000461703901,FPP,0000000461703901
I,FPP,CONSTRAINT_FREQ_MEASURE,1,INTERVAL_DATETIME,MEASUREMENT_DATETIME,CONSTRAINTID,VERSIONNO,BIDTYPE,FM_RAISE_HZ,FM_LOWER_HZ,USED_IN_RCR_FLAG,CORRELATION_FLAG
D,FPP,CONSTRAINT_FREQ_MEASURE,1,"2025/05/03 10:15:00","2025/05/03 10:10:04",F_MAIN++LREG_0210,1,LOWERREG,0.00000000,-0.03703408,1,0
D,FPP,CONSTRAINT_FREQ_MEASURE,1,"2025/05/03 10:15:00","2025/05/03 10:10:04",F_T+LREG_0050,1,LOWERREG,0.01498920,0.00000000,1,0
D,FPP,CONSTRAINT_FREQ_MEASURE,1,"2025/05/03 10:15:00","2025/05/03 10:10:04",F_T+RREG_0050,1,RAISEREG,0.01498920,0.00000000,1,0
D,FPP,CONSTRAINT_FREQ_MEASURE,1,"2025/05/03 10:15:00","2025/05/03 10:10:04",F_TASCAP_RREG_0220,1,RAISEREG,0.00000000,-0.03703408,1,0
D,FPP,CONSTRAINT_FREQ_MEASURE,1,"2025/05/03 10:15:00","2025/05/03 10:10:08",F_MAIN++LREG_0210,1,LOWERREG,0.00000000,-0.03634506,1,0
D,FPP,CONSTRAINT_FREQ_MEASURE,1,"2025/05/03 10:15:00","2025/05/03 10:10:08",F_T+LREG_0050,1,LOWERREG,0.00000000,-0.00523062,1,0
D,FPP,CONSTRAINT_FREQ_MEASURE,1,"2025/05/03 10:15:00","2025/05/03 10:10:08",F_T+RREG_0050,1,RAISEREG,0.00000000,-0.00523062,1,0
D,FPP,CONSTRAINT_FREQ_MEASURE,1,"2025/05/03 10:15:00","2025/05/03 10:10:08",F_TASCAP_RREG_0220,1,RAISEREG,0.00000000,-0.03634506,1,0
D,FPP,CONSTRAINT_FREQ_MEASURE,1,"2025/05/03 10:15:00","2025/05/03 10:10:12",F_MAIN++LREG_0210,1,LOWERREG,0.00000000,-0.03596970,1,0
D,FPP,CONSTRAINT_FREQ_MEASURE,1,"2025/05/03 10:15:00","2025/05/03 10:10:12",F_T+LREG_0050,1,LOWERREG,0.00000000,-0.02273493,1,0
D,FPP,CONSTRAINT_FREQ_MEASURE,1,"2025/05/03 10:15:00","2025/05/03 10:10:12",F_T+RREG_0050,1,RAISEREG,0.00000000,-0.02273493,1,0
D,FPP,CONSTRAINT_FREQ_MEASURE,1,"2025/05/03 10:15:00","2025/05/03 10:10:12",F_TASCAP_RREG_0220,1,RAISEREG,0.00000000,-0.03596970,1,0
D,FPP,CONSTRAINT_FREQ_MEASURE,1,"2025/05/03 10:15:00","2025/05/03 10:10:16",F_MAIN++LREG_0210,1,LOWERREG,0.00000000,-0.03512684,1,0
D,FPP,CONSTRAINT_FREQ_MEASURE,1,"2025/05/03 10:15:00","2025/05/03 10:10:16",F_T+LREG_0050,1,LOWERREG,0.00000000,-0.03257161,1,0
D,FPP,CONSTRAINT_FREQ_MEASURE,1,"2025/05/03 10:15:00","2025/05/03 10:10:16",F_T+RREG_0050,1,RAISEREG,0.00000000,-0.03257161,1,0
D,FPP,CONSTRAINT_FREQ_MEASURE,1,"2025/05/03 10:15:00","2025/05/03 10:10:16",F_TASCAP_RREG_0220,1,RAISEREG,0.00000000,-0.03512684,1,0
D,FPP,CONSTRAINT_FREQ_MEASURE,1,"2025/05/03 10:15:00","2025/05/03 10:10:20",F_MAIN++LREG_0210,1,LOWERREG,0.00000000,-0.03501719,1,0
D,FPP,CONSTRAINT_FREQ_MEASURE,1,"2025/05/03 10:15:00","2025/05/03 10:10:20",F_T+LREG_0050,1,LOWERREG,0.00000000,-0.03000014,1,0
D,FPP,CONSTRAINT_FREQ_MEASURE,1,"2025/05/03 10:15:00","2025/05/03 10:10:20",F_T+RREG_0050,1,RAISEREG,0.00000000,-0.03000014,1,0
D,FPP,CONSTRAINT_FREQ_MEASURE,1,"2025/05/03 10:15:00","2025/05/03 10:10:20",F_TASCAP_RREG_0220,1,RAISEREG,0.00000000,-0.03501719,1,0
D,FPP,CONSTRAINT_FREQ_MEASURE,1,"2025/05/03 10:15:00","2025/05/03 10:10:24",F_MAIN++LREG_0210,1,LOWERREG,0.00000000,-0.03471696,1,0
D,FPP,CONSTRAINT_FREQ_MEASURE,1,"2025/05/03 10:15:00","2025/05/03 10:10:24",F_T+LREG_0050,1,LOWERREG,0.00000000,-0.02733344,1,0
D,FPP,CONSTRAINT_FREQ_MEASURE,1,"2025/05/03 10:15:00","2025/05/03 10:10:24",F_T+RREG_0050,1,RAISEREG,0.00000000,-0.02733344,1,0
D,FPP,CONSTRAINT_FREQ_MEASURE,1,"2025/05/03 10:15:00","2025/05/03 10:10:24",F_TASCAP_RREG_0220,1,RAISEREG,0.00000000,-0.03471696,1,0
D,FPP,CONSTRAINT_FREQ_MEASURE,1,"2025/05/03 10:15:00","2025/05/03 10:10:28",F_MAIN++LREG_0210,1,LOWERREG,0.00000000,-0.03388963,1,0
D,FPP,CONSTRAINT_FREQ_MEASURE,1,"2025/05/03 10:15:00","2025/05/03 10:10:28",F_T+LREG_0050,1,LOWERREG,0.00000000,-0.03237045,1,0
D,FPP,CONSTRAINT_FREQ_MEASURE,1,"2025/05/03 10:15:00","2025/05/03 10:10:28",F_T+RREG_0050,1,RAISEREG,0.00000000,-0.03237045,1,0
D,FPP,CONSTRAINT_FREQ_MEASURE,1,"2025/05/03 10:15:00","2025/05/03 10:10:28",F_TASCAP_RREG_0220,1,RAISEREG,0.00000000,-0.03388963,1,0
D,FPP,CONSTRAINT_FREQ_MEASURE,1,"2025/05/03 10:15:00","2025/05/03 10:10:32",F_MAIN++LREG_0210,1,LOWERREG,0.00000000,-0.03486787,1,0
D,FPP,CONSTRAINT_FREQ_MEASURE,1,"2025/05/03 10:15:00","2025/05/03 10:10:32",F_T+LREG_0050,1,LOWERREG,0.00000000,-0.03317702,1,0
D,FPP,CONSTRAINT_FREQ_MEASURE,1,"2025/05/03 10:15:00","2025/05/03 10:10:32",F_T+RREG_0050,1,RAISEREG,0.00000000,-0.03317702,1,0
D,FPP,CONSTRAINT_FREQ_MEASURE,1,"2025/05/03 10:15:00","2025/05/03 10:10:32",F_TASCAP_RREG_0220,1,RAISEREG,0.00000000,-0.03486787,1,0
D,FPP,CONSTRAINT_FREQ_MEASURE,1,"2025/05/03 10:15:00","2025/05/03 10:10:36",F_MAIN++LREG_0210,1,LOWERREG,0.00000000,-0.03268421,1,0
D,FPP,CONSTRAINT_FREQ_MEASURE,1,"2025/05/03 10:15:00","2025/05/03 10:10:36",F_T+LREG_0050,1,LOWERREG,0.00000000,-0.03002657,1,0
D,FPP,CONSTRAINT_FREQ_MEASURE,1,"2025/05/03 10:15:00","2025/05/03 10:10:36",F_T+RREG_0050,1,RAISEREG,0.00000000,-0.03002657,1,0
D,FPP,CONSTRAINT_FREQ_MEASURE,1,"2025/05/03 10:15:00","2025/05/03 10:10:36",F_TASCAP_RREG_0220,1,RAISEREG,0.00000000,-0.03268421,1,0
D,FPP,CONSTRAINT_FREQ_MEASURE,1,"2025/05/03 10:15:00","2025/05/03 10:10:40",F_MAIN++LREG_0210,1,LOWERREG,0.00000000,-0.02885728,1,0
D,FPP,CONSTRAINT_FREQ_MEASURE,1,"2025/05/03 10:15:00","2025/05/03 10:10:40",F_T+LREG_0050,1,LOWERREG,0.00000000,-0.03024289,1,0
D,FPP,CONSTRAINT_FREQ_MEASURE,1,"2025/05/03 10:15:00","2025/05/03 10:10:40",F_T+RREG_0050,1,RAISEREG,0.00000000,-0.03024289,1,0
D,FPP,CONSTRAINT_FREQ_MEASURE,1,"2025/05/03 10:15:00","2025/05/03 10:10:40",F_TASCAP_RREG_0220,1,RAISEREG,0.00000000,-0.02885728,1,0
D,FPP,CONSTRAINT_FREQ_MEASURE,1,"2025/05/03 10:15:00","2025/05/03 10:10:44",F_MAIN++LREG_0210,1,LOWERREG,0.00000000,-0.02638151,1,0
D,FPP,CONSTRAINT_FREQ_MEASURE,1,"2025/05/03 10:15:00","2025/05/03 10:10:44",F_T+LREG_0050,1,LOWERREG,0.00000000,-0.02663336,1,0
D,FPP,CONSTRAINT_FREQ_MEASURE,1,"2025/05/03 10:15:00","2025/05/03 10:10:44",F_T+RREG_0050,1,RAISEREG,0.00000000,-0.02663336,1,0
D,FPP,CONSTRAINT_FREQ_MEASURE,1,"2025/05/03 10:15:00","2025/05/03 10:10:44",F_TASCAP_RREG_0220,1,RAISEREG,0.00000000,-0.02638151,1,0
D,FPP,CONSTRAINT_FREQ_MEASURE,1,"2025/05/03 10:15:00","2025/05/03 10:10:48",F_MAIN++LREG_0210,1,LOWERREG,0.00000000,-0.02348798,1,0
D,FPP,CONSTRAINT_FREQ_MEASURE,1,"2025/05/03 10:15:00","2025/05/03 10:10:48",F_T+LREG_0050,1,LOWERREG,0.00000000,-0.01382595,1,0
D,FPP,CONSTRAINT_FREQ_MEASURE,1,"2025/05/03 10:15:00","2025/05/03 10:10:48",F_T+RREG_0050,1,RAISEREG,0.00000000,-0.01382595,1,0
D,FPP,CONSTRAINT_FREQ_MEASURE,1,"2025/05/03 10:15:00","2025/05/03 10:10:48",F_TASCAP_RREG_0220,1,RAISEREG,0.00000000,-0.02348798,1,0
D,FPP,CONSTRAINT_FREQ_MEASURE,1,"2025/05/03 10:15:00","2025/05/03 10:10:52",F_MAIN++LREG_0210,1,LOWERREG,0.00000000,-0.02106318,1,0
D,FPP,CONSTRAINT_FREQ_MEASURE,1,"2025/05/03 10:15:00","2025/05/03 10:10:52",F_T+LREG_0050,1,LOWERREG,0.00324648,0.00000000,1,0
D,FPP,CONSTRAINT_FREQ_MEASURE,1,"2025/05/03 10:15:00","2025/05/03 10:10:52",F_T+RREG_0050,1,RAISEREG,0.00324648,0.00000000,1,0
D,FPP,CONSTRAINT_FREQ_MEASURE,1,"2025/05/03 10:15:00","2025/05/03 10:10:52",F_TASCAP_RREG_0220,1,RAISEREG,0.00000000,-0.02106318,1,0
D,FPP,CONSTRAINT_FREQ_MEASURE,1,"2025/05/03 10:15:00","2025/05/03 10:10:56",F_MAIN++LREG_0210,1,LOWERREG,0.00000000,-0.01899354,1,0
D,FPP,CONSTRAINT_FREQ_MEASURE,1,"2025/05/03 10:15:00","2025/05/03 10:10:56",F_T+LREG_0050,1,LOWERREG,0.01808060,0.00000000,1,0
D,FPP,CONSTRAINT_FREQ_MEASURE,1,"2025/05/03 10:15:00","2025/05/03 10:10:56",F_T+RREG_0050,1,RAISEREG,0.01808060,0.00000000,1,0
D,FPP,CONSTRAINT_FREQ_MEASURE,1,"2025/05/03 10:15:00","2025/05/03 10:10:56",F_TASCAP_RREG_0220,1,RAISEREG,0.00000000,-0.01899354,1,0
D,FPP,CONSTRAINT_FREQ_MEASURE,1,"2025/05/03 10:15:00","2025/05/03 10:11:00",F_MAIN++LREG_0210,1,LOWERREG,0.00000000,-0.01742028,1,0
D,FPP,CONSTRAINT_FREQ_MEASURE,1,"2025/05/03 10:15:00","2025/05/03 10:11:00",F_T+LREG_0050,1,LOWERREG,0.03339602,0.00000000,1,0
D,FPP,CONSTRAINT_FREQ_MEASURE,1,"2025/05/03 10:15:00","2025/05/03 10:11:00",F_T+RREG_0050,1,RAISEREG,0.03339602,0.00000000,1,0
D,FPP,CONSTRAINT_FREQ_MEASURE,1,"2025/05/03 10:15:00","2025/05/03 10:11:00",F_TASCAP_RREG_0220,1,RAISEREG,0.00000000,-0.01742028,1,0
D,FPP,CONSTRAINT_FREQ_MEASURE,1,"2025/05/03 10:15:00","2025/05/03 10:11:04",F_MAIN++LREG_0210,1,LOWERREG,0.00000000,-0.01499229,1,0
D,FPP,CONSTRAINT_FREQ_MEASURE,1,"2025/05/03 10:15:00","2025/05/03 10:11:04",F_T+LREG_0050,1,LOWERREG,0.04708579,0.00000000,1,0
D,FPP,CONSTRAINT_FREQ_MEASURE,1,"2025/05/03 10:15:00","2025/05/03 10:11:04",F_T+RREG_0050,1,RAISEREG,0.04708579,0.00000000,1,0
D,FPP,CONSTRAINT_FREQ_MEASURE,1,"2025/05/03 10:15:00","2025/05/03 10:11:04",F_TASCAP_RREG_0220,1,RAISEREG,0.00000000,-0.01499229,1,0
D,FPP,CONSTRAINT_FREQ_MEASURE,1,"2025/05/03 10:15:00","2025/05/03 10:11:08",F_MAIN++LREG_0210,1,LOWERREG,0.00000000,-0.01168748,1,0
D,FPP,CONSTRAINT_FREQ_MEASURE,1,"2025/05/03 10:15:00","2025/05/03 10:11:08",F_T+LREG_0050,1,LOWERREG,0.05195561,0.00000000,1,0
D,FPP,CONSTRAINT_FREQ_MEASURE,1,"2025/05/03 10:15:00","2025/05/03 10:11:08",F_T+RREG_0050,1,RAISEREG,0.05195561,0.00000000,1,0
D,FPP,CONSTRAINT_FREQ_MEASURE,1,"2025/05/03 10:15:00","2025/05/03 10:11:08",F_TASCAP_RREG_0220,1,RAISEREG,0.00000000,-0.01168748,1,0
D,FPP,CONSTRAINT_FREQ_MEASURE,1,"2025/05/03 10:15:00","2025/05/03 10:11:12",F_MAIN++LREG_0210,1,LOWERREG,0.00000000,-0.00954161,1,0
D,FPP,CONSTRAINT_FREQ_MEASURE,1,"2025/05/03 10:15:00","2025/05/03 10:11:12",F_T+LREG_0050,1,LOWERREG,0.05418770,0.00000000,1,0
D,FPP,CONSTRAINT_FREQ_MEASURE,1,"2025/05/03 10:15:00","2025/05/03 10:11:12",F_T+RREG_0050,1,RAISEREG,0.05418770,0.00000000,1,0
D,FPP,CONSTRAINT_FREQ_MEASURE,1,"2025/05/03 10:15:00","2025/05/03 10:11:12",F_TASCAP_RREG_0220,1,RAISEREG,0.00000000,-0.00954161,1,0
D,FPP,CONSTRAINT_FREQ_MEASURE,1,"2025/05/03 10:15:00","2025/05/03 10:11:16",F_MAIN++LREG_0210,1,LOWERREG,0.00000000,-0.00851626,1,0
D,FPP,CONSTRAINT_FREQ_MEASURE,1,"2025/05/03 10:15:00","2025/05/03 10:11:16",F_T+LREG_0050,1,LOWERREG,0.05503488,0.00000000,1,0
D,FPP,CONSTRAINT_FREQ_MEASURE,1,"2025/05/03 10:15:00","2025/05/03 10:11:16",F_T+RREG_0050,1,RAISEREG,0.05503488,0.00000000,1,0
D,FPP,CONSTRAINT_FREQ_MEASURE,1,"2025/05/03 10:15:00","2025/05/03 10:11:16",F_TASCAP_RREG_0220,1,RAISEREG,0.00000000,-0.00851626,1,0
D,FPP,CONSTRAINT_FREQ_MEASURE,1,"2025/05/03 10:15:00","2025/05/03 10:11:20",F_MAIN++LREG_0210,1,LOWERREG,0.00000000,-0.00621172,1,0
D,FPP,CONSTRAINT_FREQ_MEASURE,1,"2025/05/03 10:15:00","2025/05/03 10:11:20",F_T+LREG_0050,1,LOWERREG,0.06013824,0.00000000,1,0
D,FPP,CONSTRAINT_FREQ_MEASURE,1,"2025/05/03 10:15:00","2025/05/03 10:11:20",F_T+RREG_0050,1,RAISEREG,0.06013824,0.00000000,1,0
D,FPP,CONSTRAINT_FREQ_MEASURE,1,"2025/05/03 10:15:00","2025/05/03 10:11:20",F_TASCAP_RREG_0220,1,RAISEREG,0.00000000,-0.00621172,1,0
D,FPP,CONSTRAINT_FREQ_MEASURE,1,"2025/05/03 10:15:00","2025/05/03 10:11:24",F_MAIN++LREG_0210,1,LOWERREG,0.00000000,-0.00316473,1,0
D,FPP,CONSTRAINT_FREQ_MEASURE,1,"2025/05/03 10:15:00","2025/05/03 10:11:24",F_T+LREG_0050,1,LOWERREG,0.06966308,0.00000000,1,0
D,FPP,CONSTRAINT_FREQ_MEASURE,1,"2025/05/03 10:15:00","2025/05/03 10:11:24",F_T+RREG_0050,1,RAISEREG,0.06966308,0.00000000,1,0
D,FPP,CONSTRAINT_FREQ_MEASURE,1,"2025/05/03 10:15:00","2025/05/03 10:11:24",F_TASCAP_RREG_0220,1,RAISEREG,0.00000000,-0.00316473,1,0
D,FPP,CONSTRAINT_FREQ_MEASURE,1,"2025/05/03 10:15:00","2025/05/03 10:11:28",F_MAIN++LREG_0210,1,LOWERREG,0.00054343,0.00000000,1,0
D,FPP,CONSTRAINT_FREQ_MEASURE,1,"2025/05/03 10:15:00","2025/05/03 10:11:28",F_T+LREG_0050,1,LOWERREG,0.07440462,0.00000000,1,0
D,FPP,CONSTRAINT_FREQ_MEASURE,1,"2025/05/03 10:15:00","2025/05/03 10:11:28",F_T+RREG_0050,1,RAISEREG,0.07440462,0.00000000,1,0
D,FPP,CONSTRAINT_FREQ_MEASURE,1,"2025/05/03 10:15:00","2025/05/03 10:11:28",F_TASCAP_RREG_0220,1,RAISEREG,0.00054343,0.00000000,1,0
D,FPP,CONSTRAINT_FREQ_MEASURE,1,"2025/05/03 10:15:00","2025/05/03 10:11:32",F_MAIN++LREG_0210,1,LOWERREG,0.00280921,0.00000000,1,0
D,FPP,CONSTRAINT_FREQ_MEASURE,1,"2025/05/03 10:15:00","2025/05/03 10:11:32",F_T+LREG_0050,1,LOWERREG,0.06720359,0.00000000,1,0
D,FPP,CONSTRAINT_FREQ_MEASURE,1,"2025/05/03 10:15:00","2025/05/03 10:11:32",F_T+RREG_0050,1,RAISEREG,0.06720359,0.00000000,1,0
D,FPP,CONSTRAINT_FREQ_MEASURE,1,"2025/05/03 10:15:00","2025/05/03 10:11:32",F_TASCAP_RREG_0220,1,RAISEREG,0.00280921,0.00000000,1,0
D,FPP,CONSTRAINT_FREQ_MEASURE,1,"2025/05/03 10:15:00","2025/05/03 10:11:36",F_MAIN++LREG_0210,1,LOWERREG,0.00612376,0.00000000,1,0
D,FPP,CONSTRAINT_FREQ_MEASURE,1,"2025/05/03 10:15:00","2025/05/03 10:11:36",F_T+LREG_0050,1,LOWERREG,0.05249168,0.00000000,1,0
D,FPP,CONSTRAINT_FREQ_MEASURE,1,"2025/05/03 10:15:00","2025/05/03 10:11:36",F_T+RREG_0050,1,RAISEREG,0.05249168,0.00000000,1,0
D,FPP,CONSTRAINT_FREQ_MEASURE,1,"2025/05/03 10:15:00","2025/05/03 10:11:36",F_TASCAP_RREG_0220,1,RAISEREG,0.00612376,0.00000000,1,0
D,FPP,CONSTRAINT_FREQ_MEASURE,1,"2025/05/03 10:15:00","2025/05/03 10:11:40",F_MAIN++LREG_0210,1,LOWERREG,0.01073898,0.00000000,1,0
D,FPP,CONSTRAINT_FREQ_MEASURE,1,"2025/05/03 10:15:00","2025/05/03 10:11:40",F_T+LREG_0050,1,LOWERREG,0.02549353,0.00000000,1,0
D,FPP,CONSTRAINT_FREQ_MEASURE,1,"2025/05/03 10:15:00","2025/05/03 10:11:40",F_T+RREG_0050,1,RAISEREG,0.02549353,0.00000000,1,0
D,FPP,CONSTRAINT_FREQ_MEASURE,1,"2025/05/03 10:15:00","2025/05/03 10:11:40",F_TASCAP_RREG_0220,1,RAISEREG,0.01073898,0.00000000,1,0
D,FPP,CONSTRAINT_FREQ_MEASURE,1,"2025/05/03 10:15:00","2025/05/03 10:11:44",F_MAIN++LREG_0210,1,LOWERREG,0.01540921,0.00000000,1,0
D,FPP,CONSTRAINT_FREQ_MEASURE,1,"2025/05/03 10:15:00","2025/05/03 10:11:44",F_T+LREG_0050,1,LOWERREG,0.01205052,0.00000000,1,0
D,FPP,CONSTRAINT_FREQ_MEASURE,1,"2025/05/03 10:15:00","2025/05/03 10:11:44",F_T+RREG_0050,1,RAISEREG,0.01205052,0.00000000,1,0
D,FPP,CONSTRAINT_FREQ_MEASURE,1,"2025/05/03 10:15:00","2025/05/03 10:11:44",F_TASCAP_RREG_0220,1,RAISEREG,0.01540921,0.00000000,1,0
D,FPP,CONSTRAINT_FREQ_MEASURE,1,"2025/05/03 10:15:00","2025/05/03 10:11:48",F_MAIN++LREG_0210,1,LOWERREG,0.01777768,0.00000000,1,0
D,FPP,CONSTRAINT_FREQ_MEASURE,1,"2025/05/03 10:15:00","2025/05/03 10:11:48",F_T+LREG_0050,1,LOWERREG,0.01359485,0.00000000,1,0
D,FPP,CONSTRAINT_FREQ_MEASURE,1,"2025/05/03 10:15:00","2025/05/03 10:11:48",F_T+RREG_0050,1,RAISEREG,0.01359485,0.00000000,1,0
D,FPP,CONSTRAINT_FREQ_MEASURE,1,"2025/05/03 10:15:00","2025/05/03 10:11:48",F_TASCAP_RREG_0220,1,RAISEREG,0.01777768,0.00000000,1,0
D,FPP,CONSTRAINT_FREQ_MEASURE,1,"2025/05/03 10:15:00","2025/05/03 10:11:52",F_MAIN++LREG_0210,1,LOWERREG,0.01962556,0.00000000,1,0
D,FPP,CONSTRAINT_FREQ_MEASURE,1,"2025/05/03 10:15:00","2025/05/03 10:11:52",F_T+LREG_0050,1,LOWERREG,0.01635155,0.00000000,1,0
D,FPP,CONSTRAINT_FREQ_MEASURE,1,"2025/05/03 10:15:00","2025/05/03 10:11:52",F_T+RREG_0050,1,RAISEREG,0.01635155,0.00000000,1,0
D,FPP,CONSTRAINT_FREQ_MEASURE,1,"2025/05/03 10:15:00","2025/05/03 10:11:52",F_TASCAP_RREG_0220,1,RAISEREG,0.01962556,0.00000000,1,0
D,FPP,CONSTRAINT_FREQ_MEASURE,1,"2025/05/03 10:15:00","2025/05/03 10:11:56",F_MAIN++LREG_0210,1,LOWERREG,0.01979481,0.00000000,1,0
D,FPP,CONSTRAINT_FREQ_MEASURE,1,"2025/05/03 10:15:00","2025/05/03 10:11:56",F_T+LREG_0050,1,LOWERREG,0.01449565,0.00000000,1,0
D,FPP,CONSTRAINT_FREQ_MEASURE,1,"2025/05/03 10:15:00","2025/05/03 10:11:56",F_T+RREG_0050,1,RAISEREG,0.01449565,0.00000000,1,0
D,FPP,CONSTRAINT_FREQ_MEASURE,1,"2025/05/03 10:15:00","2025/05/03 10:11:56",F_TASCAP_RREG_0220,1,RAISEREG,0.01979481,0.00000000,1,0
D,FPP,CONSTRAINT_FREQ_MEASURE,1,"2025/05/03 10:15:00","2025/05/03 10:12:00",F_MAIN++LREG_0210,1,LOWERREG,0.01978809,0.00000000,1,0
D,FPP,CONSTRAINT_FREQ_MEASURE,1,"2025/05/03 10:15:00","2025/05/03 10:12:00",F_T+LREG_0050,1,LOWERREG,0.00571884,0.00000000,1,0
D,FPP,CONSTRAINT_FREQ_MEASURE,1,"2025/05/03 10:15:00","2025/05/03 10:12:00",F_T+RREG_0050,1,RAISEREG,0.00571884,0.00000000,1,0
D,FPP,CONSTRAINT_FREQ_MEASURE,1,"2025/05/03 10:15:00","2025/05/03 10:12:00",F_TASCAP_RREG_0220,1,RAISEREG,0.01978809,0.00000000,1,0
D,FPP,CONSTRAINT_FREQ_MEASURE,1,"2025/05/03 10:15:00","2025/05/03 10:12:04",F_MAIN++LREG_0210,1,LOWERREG,0.02146168,0.00000000,1,0
D,FPP,CONSTRAINT_FREQ_MEASURE,1,"2025/05/03 10:15:00","2025/05/03 10:12:04",F_T+LREG_0050,1,LOWERREG,0.00000000,-0.00044090,1,0
D,FPP,CONSTRAINT_FREQ_MEASURE,1,"2025/05/03 10:15:00","2025/05/03 10:12:04",F_T+RREG_0050,1,RAISEREG,0.00000000,-0.00044090,1,0
D,FPP,CONSTRAINT_FREQ_MEASURE,1,"2025/05/03 10:15:00","2025/05/03 10:12:04",F_TASCAP_RREG_0220,1,RAISEREG,0.02146168,0.00000000,1,0
D,FPP,CONSTRAINT_FREQ_MEASURE,1,"2025/05/03 10:15:00","2025/05/03 10:12:08",F_MAIN++LREG_0210,1,LOWERREG,0.02224951,0.00000000,1,0
D,FPP,CONSTRAINT_FREQ_MEASURE,1,"2025/05/03 10:15:00","2025/05/03 10:12:08",F_T+LREG_0050,1,LOWERREG,0.00076819,0.00000000,1,0
D,FPP,CONSTRAINT_FREQ_MEASURE,1,"2025/05/03 10:15:00","2025/05/03 10:12:08",F_T+RREG_0050,1,RAISEREG,0.00076819,0.00000000,1,0
D,FPP,CONSTRAINT_FREQ_MEASURE,1,"2025/05/03 10:15:00","2025/05/03 10:12:08",F_TASCAP_RREG_0220,1,RAISEREG,0.02224951,0.00000000,1,0
D,FPP,CONSTRAINT_FREQ_MEASURE,1,"2025/05/03 10:15:00","2025/05/03 10:12:12",F_MAIN++LREG_0210,1,LOWERREG,0.02348001,0.00000000,1,0
D,FPP,CONSTRAINT_FREQ_MEASURE,1,"2025/05/03 10:15:00","2025/05/03 10:12:12",F_T+LREG_0050,1,LOWERREG,0.01148637,0.00000000,1,0
D,FPP,CONSTRAINT_FREQ_MEASURE,1,"2025/05/03 10:15:00","2025/05/03 10:12:12",F_T+RREG_0050,1,RAISEREG,0.01148637,0.00000000,1,0
D,FPP,CONSTRAINT_FREQ_MEASURE,1,"2025/05/03 10:15:00","2025/05/03 10:12:12",F_TASCAP_RREG_0220,1,RAISEREG,0.02348001,0.00000000,1,0
D,FPP,CONSTRAINT_FREQ_MEASURE,1,"2025/05/03 10:15:00","2025/05/03 10:12:16",F_MAIN++LREG_0210,1,LOWERREG,0.02347630,0.00000000,1,0
D,FPP,CONSTRAINT_FREQ_MEASURE,1,"2025/05/03 10:15:00","2025/05/03 10:12:16",F_T+LREG_0050,1,LOWERREG,0.02226718,0.00000000,1,0
D,FPP,CONSTRAINT_FREQ_MEASURE,1,"2025/05/03 10:15:00","2025/05/03 10:12:16",F_T+RREG_0050,1,RAISEREG,0.02226718,0.00000000,1,0
D,FPP,CONSTRAINT_FREQ_MEASURE,1,"2025/05/03 10:15:00","2025/05/03 10:12:16",F_TASCAP_RREG_0220,1,RAISEREG,0.02347630,0.00000000,1,0
D,FPP,CONSTRAINT_FREQ_MEASURE,1,"2025/05/03 10:15:00","2025/05/03 10:12:20",F_MAIN++LREG_0210,1,LOWERREG,0.02625015,0.00000000,1,0
D,FPP,CONSTRAINT_FREQ_MEASURE,1,"2025/05/03 10:15:00","2025/05/03 10:12:20",F_T+LREG_0050,1,LOWERREG,0.02887447,0.00000000,1,0
D,FPP,CONSTRAINT_FREQ_MEASURE,1,"2025/05/03 10:15:00","2025/05/03 10:12:20",F_T+RREG_0050,1,RAISEREG,0.02887447,0.00000000,1,0
D,FPP,CONSTRAINT_FREQ_MEASURE,1,"2025/05/03 10:15:00","2025/05/03 10:12:20",F_TASCAP_RREG_0220,1,RAISEREG,0.02625015,0.00000000,1,0
D,FPP,CONSTRAINT_FREQ_MEASURE,1,"2025/05/03 10:15:00","2025/05/03 10:12:24",F_MAIN++LREG_0210,1,LOWERREG,0.02750470,0.00000000,1,0
D,FPP,CONSTRAINT_FREQ_MEASURE,1,"2025/05/03 10:15:00","2025/05/03 10:12:24",F_T+LREG_0050,1,LOWERREG,0.02690237,0.00000000,1,0
D,FPP,CONSTRAINT_FREQ_MEASURE,1,"2025/05/03 10:15:00","2025/05/03 10:12:24",F_T+RREG_0050,1,RAISEREG,0.02690237,0.00000000,1,0
D,FPP,CONSTRAINT_FREQ_MEASURE,1,"2025/05/03 10:15:00","2025/05/03 10:12:24",F_TASCAP_RREG_0220,1,RAISEREG,0.02750470,0.00000000,1,0
D,FPP,CONSTRAINT_FREQ_MEASURE,1,"2025/05/03 10:15:00","2025/05/03 10:12:28",F_MAIN++LREG_0210,1,LOWERREG,0.02892985,0.00000000,1,0
D,FPP,CONSTRAINT_FREQ_MEASURE,1,"2025/05/03 10:15:00","2025/05/03 10:12:28",F_T+LREG_0050,1,LOWERREG,0.01870184,0.00000000,1,0
D,FPP,CONSTRAINT_FREQ_MEASURE,1,"2025/05/03 10:15:00","2025/05/03 10:12:28",F_T+RREG_0050,1,RAISEREG,0.01870184,0.00000000,1,0
D,FPP,CONSTRAINT_FREQ_MEASURE,1,"2025/05/03 10:15:00","2025/05/03 10:12:28",F_TASCAP_RREG_0220,1,RAISEREG,0.02892985,0.00000000,1,0
D,FPP,CONSTRAINT_FREQ_MEASURE,1,"2025/05/03 10:15:00","2025/05/03 10:12:32",F_MAIN++LREG_0210,1,LOWERREG,0.02987631,0.00000000,1,0
D,FPP,CONSTRAINT_FREQ_MEASURE,1,"2025/05/03 10:15:00","2025/05/03 10:12:32",F_T+LREG_0050,1,LOWERREG,0.01876810,0.00000000,1,0
D,FPP,CONSTRAINT_FREQ_MEASURE,1,"2025/05/03 10:15:00","2025/05/03 10:12:32",F_T+RREG_0050,1,RAISEREG,0.01876810,0.00000000,1,0
D,FPP,CONSTRAINT_FREQ_MEASURE,1,"2025/05/03 10:15:00","2025/05/03 10:12:32",F_TASCAP_RREG_0220,1,RAISEREG,0.02987631,0.00000000,1,0
D,FPP,CONSTRAINT_FREQ_MEASURE,1,"2025/05/03 10:15:00","2025/05/03 10:12:36",F_MAIN++LREG_0210,1,LOWERREG,0.03144479,0.00000000,1,0
D,FPP,CONSTRAINT_FREQ_MEASURE,1,"2025/05/03 10:15:00","2025/05/03 10:12:36",F_T+LREG_0050,1,LOWERREG,0.02793074,0.00000000,1,0
D,FPP,CONSTRAINT_FREQ_MEASURE,1,"2025/05/03 10:15:00","2025/05/03 10:12:36",F_T+RREG_0050,1,RAISEREG,0.02793074,0.00000000,1,0
D,FPP,CONSTRAINT_FREQ_MEASURE,1,"2025/05/03 10:15:00","2025/05/03 10:12:36",F_TASCAP_RREG_0220,1,RAISEREG,0.03144479,0.00000000,1,0
D,FPP,CONSTRAINT_FREQ_MEASURE,1,"2025/05/03 10:15:00","2025/05/03 10:12:40",F_MAIN++LREG_0210,1,LOWERREG,0.03227893,0.00000000,1,0
D,FPP,CONSTRAINT_FREQ_MEASURE,1,"2025/05/03 10:15:00","2025/05/03 10:12:40",F_T+LREG_0050,1,LOWERREG,0.03661280,0.00000000,1,0
D,FPP,CONSTRAINT_FREQ_MEASURE,1,"2025/05/03 10:15:00","2025/05/03 10:12:40",F_T+RREG_0050,1,RAISEREG,0.03661280,0.00000000,1,0
D,FPP,CONSTRAINT_FREQ_MEASURE,1,"2025/05/03 10:15:00","2025/05/03 10:12:40",F_TASCAP_RREG_0220,1,RAISEREG,0.03227893,0.00000000,1,0
D,FPP,CONSTRAINT_FREQ_MEASURE,1,"2025/05/03 10:15:00","2025/05/03 10:12:44",F_MAIN++LREG_0210,1,LOWERREG,0.03093667,0.00000000,1,0
D,FPP,CONSTRAINT_FREQ_MEASURE,1,"2025/05/03 10:15:00","2025/05/03 10:12:44",F_T+LREG_0050,1,LOWERREG,0.04069884,0.00000000,1,0
D,FPP,CONSTRAINT_FREQ_MEASURE,1,"2025/05/03 10:15:00","2025/05/03 10:12:44",F_T+RREG_0050,1,RAISEREG,0.04069884,0.00000000,1,0
D,FPP,CONSTRAINT_FREQ_MEASURE,1,"2025/05/03 10:15:00","2025/05/03 10:12:44",F_TASCAP_RREG_0220,1,RAISEREG,0.03093667,0.00000000,1,0
D,FPP,CONSTRAINT_FREQ_MEASURE,1,"2025/05/03 10:15:00","2025/05/03 10:12:48",F_MAIN++LREG_0210,1,LOWERREG,0.03151064,0.00000000,1,0
D,FPP,CONSTRAINT_FREQ_MEASURE,1,"2025/05/03 10:15:00","2025/05/03 10:12:48",F_T+LREG_0050,1,LOWERREG,0.04143243,0.00000000,1,0
D,FPP,CONSTRAINT_FREQ_MEASURE,1,"2025/05/03 10:15:00","2025/05/03 10:12:48",F_T+RREG_0050,1,RAISEREG,0.04143243,0.00000000,1,0
D,FPP,CONSTRAINT_FREQ_MEASURE,1,"2025/05/03 10:15:00","2025/05/03 10:12:48",F_TASCAP_RREG_0220,1,RAISEREG,0.03151064,0.00000000,1,0
D,FPP,CONSTRAINT_FREQ_MEASURE,1,"2025/05/03 10:15:00","2025/05/03 10:12:52",F_MAIN++LREG_0210,1,LOWERREG,0.03164509,0.00000000,1,0
D,FPP,CONSTRAINT_FREQ_MEASURE,1,"2025/05/03 10:15:00","2025/05/03 10:12:52",F_T+LREG_0050,1,LOWERREG,0.04089189,0.00000000,1,0
D,FPP,CONSTRAINT_FREQ_MEASURE,1,"2025/05/03 10:15:00","2025/05/03 10:12:52",F_T+RREG_0050,1,RAISEREG,0.04089189,0.00000000,1,0
D,FPP,CONSTRAINT_FREQ_MEASURE,1,"2025/05/03 10:15:00","2025/05/03 10:12:52",F_TASCAP_RREG_0220,1,RAISEREG,0.03164509,0.00000000,1,0
D,FPP,CONSTRAINT_FREQ_MEASURE,1,"2025/05/03 10:15:00","2025/05/03 10:12:56",F_MAIN++LREG_0210,1,LOWERREG,0.03231662,0.00000000,1,0
D,FPP,CONSTRAINT_FREQ_MEASURE,1,"2025/05/03 10:15:00","2025/05/03 10:12:56",F_T+LREG_0050,1,LOWERREG,0.04736036,0.00000000,1,0
D,FPP,CONSTRAINT_FREQ_MEASURE,1,"2025/05/03 10:15:00","2025/05/03 10:12:56",F_T+RREG_0050,1,RAISEREG,0.04736036,0.00000000,1,0
D,FPP,CONSTRAINT_FREQ_MEASURE,1,"2025/05/03 10:15:00","2025/05/03 10:12:56",F_TASCAP_RREG_0220,1,RAISEREG,0.03231662,0.00000000,1,0
D,FPP,CONSTRAINT_FREQ_MEASURE,1,"2025/05/03 10:15:00","2025/05/03 10:13:00",F_MAIN++LREG_0210,1,LOWERREG,0.03266732,0.00000000,1,0
D,FPP,CONSTRAINT_FREQ_MEASURE,1,"2025/05/03 10:15:00","2025/05/03 10:13:00",F_T+LREG_0050,1,LOWERREG,0.04683584,0.00000000,1,0
D,FPP,CONSTRAINT_FREQ_MEASURE,1,"2025/05/03 10:15:00","2025/05/03 10:13:00",F_T+RREG_0050,1,RAISEREG,0.04683584,0.00000000,1,0
D,FPP,CONSTRAINT_FREQ_MEASURE,1,"2025/05/03 10:15:00","2025/05/03 10:13:00",F_TASCAP_RREG_0220,1,RAISEREG,0.03266732,0.00000000,1,0
D,FPP,CONSTRAINT_FREQ_MEASURE,1,"2025/05/03 10:15:00","2025/05/03 10:13:04",F_MAIN++LREG_0210,1,LOWERREG,0.03098858,0.00000000,1,0
D,FPP,CONSTRAINT_FREQ_MEASURE,1,"2025/05/03 10:15:00","2025/05/03 10:13:04",F_T+LREG_0050,1,LOWERREG,0.03976121,0.00000000,1,0
D,FPP,CONSTRAINT_FREQ_MEASURE,1,"2025/05/03 10:15:00","2025/05/03 10:13:04",F_T+RREG_0050,1,RAISEREG,0.03976121,0.00000000,1,0
D,FPP,CONSTRAINT_FREQ_MEASURE,1,"2025/05/03 10:15:00","2025/05/03 10:13:04",F_TASCAP_RREG_0220,1,RAISEREG,0.03098858,0.00000000,1,0
D,FPP,CONSTRAINT_FREQ_MEASURE,1,"2025/05/03 10:15:00","2025/05/03 10:13:08",F_MAIN++LREG_0210,1,LOWERREG,0.03157613,0.00000000,1,0
D,FPP,CONSTRAINT_FREQ_MEASURE,1,"2025/05/03 10:15:00","2025/05/03 10:13:08",F_T+LREG_0050,1,LOWERREG,0.03692539,0.00000000,1,0
D,FPP,CONSTRAINT_FREQ_MEASURE,1,"2025/05/03 10:15:00","2025/05/03 10:13:08",F_T+RREG_0050,1,RAISEREG,0.03692539,0.00000000,1,0
D,FPP,CONSTRAINT_FREQ_MEASURE,1,"2025/05/03 10:15:00","2025/05/03 10:13:08",F_TASCAP_RREG_0220,1,RAISEREG,0.03157613,0.00000000,1,0
D,FPP,CONSTRAINT_FREQ_MEASURE,1,"2025/05/03 10:15:00","2025/05/03 10:13:12",F_MAIN++LREG_0210,1,LOWERREG,0.03101094,0.00000000,1,0
D,FPP,CONSTRAINT_FREQ_MEASURE,1,"2025/05/03 10:15:00","2025/05/03 10:13:12",F_T+LREG_0050,1,LOWERREG,0.03249753,0.00000000,1,0
D,FPP,CONSTRAINT_FREQ_MEASURE,1,"2025/05/03 10:15:00","2025/05/03 10:13:12",F_T+RREG_0050,1,RAISEREG,0.03249753,0.00000000,1,0
D,FPP,CONSTRAINT_FREQ_MEASURE,1,"2025/05/03 10:15:00","2025/05/03 10:13:12",F_TASCAP_RREG_0220,1,RAISEREG,0.03101094,0.00000000,1,0
D,FPP,CONSTRAINT_FREQ_MEASURE,1,"2025/05/03 10:15:00","2025/05/03 10:13:16",F_MAIN++LREG_0210,1,LOWERREG,0.03114503,0.00000000,1,0
D,FPP,CONSTRAINT_FREQ_MEASURE,1,"2025/05/03 10:15:00","2025/05/03 10:13:16",F_T+LREG_0050,1,LOWERREG,0.02416475,0.00000000,1,0
D,FPP,CONSTRAINT_FREQ_MEASURE,1,"2025/05/03 10:15:00","2025/05/03 10:13:16",F_T+RREG_0050,1,RAISEREG,0.02416475,0.00000000,1,0
D,FPP,CONSTRAINT_FREQ_MEASURE,1,"2025/05/03 10:15:00","2025/05/03 10:13:16",F_TASCAP_RREG_0220,1,RAISEREG,0.03114503,0.00000000,1,0
D,FPP,CONSTRAINT_FREQ_MEASURE,1,"2025/05/03 10:15:00","2025/05/03 10:13:20",F_MAIN++LREG_0210,1,LOWERREG,0.03355384,0.00000000,1,0
D,FPP,CONSTRAINT_FREQ_MEASURE,1,"2025/05/03 10:15:00","2025/05/03 10:13:20",F_T+LREG_0050,1,LOWERREG,0.02168369,0.00000000,1,0
D,FPP,CONSTRAINT_FREQ_MEASURE,1,"2025/05/03 10:15:00","2025/05/03 10:13:20",F_T+RREG_0050,1,RAISEREG,0.02168369,0.00000000,1,0
D,FPP,CONSTRAINT_FREQ_MEASURE,1,"2025/05/03 10:15:00","2025/05/03 10:13:20",F_TASCAP_RREG_0220,1,RAISEREG,0.03355384,0.00000000,1,0
D,FPP,CONSTRAINT_FREQ_MEASURE,1,"2025/05/03 10:15:00","2025/05/03 10:13:24",F_MAIN++LREG_0210,1,LOWERREG,0.03564744,0.00000000,1,0
D,FPP,CONSTRAINT_FREQ_MEASURE,1,"2025/05/03 10:15:00","2025/05/03 10:13:24",F_T+LREG_0050,1,LOWERREG,0.02308731,0.00000000,1,0
D,FPP,CONSTRAINT_FREQ_MEASURE,1,"2025/05/03 10:15:00","2025/05/03 10:13:24",F_T+RREG_0050,1,RAISEREG,0.02308731,0.00000000,1,0
D,FPP,CONSTRAINT_FREQ_MEASURE,1,"2025/05/03 10:15:00","2025/05/03 10:13:24",F_TASCAP_RREG_0220,1,RAISEREG,0.03564744,0.00000000,1,0
D,FPP,CONSTRAINT_FREQ_MEASURE,1,"2025/05/03 10:15:00","2025/05/03 10:13:28",F_MAIN++LREG_0210,1,LOWERREG,0.03549432,0.00000000,1,0
D,FPP,CONSTRAINT_FREQ_MEASURE,1,"2025/05/03 10:15:00","2025/05/03 10:13:28",F_T+LREG_0050,1,LOWERREG,0.02662346,0.00000000,1,0
D,FPP,CONSTRAINT_FREQ_MEASURE,1,"2025/05/03 10:15:00","2025/05/03 10:13:28",F_T+RREG_0050,1,RAISEREG,0.02662346,0.00000000,1,0
D,FPP,CONSTRAINT_FREQ_MEASURE,1,"2025/05/03 10:15:00","2025/05/03 10:13:28",F_TASCAP_RREG_0220,1,RAISEREG,0.03549432,0.00000000,1,0
D,FPP,CONSTRAINT_FREQ_MEASURE,1,"2025/05/03 10:15:00","2025/05/03 10:13:32",F_MAIN++LREG_0210,1,LOWERREG,0.03555419,0.00000000,1,0
D,FPP,CONSTRAINT_FREQ_MEASURE,1,"2025/05/03 10:15:00","2025/05/03 10:13:32",F_T+LREG_0050,1,LOWERREG,0.03492936,0.00000000,1,0
D,FPP,CONSTRAINT_FREQ_MEASURE,1,"2025/05/03 10:15:00","2025/05/03 10:13:32",F_T+RREG_0050,1,RAISEREG,0.03492936,0.00000000,1,0
D,FPP,CONSTRAINT_FREQ_MEASURE,1,"2025/05/03 10:15:00","2025/05/03 10:13:32",F_TASCAP_RREG_0220,1,RAISEREG,0.03555419,0.00000000,1,0
D,FPP,CONSTRAINT_FREQ_MEASURE,1,"2025/05/03 10:15:00","2025/05/03 10:13:36",F_MAIN++LREG_0210,1,LOWERREG,0.03326306,0.00000000,1,0
D,FPP,CONSTRAINT_FREQ_MEASURE,1,"2025/05/03 10:15:00","2025/05/03 10:13:36",F_T+LREG_0050,1,LOWERREG,0.03894506,0.00000000,1,0
D,FPP,CONSTRAINT_FREQ_MEASURE,1,"2025/05/03 10:15:00","2025/05/03 10:13:36",F_T+RREG_0050,1,RAISEREG,0.03894506,0.00000000,1,0
D,FPP,CONSTRAINT_FREQ_MEASURE,1,"2025/05/03 10:15:00","2025/05/03 10:13:36",F_TASCAP_RREG_0220,1,RAISEREG,0.03326306,0.00000000,1,0
D,FPP,CONSTRAINT_FREQ_MEASURE,1,"2025/05/03 10:15:00","2025/05/03 10:13:40",F_MAIN++LREG_0210,1,LOWERREG,0.03187010,0.00000000,1,0
D,FPP,CONSTRAINT_FREQ_MEASURE,1,"2025/05/03 10:15:00","2025/05/03 10:13:40",F_T+LREG_0050,1,LOWERREG,0.03562394,0.00000000,1,0
D,FPP,CONSTRAINT_FREQ_MEASURE,1,"2025/05/03 10:15:00","2025/05/03 10:13:40",F_T+RREG_0050,1,RAISEREG,0.03562394,0.00000000,1,0
D,FPP,CONSTRAINT_FREQ_MEASURE,1,"2025/05/03 10:15:00","2025/05/03 10:13:40",F_TASCAP_RREG_0220,1,RAISEREG,0.03187010,0.00000000,1,0
D,FPP,CONSTRAINT_FREQ_MEASURE,1,"2025/05/03 10:15:00","2025/05/03 10:13:44",F_MAIN++LREG_0210,1,LOWERREG,0.03011642,0.00000000,1,0
D,FPP,CONSTRAINT_FREQ_MEASURE,1,"2025/05/03 10:15:00","2025/05/03 10:13:44",F_T+LREG_0050,1,LOWERREG,0.02504084,0.00000000,1,0
D,FPP,CONSTRAINT_FREQ_MEASURE,1,"2025/05/03 10:15:00","2025/05/03 10:13:44",F_T+RREG_0050,1,RAISEREG,0.02504084,0.00000000,1,0
D,FPP,CONSTRAINT_FREQ_MEASURE,1,"2025/05/03 10:15:00","2025/05/03 10:13:44",F_TASCAP_RREG_0220,1,RAISEREG,0.03011642,0.00000000,1,0
D,FPP,CONSTRAINT_FREQ_MEASURE,1,"2025/05/03 10:15:00","2025/05/03 10:13:48",F_MAIN++LREG_0210,1,LOWERREG,0.02912056,0.00000000,1,0
D,FPP,CONSTRAINT_FREQ_MEASURE,1,"2025/05/03 10:15:00","2025/05/03 10:13:48",F_T+LREG_0050,1,LOWERREG,0.01969843,0.00000000,1,0
D,FPP,CONSTRAINT_FREQ_MEASURE,1,"2025/05/03 10:15:00","2025/05/03 10:13:48",F_T+RREG_0050,1,RAISEREG,0.01969843,0.00000000,1,0
D,FPP,CONSTRAINT_FREQ_MEASURE,1,"2025/05/03 10:15:00","2025/05/03 10:13:48",F_TASCAP_RREG_0220,1,RAISEREG,0.02912056,0.00000000,1,0
D,FPP,CONSTRAINT_FREQ_MEASURE,1,"2025/05/03 10:15:00","2025/05/03 10:13:52",F_MAIN++LREG_0210,1,LOWERREG,0.02759938,0.00000000,1,0
D,FPP,CONSTRAINT_FREQ_MEASURE,1,"2025/05/03 10:15:00","2025/05/03 10:13:52",F_T+LREG_0050,1,LOWERREG,0.02220989,0.00000000,1,0
D,FPP,CONSTRAINT_FREQ_MEASURE,1,"2025/05/03 10:15:00","2025/05/03 10:13:52",F_T+RREG_0050,1,RAISEREG,0.02220989,0.00000000,1,0
D,FPP,CONSTRAINT_FREQ_MEASURE,1,"2025/05/03 10:15:00","2025/05/03 10:13:52",F_TASCAP_RREG_0220,1,RAISEREG,0.02759938,0.00000000,1,0
D,FPP,CONSTRAINT_FREQ_MEASURE,1,"2025/05/03 10:15:00","2025/05/03 10:13:56",F_MAIN++LREG_0210,1,LOWERREG,0.02755863,0.00000000,1,0
D,FPP,CONSTRAINT_FREQ_MEASURE,1,"2025/05/03 10:15:00","2025/05/03 10:13:56",F_T+LREG_0050,1,LOWERREG,0.02794103,0.00000000,1,0
D,FPP,CONSTRAINT_FREQ_MEASURE,1,"2025/05/03 10:15:00","2025/05/03 10:13:56",F_T+RREG_0050,1,RAISEREG,0.02794103,0.00000000,1,0
D,FPP,CONSTRAINT_FREQ_MEASURE,1,"2025/05/03 10:15:00","2025/05/03 10:13:56",F_TASCAP_RREG_0220,1,RAISEREG,0.02755863,0.00000000,1,0
D,FPP,CONSTRAINT_FREQ_MEASURE,1,"2025/05/03 10:15:00","2025/05/03 10:14:00",F_MAIN++LREG_0210,1,LOWERREG,0.02767684,0.00000000,1,0
D,FPP,CONSTRAINT_FREQ_MEASURE,1,"2025/05/03 10:15:00","2025/05/03 10:14:00",F_T+LREG_0050,1,LOWERREG,0.02906525,0.00000000,1,0
D,FPP,CONSTRAINT_FREQ_MEASURE,1,"2025/05/03 10:15:00","2025/05/03 10:14:00",F_T+RREG_0050,1,RAISEREG,0.02906525,0.00000000,1,0
D,FPP,CONSTRAINT_FREQ_MEASURE,1,"2025/05/03 10:15:00","2025/05/03 10:14:00",F_TASCAP_RREG_0220,1,RAISEREG,0.02767684,0.00000000,1,0
D,FPP,CONSTRAINT_FREQ_MEASURE,1,"2025/05/03 10:15:00","2025/05/03 10:14:04",F_MAIN++LREG_0210,1,LOWERREG,0.02851963,0.00000000,1,0
D,FPP,CONSTRAINT_FREQ_MEASURE,1,"2025/05/03 10:15:00","2025/05/03 10:14:04",F_T+LREG_0050,1,LOWERREG,0.03127297,0.00000000,1,0
D,FPP,CONSTRAINT_FREQ_MEASURE,1,"2025/05/03 10:15:00","2025/05/03 10:14:04",F_T+RREG_0050,1,RAISEREG,0.03127297,0.00000000,1,0
D,FPP,CONSTRAINT_FREQ_MEASURE,1,"2025/05/03 10:15:00","2025/05/03 10:14:04",F_TASCAP_RREG_0220,1,RAISEREG,0.02851963,0.00000000,1,0
D,FPP,CONSTRAINT_FREQ_MEASURE,1,"2025/05/03 10:15:00","2025/05/03 10:14:08",F_MAIN++LREG_0210,1,LOWERREG,0.02898972,0.00000000,1,0
D,FPP,CONSTRAINT_FREQ_MEASURE,1,"2025/05/03 10:15:00","2025/05/03 10:14:08",F_T+LREG_0050,1,LOWERREG,0.03632342,0.00000000,1,0
D,FPP,CONSTRAINT_FREQ_MEASURE,1,"2025/05/03 10:15:00","2025/05/03 10:14:08",F_T+RREG_0050,1,RAISEREG,0.03632342,0.00000000,1,0
D,FPP,CONSTRAINT_FREQ_MEASURE,1,"2025/05/03 10:15:00","2025/05/03 10:14:08",F_TASCAP_RREG_0220,1,RAISEREG,0.02898972,0.00000000,1,0
D,FPP,CONSTRAINT_FREQ_MEASURE,1,"2025/05/03 10:15:00","2025/05/03 10:14:12",F_MAIN++LREG_0210,1,LOWERREG,0.03062600,0.00000000,1,0
D,FPP,CONSTRAINT_FREQ_MEASURE,1,"2025/05/03 10:15:00","2025/05/03 10:14:12",F_T+LREG_0050,1,LOWERREG,0.03736266,0.00000000,1,0
D,FPP,CONSTRAINT_FREQ_MEASURE,1,"2025/05/03 10:15:00","2025/05/03 10:14:12",F_T+RREG_0050,1,RAISEREG,0.03736266,0.00000000,1,0
D,FPP,CONSTRAINT_FREQ_MEASURE,1,"2025/05/03 10:15:00","2025/05/03 10:14:12",F_TASCAP_RREG_0220,1,RAISEREG,0.03062600,0.00000000,1,0
D,FPP,CONSTRAINT_FREQ_MEASURE,1,"2025/05/03 10:15:00","2025/05/03 10:14:16",F_MAIN++LREG_0210,1,LOWERREG,0.03066731,0.00000000,1,0
D,FPP,CONSTRAINT_FREQ_MEASURE,1,"2025/05/03 10:15:00","2025/05/03 10:14:16",F_T+LREG_0050,1,LOWERREG,0.02861540,0.00000000,1,0
D,FPP,CONSTRAINT_FREQ_MEASURE,1,"2025/05/03 10:15:00","2025/05/03 10:14:16",F_T+RREG_0050,1,RAISEREG,0.02861540,0.00000000,1,0
D,FPP,CONSTRAINT_FREQ_MEASURE,1,"2025/05/03 10:15:00","2025/05/03 10:14:16",F_TASCAP_RREG_0220,1,RAISEREG,0.03066731,0.00000000,1,0
D,FPP,CONSTRAINT_FREQ_MEASURE,1,"2025/05/03 10:15:00","2025/05/03 10:14:20",F_MAIN++LREG_0210,1,LOWERREG,0.02963471,0.00000000,1,0
D,FPP,CONSTRAINT_FREQ_MEASURE,1,"2025/05/03 10:15:00","2025/05/03 10:14:20",F_T+LREG_0050,1,LOWERREG,0.01825642,0.00000000,1,0
D,FPP,CONSTRAINT_FREQ_MEASURE,1,"2025/05/03 10:15:00","2025/05/03 10:14:20",F_T+RREG_0050,1,RAISEREG,0.01825642,0.00000000,1,0
D,FPP,CONSTRAINT_FREQ_MEASURE,1,"2025/05/03 10:15:00","2025/05/03 10:14:20",F_TASCAP_RREG_0220,1,RAISEREG,0.02963471,0.00000000,1,0
D,FPP,CONSTRAINT_FREQ_MEASURE,1,"2025/05/03 10:15:00","2025/05/03 10:14:24",F_MAIN++LREG_0210,1,LOWERREG,0.02785700,0.00000000,1,0
D,FPP,CONSTRAINT_FREQ_MEASURE,1,"2025/05/03 10:15:00","2025/05/03 10:14:24",F_T+LREG_0050,1,LOWERREG,0.00931055,0.00000000,1,0
D,FPP,CONSTRAINT_FREQ_MEASURE,1,"2025/05/03 10:15:00","2025/05/03 10:14:24",F_T+RREG_0050,1,RAISEREG,0.00931055,0.00000000,1,0
D,FPP,CONSTRAINT_FREQ_MEASURE,1,"2025/05/03 10:15:00","2025/05/03 10:14:24",F_TASCAP_RREG_0220,1,RAISEREG,0.02785700,0.00000000,1,0
D,FPP,CONSTRAINT_FREQ_MEASURE,1,"2025/05/03 10:15:00","2025/05/03 10:14:28",F_MAIN++LREG_0210,1,LOWERREG,0.02704036,0.00000000,1,0
D,FPP,CONSTRAINT_FREQ_MEASURE,1,"2025/05/03 10:15:00","2025/05/03 10:14:28",F_T+LREG_0050,1,LOWERREG,0.00457487,0.00000000,1,0
D,FPP,CONSTRAINT_FREQ_MEASURE,1,"2025/05/03 10:15:00","2025/05/03 10:14:28",F_T+RREG_0050,1,RAISEREG,0.00457487,0.00000000,1,0
D,FPP,CONSTRAINT_FREQ_MEASURE,1,"2025/05/03 10:15:00","2025/05/03 10:14:28",F_TASCAP_RREG_0220,1,RAISEREG,0.02704036,0.00000000,1,0
D,FPP,CONSTRAINT_FREQ_MEASURE,1,"2025/05/03 10:15:00","2025/05/03 10:14:32",F_MAIN++LREG_0210,1,LOWERREG,0.02662130,0.00000000,1,0
D,FPP,CONSTRAINT_FREQ_MEASURE,1,"2025/05/03 10:15:00","2025/05/03 10:14:32",F_T+LREG_0050,1,LOWERREG,0.00800268,0.00000000,1,0
D,FPP,CONSTRAINT_FREQ_MEASURE,1,"2025/05/03 10:15:00","2025/05/03 10:14:32",F_T+RREG_0050,1,RAISEREG,0.00800268,0.00000000,1,0
D,FPP,CONSTRAINT_FREQ_MEASURE,1,"2025/05/03 10:15:00","2025/05/03 10:14:32",F_TASCAP_RREG_0220,1,RAISEREG,0.02662130,0.00000000,1,0
D,FPP,CONSTRAINT_FREQ_MEASURE,1,"2025/05/03 10:15:00","2025/05/03 10:14:36",F_MAIN++LREG_0210,1,LOWERREG,0.02626695,0.00000000,1,0
D,FPP,CONSTRAINT_FREQ_MEASURE,1,"2025/05/03 10:15:00","2025/05/03 10:14:36",F_T+LREG_0050,1,LOWERREG,0.02444653,0.00000000,1,0
D,FPP,CONSTRAINT_FREQ_MEASURE,1,"2025/05/03 10:15:00","2025/05/03 10:14:36",F_T+RREG_0050,1,RAISEREG,0.02444653,0.00000000,1,0
D,FPP,CONSTRAINT_FREQ_MEASURE,1,"2025/05/03 10:15:00","2025/05/03 10:14:36",F_TASCAP_RREG_0220,1,RAISEREG,0.02626695,0.00000000,1,0
D,FPP,CONSTRAINT_FREQ_MEASURE,1,"2025/05/03 10:15:00","2025/05/03 10:14:40",F_MAIN++LREG_0210,1,LOWERREG,0.02534078,0.00000000,1,0
D,FPP,CONSTRAINT_FREQ_MEASURE,1,"2025/05/03 10:15:00","2025/05/03 10:14:40",F_T+LREG_0050,1,LOWERREG,0.03656952,0.00000000,1,0
D,FPP,CONSTRAINT_FREQ_MEASURE,1,"2025/05/03 10:15:00","2025/05/03 10:14:40",F_T+RREG_0050,1,RAISEREG,0.03656952,0.00000000,1,0
D,FPP,CONSTRAINT_FREQ_MEASURE,1,"2025/05/03 10:15:00","2025/05/03 10:14:40",F_TASCAP_RREG_0220,1,RAISEREG,0.02534078,0.00000000,1,0
D,FPP,CONSTRAINT_FREQ_MEASURE,1,"2025/05/03 10:15:00","2025/05/03 10:14:44",F_MAIN++LREG_0210,1,LOWERREG,0.02390143,0.00000000,1,0
D,FPP,CONSTRAINT_FREQ_MEASURE,1,"2025/05/03 10:15:00","2025/05/03 10:14:44",F_T+LREG_0050,1,LOWERREG,0.03577629,0.00000000,1,0
D,FPP,CONSTRAINT_FREQ_MEASURE,1,"2025/05/03 10:15:00","2025/05/03 10:14:44",F_T+RREG_0050,1,RAISEREG,0.03577629,0.00000000,1,0
D,FPP,CONSTRAINT_FREQ_MEASURE,1,"2025/05/03 10:15:00","2025/05/03 10:14:44",F_TASCAP_RREG_0220,1,RAISEREG,0.02390143,0.00000000,1,0
D,FPP,CONSTRAINT_FREQ_MEASURE,1,"2025/05/03 10:15:00","2025/05/03 10:14:48",F_MAIN++LREG_0210,1,LOWERREG,0.02182664,0.00000000,1,0
D,FPP,CONSTRAINT_FREQ_MEASURE,1,"2025/05/03 10:15:00","2025/05/03 10:14:48",F_T+LREG_0050,1,LOWERREG,0.02871489,0.00000000,1,0
D,FPP,CONSTRAINT_FREQ_MEASURE,1,"2025/05/03 10:15:00","2025/05/03 10:14:48",F_T+RREG_0050,1,RAISEREG,0.02871489,0.00000000,1,0
D,FPP,CONSTRAINT_FREQ_MEASURE,1,"2025/05/03 10:15:00","2025/05/03 10:14:48",F_TASCAP_RREG_0220,1,RAISEREG,0.02182664,0.00000000,1,0
D,FPP,CONSTRAINT_FREQ_MEASURE,1,"2025/05/03 10:15:00","2025/05/03 10:14:52",F_MAIN++LREG_0210,1,LOWERREG,0.02203259,0.00000000,1,0
D,FPP,CONSTRAINT_FREQ_MEASURE,1,"2025/05/03 10:15:00","2025/05/03 10:14:52",F_T+LREG_0050,1,LOWERREG,0.01722269,0.00000000,1,0
D,FPP,CONSTRAINT_FREQ_MEASURE,1,"2025/05/03 10:15:00","2025/05/03 10:14:52",F_T+RREG_0050,1,RAISEREG,0.01722269,0.00000000,1,0
D,FPP,CONSTRAINT_FREQ_MEASURE,1,"2025/05/03 10:15:00","2025/05/03 10:14:52",F_TASCAP_RREG_0220,1,RAISEREG,0.02203259,0.00000000,1,0
D,FPP,CONSTRAINT_FREQ_MEASURE,1,"2025/05/03 10:15:00","2025/05/03 10:14:56",F_MAIN++LREG_0210,1,LOWERREG,0.02461841,0.00000000,1,0
D,FPP,CONSTRAINT_FREQ_MEASURE,1,"2025/05/03 10:15:00","2025/05/03 10:14:56",F_T+LREG_0050,1,LOWERREG,0.01450654,0.00000000,1,0
D,FPP,CONSTRAINT_FREQ_MEASURE,1,"2025/05/03 10:15:00","2025/05/03 10:14:56",F_T+RREG_0050,1,RAISEREG,0.01450654,0.00000000,1,0
D,FPP,CONSTRAINT_FREQ_MEASURE,1,"2025/05/03 10:15:00","2025/05/03 10:14:56",F_TASCAP_RREG_0220,1,RAISEREG,0.02461841,0.00000000,1,0
D,FPP,CONSTRAINT_FREQ_MEASURE,1,"2025/05/03 10:15:00","2025/05/03 10:15:00",F_MAIN++LREG_0210,1,LOWERREG,0.02713731,0.00000000,1,0
D,FPP,CONSTRAINT_FREQ_MEASURE,1,"2025/05/03 10:15:00","2025/05/03 10:15:00",F_T+LREG_0050,1,LOWERREG,0.01550509,0.00000000,1,0
D,FPP,CONSTRAINT_FREQ_MEASURE,1,"2025/05/03 10:15:00","2025/05/03 10:15:00",F_T+RREG_0050,1,RAISEREG,0.01550509,0.00000000,1,0
D,FPP,CONSTRAINT_FREQ_MEASURE,1,"2025/05/03 10:15:00","2025/05/03 10:15:00",F_TASCAP_RREG_0220,1,RAISEREG,0.02713731,0.00000000,1,0
I,FPP,FPP_RCR,1,INTERVAL_DATETIME,CONSTRAINTID,VERSIONNO,BIDTYPE,RCR,RCR_REASON_FLAG
D,FPP,FPP_RCR,1,"2025/05/03 10:15:00",F_MAIN++LREG_0210,1,LOWERREG,450.98128,0
D,FPP,FPP_RCR,1,"2025/05/03 10:15:00",F_T+LREG_0050,1,LOWERREG,29.70519,0
D,FPP,FPP_RCR,1,"2025/05/03 10:15:00",F_T+RREG_0050,1,RAISEREG,26.82832,0
D,FPP,FPP_RCR,1,"2025/05/03 10:15:00",F_TASCAP_RREG_0220,1,RAISEREG,511.85067,0
I,FPP,FPP_USAGE,1,INTERVAL_DATETIME,CONSTRAINTID,VERSIONNO,BIDTYPE,REGULATION_MW,USED_MW,USAGE,USAGE_REASON_FLAG,USAGE_VALUE
D,FPP,FPP_USAGE,1,"2025/05/03 10:15:00",F_MAIN++LREG_0210,1,LOWERREG,204.46127000,98.40002000,0.48126484,0,0.48126484
D,FPP,FPP_USAGE,1,"2025/05/03 10:15:00",F_T+LREG_0050,1,LOWERREG,50.00000000,0.00000000,0.00000000,0,0.00000000
D,FPP,FPP_USAGE,1,"2025/05/03 10:15:00",F_T+RREG_0050,1,RAISEREG,50.00000000,20.30003000,0.40600060,0,0.40600060
D,FPP,FPP_USAGE,1,"2025/05/03 10:15:00",F_TASCAP_RREG_0220,1,RAISEREG,170.00000000,69.46415000,0.40861265,0,0.40861265
I,FPP,REGION_FREQ_MEASURE,1,INTERVAL_DATETIME,MEASUREMENT_DATETIME,REGIONID,VERSIONNO,FREQ_DEVIATION_HZ,HZ_QUALITY_FLAG,FREQ_MEASURE_HZ,FM_ALIGNMENT_FLAG
D,FPP,REGION_FREQ_MEASURE,1,"2025/05/03 10:15:00","2025/05/03 10:10:04",NSW1,1,0.02100000,1,-0.03537483,1
D,FPP,REGION_FREQ_MEASURE,1,"2025/05/03 10:15:00","2025/05/03 10:10:04",QLD1,1,0.02400000,1,-0.03649833,1
D,FPP,REGION_FREQ_MEASURE,1,"2025/05/03 10:15:00","2025/05/03 10:10:04",SA1,1,0.03400000,1,-0.03918482,1
D,FPP,REGION_FREQ_MEASURE,1,"2025/05/03 10:15:00","2025/05/03 10:10:04",TAS1,1,0.06000000,1,0.01498920,0
D,FPP,REGION_FREQ_MEASURE,1,"2025/05/03 10:15:00","2025/05/03 10:10:04",VIC1,1,0.03400000,1,-0.04024542,1
D,FPP,REGION_FREQ_MEASURE,1,"2025/05/03 10:15:00","2025/05/03 10:10:08",NSW1,1,0.03800000,1,-0.03595820,1
D,FPP,REGION_FREQ_MEASURE,1,"2025/05/03 10:15:00","2025/05/03 10:10:08",QLD1,1,0.03100000,1,-0.03527648,1
D,FPP,REGION_FREQ_MEASURE,1,"2025/05/03 10:15:00","2025/05/03 10:10:08",SA1,1,0.03200000,1,-0.03758819,1
D,FPP,REGION_FREQ_MEASURE,1,"2025/05/03 10:15:00","2025/05/03 10:10:08",TAS1,1,0.07600000,1,-0.00523062,1
D,FPP,REGION_FREQ_MEASURE,1,"2025/05/03 10:15:00","2025/05/03 10:10:08",VIC1,1,0.03100000,1,-0.03819088,1
D,FPP,REGION_FREQ_MEASURE,1,"2025/05/03 10:15:00","2025/05/03 10:10:12",NSW1,1,0.04000000,1,-0.03685638,1
D,FPP,REGION_FREQ_MEASURE,1,"2025/05/03 10:15:00","2025/05/03 10:10:12",QLD1,1,0.04000000,1,-0.03632615,1
D,FPP,REGION_FREQ_MEASURE,1,"2025/05/03 10:15:00","2025/05/03 10:10:12",SA1,1,0.02100000,1,-0.03390193,1
D,FPP,REGION_FREQ_MEASURE,1,"2025/05/03 10:15:00","2025/05/03 10:10:12",TAS1,1,0.08400000,1,-0.02273493,1
D,FPP,REGION_FREQ_MEASURE,1,"2025/05/03 10:15:00","2025/05/03 10:10:12",VIC1,1,0.02100000,1,-0.03437068,1
D,FPP,REGION_FREQ_MEASURE,1,"2025/05/03 10:15:00","2025/05/03 10:10:16",NSW1,1,0.03200000,1,-0.03577718,1
D,FPP,REGION_FREQ_MEASURE,1,"2025/05/03 10:15:00","2025/05/03 10:10:16",QLD1,1,0.03000000,1,-0.03492034,1
D,FPP,REGION_FREQ_MEASURE,1,"2025/05/03 10:15:00","2025/05/03 10:10:16",SA1,1,0.03400000,1,-0.03392372,1
D,FPP,REGION_FREQ_MEASURE,1,"2025/05/03 10:15:00","2025/05/03 10:10:16",TAS1,1,0.06700000,1,-0.03257161,1
D,FPP,REGION_FREQ_MEASURE,1,"2025/05/03 10:15:00","2025/05/03 10:10:16",VIC1,1,0.03500000,1,-0.03451053,1
D,FPP,REGION_FREQ_MEASURE,1,"2025/05/03 10:15:00","2025/05/03 10:10:20",NSW1,1,0.03300000,1,-0.03516003,1
D,FPP,REGION_FREQ_MEASURE,1,"2025/05/03 10:15:00","2025/05/03 10:10:20",QLD1,1,0.03700000,1,-0.03538249,1
D,FPP,REGION_FREQ_MEASURE,1,"2025/05/03 10:15:00","2025/05/03 10:10:20",SA1,1,0.03200000,1,-0.03349623,1
D,FPP,REGION_FREQ_MEASURE,1,"2025/05/03 10:15:00","2025/05/03 10:10:20",TAS1,1,0.02100000,1,-0.03000014,1
D,FPP,REGION_FREQ_MEASURE,1,"2025/05/03 10:15:00","2025/05/03 10:10:20",VIC1,1,0.03500000,1,-0.03461930,1
D,FPP,REGION_FREQ_MEASURE,1,"2025/05/03 10:15:00","2025/05/03 10:10:24",NSW1,1,0.03400000,1,-0.03490225,1
D,FPP,REGION_FREQ_MEASURE,1,"2025/05/03 10:15:00","2025/05/03 10:10:24",QLD1,1,0.03400000,1,-0.03507527,1
D,FPP,REGION_FREQ_MEASURE,1,"2025/05/03 10:15:00","2025/05/03 10:10:24",SA1,1,0.03200000,1,-0.03316373,1
D,FPP,REGION_FREQ_MEASURE,1,"2025/05/03 10:15:00","2025/05/03 10:10:24",TAS1,1,0.01800000,1,-0.02733344,1
D,FPP,REGION_FREQ_MEASURE,1,"2025/05/03 10:15:00","2025/05/03 10:10:24",VIC1,1,0.03300000,1,-0.03425946,1
D,FPP,REGION_FREQ_MEASURE,1,"2025/05/03 10:15:00","2025/05/03 10:10:28",NSW1,1,0.02900000,1,-0.03359064,1
D,FPP,REGION_FREQ_MEASURE,1,"2025/05/03 10:15:00","2025/05/03 10:10:28",QLD1,1,0.03200000,1,-0.03439188,1
D,FPP,REGION_FREQ_MEASURE,1,"2025/05/03 10:15:00","2025/05/03 10:10:28",SA1,1,0.03200000,1,-0.03290512,1
D,FPP,REGION_FREQ_MEASURE,1,"2025/05/03 10:15:00","2025/05/03 10:10:28",TAS1,1,0.05000000,1,-0.03237045,1
D,FPP,REGION_FREQ_MEASURE,1,"2025/05/03 10:15:00","2025/05/03 10:10:28",VIC1,1,0.03300000,1,-0.03397958,1
D,FPP,REGION_FREQ_MEASURE,1,"2025/05/03 10:15:00","2025/05/03 10:10:32",NSW1,1,0.04200000,1,-0.03545939,1
D,FPP,REGION_FREQ_MEASURE,1,"2025/05/03 10:15:00","2025/05/03 10:10:32",QLD1,1,0.04000000,1,-0.03563813,1
D,FPP,REGION_FREQ_MEASURE,1,"2025/05/03 10:15:00","2025/05/03 10:10:32",SA1,1,0.03100000,1,-0.03248176,1
D,FPP,REGION_FREQ_MEASURE,1,"2025/05/03 10:15:00","2025/05/03 10:10:32",TAS1,1,0.03600000,1,-0.03317702,1
D,FPP,REGION_FREQ_MEASURE,1,"2025/05/03 10:15:00","2025/05/03 10:10:32",VIC1,1,0.03100000,1,-0.03331745,1
D,FPP,REGION_FREQ_MEASURE,1,"2025/05/03 10:15:00","2025/05/03 10:10:36",NSW1,1,0.02100000,1,-0.03224619,1
D,FPP,REGION_FREQ_MEASURE,1,"2025/05/03 10:15:00","2025/05/03 10:10:36",QLD1,1,0.02500000,1,-0.03327410,1
D,FPP,REGION_FREQ_MEASURE,1,"2025/05/03 10:15:00","2025/05/03 10:10:36",SA1,1,0.03100000,1,-0.03215248,1
D,FPP,REGION_FREQ_MEASURE,1,"2025/05/03 10:15:00","2025/05/03 10:10:36",TAS1,1,0.01900000,1,-0.03002657,1
D,FPP,REGION_FREQ_MEASURE,1,"2025/05/03 10:15:00","2025/05/03 10:10:36",VIC1,1,0.03100000,1,-0.03280246,1
D,FPP,REGION_FREQ_MEASURE,1,"2025/05/03 10:15:00","2025/05/03 10:10:40",NSW1,1,0.00800000,1,-0.02685815,1
D,FPP,REGION_FREQ_MEASURE,1,"2025/05/03 10:15:00","2025/05/03 10:10:40",QLD1,1,0.00700000,1,-0.02743541,1
D,FPP,REGION_FREQ_MEASURE,1,"2025/05/03 10:15:00","2025/05/03 10:10:40",SA1,1,0.03400000,1,-0.03256304,1
D,FPP,REGION_FREQ_MEASURE,1,"2025/05/03 10:15:00","2025/05/03 10:10:40",TAS1,1,0.03100000,1,-0.03024289,1
D,FPP,REGION_FREQ_MEASURE,1,"2025/05/03 10:15:00","2025/05/03 10:10:40",VIC1,1,0.03600000,1,-0.03351302,1
D,FPP,REGION_FREQ_MEASURE,1,"2025/05/03 10:15:00","2025/05/03 10:10:44",NSW1,1,0.01900000,1,-0.02511189,1
D,FPP,REGION_FREQ_MEASURE,1,"2025/05/03 10:15:00","2025/05/03 10:10:44",QLD1,1,0.02100000,1,-0.02600532,1
D,FPP,REGION_FREQ_MEASURE,1,"2025/05/03 10:15:00","2025/05/03 10:10:44",SA1,1,0.00900000,1,-0.02732681,1
D,FPP,REGION_FREQ_MEASURE,1,"2025/05/03 10:15:00","2025/05/03 10:10:44",TAS1,1,0.01400000,1,-0.02663336,1
D,FPP,REGION_FREQ_MEASURE,1,"2025/05/03 10:15:00","2025/05/03 10:10:44",VIC1,1,0.01300000,1,-0.02895457,1
D,FPP,REGION_FREQ_MEASURE,1,"2025/05/03 10:15:00","2025/05/03 10:10:48",NSW1,1,0.01200000,1,-0.02219814,1
D,FPP,REGION_FREQ_MEASURE,1,"2025/05/03 10:15:00","2025/05/03 10:10:48",QLD1,1,0.01500000,1,-0.02355969,1
D,FPP,REGION_FREQ_MEASURE,1,"2025/05/03 10:15:00","2025/05/03 10:10:48",SA1,1,0.01600000,1,-0.02480974,1
D,FPP,REGION_FREQ_MEASURE,1,"2025/05/03 10:15:00","2025/05/03 10:10:48",TAS1,1,-0.03100000,1,-0.01382595,0
D,FPP,REGION_FREQ_MEASURE,1,"2025/05/03 10:15:00","2025/05/03 10:10:48",VIC1,1,0.01300000,1,-0.02540911,1
D,FPP,REGION_FREQ_MEASURE,1,"2025/05/03 10:15:00","2025/05/03 10:10:52",NSW1,1,0.00900000,1,-0.01926522,1
D,FPP,REGION_FREQ_MEASURE,1,"2025/05/03 10:15:00","2025/05/03 10:10:52",QLD1,1,0.01200000,1,-0.02099087,1
D,FPP,REGION_FREQ_MEASURE,1,"2025/05/03 10:15:00","2025/05/03 10:10:52",SA1,1,0.01600000,1,-0.02285202,1
D,FPP,REGION_FREQ_MEASURE,1,"2025/05/03 10:15:00","2025/05/03 10:10:52",TAS1,1,-0.06300000,1,0.00324648,1
D,FPP,REGION_FREQ_MEASURE,1,"2025/05/03 10:15:00","2025/05/03 10:10:52",VIC1,1,0.01900000,1,-0.02398486,1
D,FPP,REGION_FREQ_MEASURE,1,"2025/05/03 10:15:00","2025/05/03 10:10:56",NSW1,1,0.01500000,1,-0.01831739,1
D,FPP,REGION_FREQ_MEASURE,1,"2025/05/03 10:15:00","2025/05/03 10:10:56",QLD1,1,0.01100000,1,-0.01877068,1
D,FPP,REGION_FREQ_MEASURE,1,"2025/05/03 10:15:00","2025/05/03 10:10:56",SA1,1,0.00700000,1,-0.01932935,1
D,FPP,REGION_FREQ_MEASURE,1,"2025/05/03 10:15:00","2025/05/03 10:10:56",TAS1,1,-0.07000000,1,0.01808060,1
D,FPP,REGION_FREQ_MEASURE,1,"2025/05/03 10:15:00","2025/05/03 10:10:56",VIC1,1,0.00800000,1,-0.02043267,1
D,FPP,REGION_FREQ_MEASURE,1,"2025/05/03 10:15:00","2025/05/03 10:11:00",NSW1,1,0.01000000,1,-0.01646908,1
D,FPP,REGION_FREQ_MEASURE,1,"2025/05/03 10:15:00","2025/05/03 10:11:00",QLD1,1,0.01600000,1,-0.01815497,1
D,FPP,REGION_FREQ_MEASURE,1,"2025/05/03 10:15:00","2025/05/03 10:11:00",SA1,1,0.00700000,1,-0.01658949,1
D,FPP,REGION_FREQ_MEASURE,1,"2025/05/03 10:15:00","2025/05/03 10:11:00",TAS1,1,-0.08700000,1,0.03339602,1
D,FPP,REGION_FREQ_MEASURE,1,"2025/05/03 10:15:00","2025/05/03 10:11:00",VIC1,1,0.01100000,1,-0.01833652,1
D,FPP,REGION_FREQ_MEASURE,1,"2025/05/03 10:15:00","2025/05/03 10:11:04",NSW1,1,-0.00100000,1,-0.01258706,1
D,FPP,REGION_FREQ_MEASURE,1,"2025/05/03 10:15:00","2025/05/03 10:11:04",QLD1,1,0.00600000,1,-0.01545387,1
D,FPP,REGION_FREQ_MEASURE,1,"2025/05/03 10:15:00","2025/05/03 10:11:04",SA1,1,0.01800000,1,-0.01690294,1
D,FPP,REGION_FREQ_MEASURE,1,"2025/05/03 10:15:00","2025/05/03 10:11:04",TAS1,1,-0.09500000,1,0.04708579,1
D,FPP,REGION_FREQ_MEASURE,1,"2025/05/03 10:15:00","2025/05/03 10:11:04",VIC1,1,0.01800000,1,-0.01826174,1
D,FPP,REGION_FREQ_MEASURE,1,"2025/05/03 10:15:00","2025/05/03 10:11:08",NSW1,1,-0.00300000,1,-0.00912327,1
D,FPP,REGION_FREQ_MEASURE,1,"2025/05/03 10:15:00","2025/05/03 10:11:08",QLD1,1,-0.00400000,1,-0.01113079,1
D,FPP,REGION_FREQ_MEASURE,1,"2025/05/03 10:15:00","2025/05/03 10:11:08",SA1,1,0.01000000,1,-0.01536895,1
D,FPP,REGION_FREQ_MEASURE,1,"2025/05/03 10:15:00","2025/05/03 10:11:08",TAS1,1,-0.06900000,1,0.05195561,1
D,FPP,REGION_FREQ_MEASURE,1,"2025/05/03 10:15:00","2025/05/03 10:11:08",VIC1,1,0.00900000,1,-0.01620358,1
D,FPP,REGION_FREQ_MEASURE,1,"2025/05/03 10:15:00","2025/05/03 10:11:12",NSW1,1,0.00500000,1,-0.00820699,1
D,FPP,REGION_FREQ_MEASURE,1,"2025/05/03 10:15:00","2025/05/03 10:11:12",QLD1,1,0.00100000,1,-0.00887950,1
D,FPP,REGION_FREQ_MEASURE,1,"2025/05/03 10:15:00","2025/05/03 10:11:12",SA1,1,-0.00200000,1,-0.01150918,1
D,FPP,REGION_FREQ_MEASURE,1,"2025/05/03 10:15:00","2025/05/03 10:11:12",TAS1,1,-0.06200000,1,0.05418770,1
D,FPP,REGION_FREQ_MEASURE,1,"2025/05/03 10:15:00","2025/05/03 10:11:12",VIC1,1,-0.00100000,1,-0.01238056,1
D,FPP,REGION_FREQ_MEASURE,1,"2025/05/03 10:15:00","2025/05/03 10:11:16",NSW1,1,0.00600000,1,-0.00771655,1
D,FPP,REGION_FREQ_MEASURE,1,"2025/05/03 10:15:00","2025/05/03 10:11:16",QLD1,1,0.00600000,1,-0.00823961,1
D,FPP,REGION_FREQ_MEASURE,1,"2025/05/03 10:15:00","2025/05/03 10:11:16",SA1,1,0.00300000,1,-0.00961825,1
D,FPP,REGION_FREQ_MEASURE,1,"2025/05/03 10:15:00","2025/05/03 10:11:16",TAS1,1,-0.05800000,1,0.05503488,1
D,FPP,REGION_FREQ_MEASURE,1,"2025/05/03 10:15:00","2025/05/03 10:11:16",VIC1,1,0.00200000,1,-0.01007377,1
D,FPP,REGION_FREQ_MEASURE,1,"2025/05/03 10:15:00","2025/05/03 10:11:20",NSW1,1,-0.00600000,1,-0.00466843,1
D,FPP,REGION_FREQ_MEASURE,1,"2025/05/03 10:15:00","2025/05/03 10:11:20",QLD1,1,0.00000000,1,-0.00640859,1
D,FPP,REGION_FREQ_MEASURE,1,"2025/05/03 10:15:00","2025/05/03 10:11:20",SA1,1,0.00300000,1,-0.00814753,1
D,FPP,REGION_FREQ_MEASURE,1,"2025/05/03 10:15:00","2025/05/03 10:11:20",TAS1,1,-0.07800000,1,0.06013824,1
D,FPP,REGION_FREQ_MEASURE,1,"2025/05/03 10:15:00","2025/05/03 10:11:20",VIC1,1,0.00200000,1,-0.00827960,1
D,FPP,REGION_FREQ_MEASURE,1,"2025/05/03 10:15:00","2025/05/03 10:11:24",NSW1,1,-0.01200000,1,-0.00096433,1
D,FPP,REGION_FREQ_MEASURE,1,"2025/05/03 10:15:00","2025/05/03 10:11:24",QLD1,1,-0.01200000,1,-0.00231779,1
D,FPP,REGION_FREQ_MEASURE,1,"2025/05/03 10:15:00","2025/05/03 10:11:24",SA1,1,0.00400000,1,-0.00722586,1
D,FPP,REGION_FREQ_MEASURE,1,"2025/05/03 10:15:00","2025/05/03 10:11:24",TAS1,1,-0.10300000,1,0.06966308,1
D,FPP,REGION_FREQ_MEASURE,1,"2025/05/03 10:15:00","2025/05/03 10:11:24",VIC1,1,0.00400000,1,-0.00732858,1
D,FPP,REGION_FREQ_MEASURE,1,"2025/05/03 10:15:00","2025/05/03 10:11:28",NSW1,1,-0.01600000,1,0.00280552,1
D,FPP,REGION_FREQ_MEASURE,1,"2025/05/03 10:15:00","2025/05/03 10:11:28",QLD1,1,-0.01400000,1,0.00130839,1
D,FPP,REGION_FREQ_MEASURE,1,"2025/05/03 10:15:00","2025/05/03 10:11:28",SA1,1,-0.01100000,1,-0.00317567,1
D,FPP,REGION_FREQ_MEASURE,1,"2025/05/03 10:15:00","2025/05/03 10:11:28",TAS1,1,-0.09100000,1,0.07440462,1
D,FPP,REGION_FREQ_MEASURE,1,"2025/05/03 10:15:00","2025/05/03 10:11:28",VIC1,1,-0.00900000,1,-0.00370001,1
D,FPP,REGION_FREQ_MEASURE,1,"2025/05/03 10:15:00","2025/05/03 10:11:32",NSW1,1,-0.00900000,1,0.00418207,1
D,FPP,REGION_FREQ_MEASURE,1,"2025/05/03 10:15:00","2025/05/03 10:11:32",QLD1,1,-0.01100000,1,0.00346208,1
D,FPP,REGION_FREQ_MEASURE,1,"2025/05/03 10:15:00","2025/05/03 10:11:32",SA1,1,-0.01300000,1,0.00041892,1
D,FPP,REGION_FREQ_MEASURE,1,"2025/05/03 10:15:00","2025/05/03 10:11:32",TAS1,1,-0.04200000,1,0.06720359,1
D,FPP,REGION_FREQ_MEASURE,1,"2025/05/03 10:15:00","2025/05/03 10:11:32",VIC1,1,-0.01300000,1,0.00001110,1
D,FPP,REGION_FREQ_MEASURE,1,"2025/05/03 10:15:00","2025/05/03 10:11:36",NSW1,1,-0.02100000,1,0.00791939,1
D,FPP,REGION_FREQ_MEASURE,1,"2025/05/03 10:15:00","2025/05/03 10:11:36",QLD1,1,-0.01400000,1,0.00580384,1
D,FPP,REGION_FREQ_MEASURE,1,"2025/05/03 10:15:00","2025/05/03 10:11:36",SA1,1,-0.01700000,1,0.00410360,1
D,FPP,REGION_FREQ_MEASURE,1,"2025/05/03 10:15:00","2025/05/03 10:11:36",TAS1,1,-0.00100000,1,0.05249168,1
D,FPP,REGION_FREQ_MEASURE,1,"2025/05/03 10:15:00","2025/05/03 10:11:36",VIC1,1,-0.01700000,1,0.00378641,1
D,FPP,REGION_FREQ_MEASURE,1,"2025/05/03 10:15:00","2025/05/03 10:11:40",NSW1,1,-0.03300000,1,0.01349286,1
D,FPP,REGION_FREQ_MEASURE,1,"2025/05/03 10:15:00","2025/05/03 10:11:40",QLD1,1,-0.03000000,1,0.01118076,1
D,FPP,REGION_FREQ_MEASURE,1,"2025/05/03 10:15:00","2025/05/03 10:11:40",SA1,1,-0.01700000,1,0.00696947,1
D,FPP,REGION_FREQ_MEASURE,1,"2025/05/03 10:15:00","2025/05/03 10:11:40",TAS1,1,0.06900000,1,0.02549353,0
D,FPP,REGION_FREQ_MEASURE,1,"2025/05/03 10:15:00","2025/05/03 10:11:40",VIC1,1,-0.01400000,1,0.00605610,1
D,FPP,REGION_FREQ_MEASURE,1,"2025/05/03 10:15:00","2025/05/03 10:11:44",NSW1,1,-0.03700000,1,0.01871667,1
D,FPP,REGION_FREQ_MEASURE,1,"2025/05/03 10:15:00","2025/05/03 10:11:44",QLD1,1,-0.03200000,1,0.01580726,1
D,FPP,REGION_FREQ_MEASURE,1,"2025/05/03 10:15:00","2025/05/03 10:11:44",SA1,1,-0.02300000,1,0.01053181,1
D,FPP,REGION_FREQ_MEASURE,1,"2025/05/03 10:15:00","2025/05/03 10:11:44",TAS1,1,0.03500000,1,0.01205052,0
D,FPP,REGION_FREQ_MEASURE,1,"2025/05/03 10:15:00","2025/05/03 10:11:44",VIC1,1,-0.02400000,1,0.01004363,1
D,FPP,REGION_FREQ_MEASURE,1,"2025/05/03 10:15:00","2025/05/03 10:11:48",NSW1,1,-0.02200000,1,0.01944630,1
D,FPP,REGION_FREQ_MEASURE,1,"2025/05/03 10:15:00","2025/05/03 10:11:48",QLD1,1,-0.02700000,1,0.01829454,1
D,FPP,REGION_FREQ_MEASURE,1,"2025/05/03 10:15:00","2025/05/03 10:11:48",SA1,1,-0.03100000,1,0.01508030,1
D,FPP,REGION_FREQ_MEASURE,1,"2025/05/03 10:15:00","2025/05/03 10:11:48",TAS1,1,-0.01900000,1,0.01359485,1
D,FPP,REGION_FREQ_MEASURE,1,"2025/05/03 10:15:00","2025/05/03 10:11:48",VIC1,1,-0.03100000,1,0.01470060,1
D,FPP,REGION_FREQ_MEASURE,1,"2025/05/03 10:15:00","2025/05/03 10:11:52",NSW1,1,-0.02300000,1,0.02023601,1
D,FPP,REGION_FREQ_MEASURE,1,"2025/05/03 10:15:00","2025/05/03 10:11:52",QLD1,1,-0.02500000,1,0.01978464,1
D,FPP,REGION_FREQ_MEASURE,1,"2025/05/03 10:15:00","2025/05/03 10:11:52",SA1,1,-0.03100000,1,0.01861801,1
D,FPP,REGION_FREQ_MEASURE,1,"2025/05/03 10:15:00","2025/05/03 10:11:52",TAS1,1,-0.02600000,1,0.01635155,1
D,FPP,REGION_FREQ_MEASURE,1,"2025/05/03 10:15:00","2025/05/03 10:11:52",VIC1,1,-0.03200000,1,0.01854491,1
D,FPP,REGION_FREQ_MEASURE,1,"2025/05/03 10:15:00","2025/05/03 10:11:56",NSW1,1,-0.02100000,1,0.02040579,1
D,FPP,REGION_FREQ_MEASURE,1,"2025/05/03 10:15:00","2025/05/03 10:11:56",QLD1,1,-0.01500000,1,0.01872139,1
D,FPP,REGION_FREQ_MEASURE,1,"2025/05/03 10:15:00","2025/05/03 10:11:56",SA1,1,-0.02700000,1,0.02048067,1
D,FPP,REGION_FREQ_MEASURE,1,"2025/05/03 10:15:00","2025/05/03 10:11:56",TAS1,1,-0.00800000,1,0.01449565,1
D,FPP,REGION_FREQ_MEASURE,1,"2025/05/03 10:15:00","2025/05/03 10:11:56",VIC1,1,-0.02500000,1,0.01997937,1
D,FPP,REGION_FREQ_MEASURE,1,"2025/05/03 10:15:00","2025/05/03 10:12:00",NSW1,1,-0.01800000,1,0.01987117,1
D,FPP,REGION_FREQ_MEASURE,1,"2025/05/03 10:15:00","2025/05/03 10:12:00",QLD1,1,-0.02300000,1,0.01967219,1
D,FPP,REGION_FREQ_MEASURE,1,"2025/05/03 10:15:00","2025/05/03 10:12:00",SA1,1,-0.01800000,1,0.01992941,1
D,FPP,REGION_FREQ_MEASURE,1,"2025/05/03 10:15:00","2025/05/03 10:12:00",TAS1,1,0.02500000,1,0.00571884,0
D,FPP,REGION_FREQ_MEASURE,1,"2025/05/03 10:15:00","2025/05/03 10:12:00",VIC1,1,-0.01900000,1,0.01976173,1
D,FPP,REGION_FREQ_MEASURE,1,"2025/05/03 10:15:00","2025/05/03 10:12:04",NSW1,1,-0.03000000,1,0.02212202,1
D,FPP,REGION_FREQ_MEASURE,1,"2025/05/03 10:15:00","2025/05/03 10:12:04",QLD1,1,-0.02900000,1,0.02174504,1
D,FPP,REGION_FREQ_MEASURE,1,"2025/05/03 10:15:00","2025/05/03 10:12:04",SA1,1,-0.02400000,1,0.02083399,1
D,FPP,REGION_FREQ_MEASURE,1,"2025/05/03 10:15:00","2025/05/03 10:12:04",TAS1,1,0.02200000,1,-0.00044090,1
D,FPP,REGION_FREQ_MEASURE,1,"2025/05/03 10:15:00","2025/05/03 10:12:04",VIC1,1,-0.02100000,1,0.02003690,1
D,FPP,REGION_FREQ_MEASURE,1,"2025/05/03 10:15:00","2025/05/03 10:12:08",NSW1,1,-0.02500000,1,0.02276157,1
D,FPP,REGION_FREQ_MEASURE,1,"2025/05/03 10:15:00","2025/05/03 10:12:08",QLD1,1,-0.02800000,1,0.02313503,1
D,FPP,REGION_FREQ_MEASURE,1,"2025/05/03 10:15:00","2025/05/03 10:12:08",SA1,1,-0.02500000,1,0.02175977,1
D,FPP,REGION_FREQ_MEASURE,1,"2025/05/03 10:15:00","2025/05/03 10:12:08",TAS1,1,-0.00500000,1,0.00076819,1
D,FPP,REGION_FREQ_MEASURE,1,"2025/05/03 10:15:00","2025/05/03 10:12:08",VIC1,1,-0.02100000,1,0.02025092,1
D,FPP,REGION_FREQ_MEASURE,1,"2025/05/03 10:15:00","2025/05/03 10:12:12",NSW1,1,-0.02500000,1,0.02325900,1
D,FPP,REGION_FREQ_MEASURE,1,"2025/05/03 10:15:00","2025/05/03 10:12:12",QLD1,1,-0.02400000,1,0.02332725,1
D,FPP,REGION_FREQ_MEASURE,1,"2025/05/03 10:15:00","2025/05/03 10:12:12",SA1,1,-0.03600000,1,0.02492427,1
D,FPP,REGION_FREQ_MEASURE,1,"2025/05/03 10:15:00","2025/05/03 10:12:12",TAS1,1,-0.04900000,1,0.01148637,1
D,FPP,REGION_FREQ_MEASURE,1,"2025/05/03 10:15:00","2025/05/03 10:12:12",VIC1,1,-0.03600000,1,0.02375072,1
D,FPP,REGION_FREQ_MEASURE,1,"2025/05/03 10:15:00","2025/05/03 10:12:16",NSW1,1,-0.02500000,1,0.02364589,1
D,FPP,REGION_FREQ_MEASURE,1,"2025/05/03 10:15:00","2025/05/03 10:12:16",QLD1,1,-0.02200000,1,0.02303231,1
D,FPP,REGION_FREQ_MEASURE,1,"2025/05/03 10:15:00","2025/05/03 10:12:16",SA1,1,-0.02200000,1,0.02427443,1
D,FPP,REGION_FREQ_MEASURE,1,"2025/05/03 10:15:00","2025/05/03 10:12:16",TAS1,1,-0.06000000,1,0.02226718,1
D,FPP,REGION_FREQ_MEASURE,1,"2025/05/03 10:15:00","2025/05/03 10:12:16",VIC1,1,-0.02300000,1,0.02358389,1
D,FPP,REGION_FREQ_MEASURE,1,"2025/05/03 10:15:00","2025/05/03 10:12:20",NSW1,1,-0.04000000,1,0.02728014,1
D,FPP,REGION_FREQ_MEASURE,1,"2025/05/03 10:15:00","2025/05/03 10:12:20",QLD1,1,-0.03600000,1,0.02591402,1
D,FPP,REGION_FREQ_MEASURE,1,"2025/05/03 10:15:00","2025/05/03 10:12:20",SA1,1,-0.03000000,1,0.02554678,1
D,FPP,REGION_FREQ_MEASURE,1,"2025/05/03 10:15:00","2025/05/03 10:12:20",TAS1,1,-0.05200000,1,0.02887447,1
D,FPP,REGION_FREQ_MEASURE,1,"2025/05/03 10:15:00","2025/05/03 10:12:20",VIC1,1,-0.03000000,1,0.02500969,1
D,FPP,REGION_FREQ_MEASURE,1,"2025/05/03 10:15:00","2025/05/03 10:12:24",NSW1,1,-0.03100000,1,0.02810678,1
D,FPP,REGION_FREQ_MEASURE,1,"2025/05/03 10:15:00","2025/05/03 10:12:24",QLD1,1,-0.03300000,1,0.02748868,1
D,FPP,REGION_FREQ_MEASURE,1,"2025/05/03 10:15:00","2025/05/03 10:12:24",SA1,1,-0.03200000,1,0.02698083,1
D,FPP,REGION_FREQ_MEASURE,1,"2025/05/03 10:15:00","2025/05/03 10:12:24",TAS1,1,-0.02000000,1,0.02690237,1
D,FPP,REGION_FREQ_MEASURE,1,"2025/05/03 10:15:00","2025/05/03 10:12:24",VIC1,1,-0.03200000,1,0.02656309,1
D,FPP,REGION_FREQ_MEASURE,1,"2025/05/03 10:15:00","2025/05/03 10:12:28",NSW1,1,-0.03100000,1,0.02874972,1
D,FPP,REGION_FREQ_MEASURE,1,"2025/05/03 10:15:00","2025/05/03 10:12:28",QLD1,1,-0.03100000,1,0.02826897,1
D,FPP,REGION_FREQ_MEASURE,1,"2025/05/03 10:15:00","2025/05/03 10:12:28",SA1,1,-0.04300000,1,0.03054065,1
D,FPP,REGION_FREQ_MEASURE,1,"2025/05/03 10:15:00","2025/05/03 10:12:28",TAS1,1,0.01000000,1,0.01870184,1
D,FPP,REGION_FREQ_MEASURE,1,"2025/05/03 10:15:00","2025/05/03 10:12:28",VIC1,1,-0.04100000,1,0.02977129,1
D,FPP,REGION_FREQ_MEASURE,1,"2025/05/03 10:15:00","2025/05/03 10:12:32",NSW1,1,-0.03600000,1,0.03036089,1
D,FPP,REGION_FREQ_MEASURE,1,"2025/05/03 10:15:00","2025/05/03 10:12:32",QLD1,1,-0.03200000,1,0.02909809,1
D,FPP,REGION_FREQ_MEASURE,1,"2025/05/03 10:15:00","2025/05/03 10:12:32",SA1,1,-0.03200000,1,0.03086495,1
D,FPP,REGION_FREQ_MEASURE,1,"2025/05/03 10:15:00","2025/05/03 10:12:32",TAS1,1,-0.01900000,1,0.01876810,1
D,FPP,REGION_FREQ_MEASURE,1,"2025/05/03 10:15:00","2025/05/03 10:12:32",VIC1,1,-0.03000000,1,0.02982211,1
D,FPP,REGION_FREQ_MEASURE,1,"2025/05/03 10:15:00","2025/05/03 10:12:36",NSW1,1,-0.03800000,1,0.03205847,1
D,FPP,REGION_FREQ_MEASURE,1,"2025/05/03 10:15:00","2025/05/03 10:12:36",QLD1,1,-0.04100000,1,0.03174296,1
D,FPP,REGION_FREQ_MEASURE,1,"2025/05/03 10:15:00","2025/05/03 10:12:36",SA1,1,-0.03500000,1,0.03178385,1
D,FPP,REGION_FREQ_MEASURE,1,"2025/05/03 10:15:00","2025/05/03 10:12:36",TAS1,1,-0.06000000,1,0.02793074,1
D,FPP,REGION_FREQ_MEASURE,1,"2025/05/03 10:15:00","2025/05/03 10:12:36",VIC1,1,-0.03000000,1,0.02986164,1
D,FPP,REGION_FREQ_MEASURE,1,"2025/05/03 10:15:00","2025/05/03 10:12:40",NSW1,1,-0.03100000,1,0.03182325,1
D,FPP,REGION_FREQ_MEASURE,1,"2025/05/03 10:15:00","2025/05/03 10:12:40",QLD1,1,-0.03700000,1,0.03291119,1
D,FPP,REGION_FREQ_MEASURE,1,"2025/05/03 10:15:00","2025/05/03 10:12:40",SA1,1,-0.04100000,1,0.03383188,1
D,FPP,REGION_FREQ_MEASURE,1,"2025/05/03 10:15:00","2025/05/03 10:12:40",TAS1,1,-0.06700000,1,0.03661280,1
D,FPP,REGION_FREQ_MEASURE,1,"2025/05/03 10:15:00","2025/05/03 10:12:40",VIC1,1,-0.03900000,1,0.03189239,1
D,FPP,REGION_FREQ_MEASURE,1,"2025/05/03 10:15:00","2025/05/03 10:12:44",NSW1,1,-0.02200000,1,0.02964031,1
D,FPP,REGION_FREQ_MEASURE,1,"2025/05/03 10:15:00","2025/05/03 10:12:44",QLD1,1,-0.01800000,1,0.02959759,1
D,FPP,REGION_FREQ_MEASURE,1,"2025/05/03 10:15:00","2025/05/03 10:12:44",SA1,1,-0.03900000,1,0.03498035,1
D,FPP,REGION_FREQ_MEASURE,1,"2025/05/03 10:15:00","2025/05/03 10:12:44",TAS1,1,-0.05500000,1,0.04069884,1
D,FPP,REGION_FREQ_MEASURE,1,"2025/05/03 10:15:00","2025/05/03 10:12:44",VIC1,1,-0.04200000,1,0.03413853,1
D,FPP,REGION_FREQ_MEASURE,1,"2025/05/03 10:15:00","2025/05/03 10:12:48",NSW1,1,-0.03800000,1,0.03149802,1
D,FPP,REGION_FREQ_MEASURE,1,"2025/05/03 10:15:00","2025/05/03 10:12:48",QLD1,1,-0.03400000,1,0.03057590,1
D,FPP,REGION_FREQ_MEASURE,1,"2025/05/03 10:15:00","2025/05/03 10:12:48",SA1,1,-0.02400000,1,0.03254027,1
D,FPP,REGION_FREQ_MEASURE,1,"2025/05/03 10:15:00","2025/05/03 10:12:48",TAS1,1,-0.04400000,1,0.04143243,1
D,FPP,REGION_FREQ_MEASURE,1,"2025/05/03 10:15:00","2025/05/03 10:12:48",VIC1,1,-0.02700000,1,0.03255219,1
D,FPP,REGION_FREQ_MEASURE,1,"2025/05/03 10:15:00","2025/05/03 10:12:52",NSW1,1,-0.03600000,1,0.03249846,1
D,FPP,REGION_FREQ_MEASURE,1,"2025/05/03 10:15:00","2025/05/03 10:12:52",QLD1,1,-0.03400000,1,0.03133681,1
D,FPP,REGION_FREQ_MEASURE,1,"2025/05/03 10:15:00","2025/05/03 10:12:52",SA1,1,-0.02600000,1,0.03108688,1
D,FPP,REGION_FREQ_MEASURE,1,"2025/05/03 10:15:00","2025/05/03 10:12:52",TAS1,1,-0.03900000,1,0.04089189,1
D,FPP,REGION_FREQ_MEASURE,1,"2025/05/03 10:15:00","2025/05/03 10:12:52",VIC1,1,-0.02400000,1,0.03065170,1
D,FPP,REGION_FREQ_MEASURE,1,"2025/05/03 10:15:00","2025/05/03 10:12:56",NSW1,1,-0.03400000,1,0.03283214,1
D,FPP,REGION_FREQ_MEASURE,1,"2025/05/03 10:15:00","2025/05/03 10:12:56",QLD1,1,-0.03600000,1,0.03237307,1
D,FPP,REGION_FREQ_MEASURE,1,"2025/05/03 10:15:00","2025/05/03 10:12:56",SA1,1,-0.03500000,1,0.03195646,1
D,FPP,REGION_FREQ_MEASURE,1,"2025/05/03 10:15:00","2025/05/03 10:12:56",TAS1,1,-0.07000000,1,0.04736036,1
D,FPP,REGION_FREQ_MEASURE,1,"2025/05/03 10:15:00","2025/05/03 10:12:56",VIC1,1,-0.03400000,1,0.03139577,1
D,FPP,REGION_FREQ_MEASURE,1,"2025/05/03 10:15:00","2025/05/03 10:13:00",NSW1,1,-0.03400000,1,0.03309166,1
D,FPP,REGION_FREQ_MEASURE,1,"2025/05/03 10:15:00","2025/05/03 10:13:00",QLD1,1,-0.03400000,1,0.03273461,1
D,FPP,REGION_FREQ_MEASURE,1,"2025/05/03 10:15:00","2025/05/03 10:13:00",SA1,1,-0.03200000,1,0.03196614,1
D,FPP,REGION_FREQ_MEASURE,1,"2025/05/03 10:15:00","2025/05/03 10:13:00",TAS1,1,-0.04500000,1,0.04683584,1
D,FPP,REGION_FREQ_MEASURE,1,"2025/05/03 10:15:00","2025/05/03 10:13:00",VIC1,1,-0.03400000,1,0.03197449,1
D,FPP,REGION_FREQ_MEASURE,1,"2025/05/03 10:15:00","2025/05/03 10:13:04",NSW1,1,-0.02100000,1,0.03040462,1
D,FPP,REGION_FREQ_MEASURE,1,"2025/05/03 10:15:00","2025/05/03 10:13:04",QLD1,1,-0.02300000,1,0.03057136,1
D,FPP,REGION_FREQ_MEASURE,1,"2025/05/03 10:15:00","2025/05/03 10:13:04",SA1,1,-0.03100000,1,0.03175144,1
D,FPP,REGION_FREQ_MEASURE,1,"2025/05/03 10:15:00","2025/05/03 10:13:04",TAS1,1,-0.01500000,1,0.03976121,1
D,FPP,REGION_FREQ_MEASURE,1,"2025/05/03 10:15:00","2025/05/03 10:13:04",VIC1,1,-0.03400000,1,0.03242460,1
D,FPP,REGION_FREQ_MEASURE,1,"2025/05/03 10:15:00","2025/05/03 10:13:08",NSW1,1,-0.03300000,1,0.03098137,1
D,FPP,REGION_FREQ_MEASURE,1,"2025/05/03 10:15:00","2025/05/03 10:13:08",QLD1,1,-0.03500000,1,0.03155550,1
D,FPP,REGION_FREQ_MEASURE,1,"2025/05/03 10:15:00","2025/05/03 10:13:08",SA1,1,-0.02900000,1,0.03114001,1
D,FPP,REGION_FREQ_MEASURE,1,"2025/05/03 10:15:00","2025/05/03 10:13:08",TAS1,1,-0.02700000,1,0.03692539,1
D,FPP,REGION_FREQ_MEASURE,1,"2025/05/03 10:15:00","2025/05/03 10:13:08",VIC1,1,-0.03400000,1,0.03277469,1
D,FPP,REGION_FREQ_MEASURE,1,"2025/05/03 10:15:00","2025/05/03 10:13:12",NSW1,1,-0.03000000,1,0.03076329,1
D,FPP,REGION_FREQ_MEASURE,1,"2025/05/03 10:15:00","2025/05/03 10:13:12",QLD1,1,-0.03000000,1,0.03120983,1
D,FPP,REGION_FREQ_MEASURE,1,"2025/05/03 10:15:00","2025/05/03 10:13:12",SA1,1,-0.02900000,1,0.03066445,1
D,FPP,REGION_FREQ_MEASURE,1,"2025/05/03 10:15:00","2025/05/03 10:13:12",TAS1,1,-0.01700000,1,0.03249753,1
D,FPP,REGION_FREQ_MEASURE,1,"2025/05/03 10:15:00","2025/05/03 10:13:12",VIC1,1,-0.02600000,1,0.03126920,1
D,FPP,REGION_FREQ_MEASURE,1,"2025/05/03 10:15:00","2025/05/03 10:13:16",NSW1,1,-0.03100000,1,0.03081589,1
D,FPP,REGION_FREQ_MEASURE,1,"2025/05/03 10:15:00","2025/05/03 10:13:16",QLD1,1,-0.03300000,1,0.03160765,1
D,FPP,REGION_FREQ_MEASURE,1,"2025/05/03 10:15:00","2025/05/03 10:13:16",SA1,1,-0.03100000,1,0.03073902,1
D,FPP,REGION_FREQ_MEASURE,1,"2025/05/03 10:15:00","2025/05/03 10:13:16",TAS1,1,0.00500000,1,0.02416475,1
D,FPP,REGION_FREQ_MEASURE,1,"2025/05/03 10:15:00","2025/05/03 10:13:16",VIC1,1,-0.03100000,1,0.03120938,1
D,FPP,REGION_FREQ_MEASURE,1,"2025/05/03 10:15:00","2025/05/03 10:13:20",NSW1,1,-0.04400000,1,0.03374569,1
D,FPP,REGION_FREQ_MEASURE,1,"2025/05/03 10:15:00","2025/05/03 10:13:20",QLD1,1,-0.04900000,1,0.03547262,1
D,FPP,REGION_FREQ_MEASURE,1,"2025/05/03 10:15:00","2025/05/03 10:13:20",SA1,1,-0.03300000,1,0.03124146,1
D,FPP,REGION_FREQ_MEASURE,1,"2025/05/03 10:15:00","2025/05/03 10:13:20",TAS1,1,-0.01300000,1,0.02168369,1
D,FPP,REGION_FREQ_MEASURE,1,"2025/05/03 10:15:00","2025/05/03 10:13:20",VIC1,1,-0.03100000,1,0.03116285,1
D,FPP,REGION_FREQ_MEASURE,1,"2025/05/03 10:15:00","2025/05/03 10:13:24",NSW1,1,-0.04000000,1,0.03513554,1
D,FPP,REGION_FREQ_MEASURE,1,"2025/05/03 10:15:00","2025/05/03 10:13:24",QLD1,1,-0.04900000,1,0.03847870,1
D,FPP,REGION_FREQ_MEASURE,1,"2025/05/03 10:15:00","2025/05/03 10:13:24",SA1,1,-0.04400000,1,0.03407669,1
D,FPP,REGION_FREQ_MEASURE,1,"2025/05/03 10:15:00","2025/05/03 10:13:24",TAS1,1,-0.02800000,1,0.02308731,1
D,FPP,REGION_FREQ_MEASURE,1,"2025/05/03 10:15:00","2025/05/03 10:13:24",VIC1,1,-0.04000000,1,0.03312666,1
D,FPP,REGION_FREQ_MEASURE,1,"2025/05/03 10:15:00","2025/05/03 10:13:28",NSW1,1,-0.02900000,1,0.03377209,1
D,FPP,REGION_FREQ_MEASURE,1,"2025/05/03 10:15:00","2025/05/03 10:13:28",QLD1,1,-0.03100000,1,0.03681677,1
D,FPP,REGION_FREQ_MEASURE,1,"2025/05/03 10:15:00","2025/05/03 10:13:28",SA1,1,-0.04800000,1,0.03717076,1
D,FPP,REGION_FREQ_MEASURE,1,"2025/05/03 10:15:00","2025/05/03 10:13:28",TAS1,1,-0.03900000,1,0.02662346,1
D,FPP,REGION_FREQ_MEASURE,1,"2025/05/03 10:15:00","2025/05/03 10:13:28",VIC1,1,-0.04800000,1,0.03643185,1
D,FPP,REGION_FREQ_MEASURE,1,"2025/05/03 10:15:00","2025/05/03 10:13:32",NSW1,1,-0.03500000,1,0.03404496,1
D,FPP,REGION_FREQ_MEASURE,1,"2025/05/03 10:15:00","2025/05/03 10:13:32",QLD1,1,-0.03800000,1,0.03707971,1
D,FPP,REGION_FREQ_MEASURE,1,"2025/05/03 10:15:00","2025/05/03 10:13:32",SA1,1,-0.03200000,1,0.03602170,1
D,FPP,REGION_FREQ_MEASURE,1,"2025/05/03 10:15:00","2025/05/03 10:13:32",TAS1,1,-0.06400000,1,0.03492936,1
D,FPP,REGION_FREQ_MEASURE,1,"2025/05/03 10:15:00","2025/05/03 10:13:32",VIC1,1,-0.03500000,1,0.03611366,1
D,FPP,REGION_FREQ_MEASURE,1,"2025/05/03 10:15:00","2025/05/03 10:13:36",NSW1,1,-0.02100000,1,0.03114608,1
D,FPP,REGION_FREQ_MEASURE,1,"2025/05/03 10:15:00","2025/05/03 10:13:36",QLD1,1,-0.02400000,1,0.03417311,1
D,FPP,REGION_FREQ_MEASURE,1,"2025/05/03 10:15:00","2025/05/03 10:13:36",SA1,1,-0.03200000,1,0.03512799,1
D,FPP,REGION_FREQ_MEASURE,1,"2025/05/03 10:15:00","2025/05/03 10:13:36",TAS1,1,-0.05300000,1,0.03894506,1
D,FPP,REGION_FREQ_MEASURE,1,"2025/05/03 10:15:00","2025/05/03 10:13:36",VIC1,1,-0.03300000,1,0.03542174,1
D,FPP,REGION_FREQ_MEASURE,1,"2025/05/03 10:15:00","2025/05/03 10:13:40",NSW1,1,-0.02600000,1,0.03000251,1
D,FPP,REGION_FREQ_MEASURE,1,"2025/05/03 10:15:00","2025/05/03 10:13:40",QLD1,1,-0.02300000,1,0.03169020,1
D,FPP,REGION_FREQ_MEASURE,1,"2025/05/03 10:15:00","2025/05/03 10:13:40",SA1,1,-0.03200000,1,0.03443288,1
D,FPP,REGION_FREQ_MEASURE,1,"2025/05/03 10:15:00","2025/05/03 10:13:40",TAS1,1,-0.02400000,1,0.03562394,1
D,FPP,REGION_FREQ_MEASURE,1,"2025/05/03 10:15:00","2025/05/03 10:13:40",VIC1,1,-0.03300000,1,0.03488358,1
D,FPP,REGION_FREQ_MEASURE,1,"2025/05/03 10:15:00","2025/05/03 10:13:44",NSW1,1,-0.02600000,1,0.02911306,1
D,FPP,REGION_FREQ_MEASURE,1,"2025/05/03 10:15:00","2025/05/03 10:13:44",QLD1,1,-0.02600000,1,0.03042571,1
D,FPP,REGION_FREQ_MEASURE,1,"2025/05/03 10:15:00","2025/05/03 10:13:44",SA1,1,-0.01800000,1,0.03078113,1
D,FPP,REGION_FREQ_MEASURE,1,"2025/05/03 10:15:00","2025/05/03 10:13:44",TAS1,1,0.01200000,1,0.02504084,1
D,FPP,REGION_FREQ_MEASURE,1,"2025/05/03 10:15:00","2025/05/03 10:13:44",VIC1,1,-0.01900000,1,0.03135390,1
D,FPP,REGION_FREQ_MEASURE,1,"2025/05/03 10:15:00","2025/05/03 10:13:48",NSW1,1,-0.02300000,1,0.02775460,1
D,FPP,REGION_FREQ_MEASURE,1,"2025/05/03 10:15:00","2025/05/03 10:13:48",QLD1,1,-0.02700000,1,0.02966444,1
D,FPP,REGION_FREQ_MEASURE,1,"2025/05/03 10:15:00","2025/05/03 10:13:48",SA1,1,-0.02800000,1,0.03016310,1
D,FPP,REGION_FREQ_MEASURE,1,"2025/05/03 10:15:00","2025/05/03 10:13:48",TAS1,1,-0.00100000,1,0.01969843,1
D,FPP,REGION_FREQ_MEASURE,1,"2025/05/03 10:15:00","2025/05/03 10:13:48",VIC1,1,-0.02800000,1,0.03060859,1
D,FPP,REGION_FREQ_MEASURE,1,"2025/05/03 10:15:00","2025/05/03 10:13:52",NSW1,1,-0.02000000,1,0.02603136,1
D,FPP,REGION_FREQ_MEASURE,1,"2025/05/03 10:15:00","2025/05/03 10:13:52",QLD1,1,-0.02300000,1,0.02818345,1
D,FPP,REGION_FREQ_MEASURE,1,"2025/05/03 10:15:00","2025/05/03 10:13:52",SA1,1,-0.02400000,1,0.02879352,1
D,FPP,REGION_FREQ_MEASURE,1,"2025/05/03 10:15:00","2025/05/03 10:13:52",TAS1,1,-0.03100000,1,0.02220989,1
D,FPP,REGION_FREQ_MEASURE,1,"2025/05/03 10:15:00","2025/05/03 10:13:52",VIC1,1,-0.02500000,1,0.02936224,1
D,FPP,REGION_FREQ_MEASURE,1,"2025/05/03 10:15:00","2025/05/03 10:13:56",NSW1,1,-0.03000000,1,0.02691328,1
D,FPP,REGION_FREQ_MEASURE,1,"2025/05/03 10:15:00","2025/05/03 10:13:56",QLD1,1,-0.03000000,1,0.02858713,1
D,FPP,REGION_FREQ_MEASURE,1,"2025/05/03 10:15:00","2025/05/03 10:13:56",SA1,1,-0.02000000,1,0.02683940,1
D,FPP,REGION_FREQ_MEASURE,1,"2025/05/03 10:15:00","2025/05/03 10:13:56",TAS1,1,-0.04800000,1,0.02794103,1
D,FPP,REGION_FREQ_MEASURE,1,"2025/05/03 10:15:00","2025/05/03 10:13:56",VIC1,1,-0.02100000,1,0.02750396,1
D,FPP,REGION_FREQ_MEASURE,1,"2025/05/03 10:15:00","2025/05/03 10:14:00",NSW1,1,-0.03100000,1,0.02782144,1
D,FPP,REGION_FREQ_MEASURE,1,"2025/05/03 10:15:00","2025/05/03 10:14:00",QLD1,1,-0.03000000,1,0.02890110,1
D,FPP,REGION_FREQ_MEASURE,1,"2025/05/03 10:15:00","2025/05/03 10:14:00",SA1,1,-0.02500000,1,0.02643064,1
D,FPP,REGION_FREQ_MEASURE,1,"2025/05/03 10:15:00","2025/05/03 10:14:00",TAS1,1,-0.03300000,1,0.02906525,1
D,FPP,REGION_FREQ_MEASURE,1,"2025/05/03 10:15:00","2025/05/03 10:14:00",VIC1,1,-0.02100000,1,0.02605864,1
D,FPP,REGION_FREQ_MEASURE,1,"2025/05/03 10:15:00","2025/05/03 10:14:04",NSW1,1,-0.03400000,1,0.02919445,1
D,FPP,REGION_FREQ_MEASURE,1,"2025/05/03 10:15:00","2025/05/03 10:14:04",QLD1,1,-0.03200000,1,0.02958974,1
D,FPP,REGION_FREQ_MEASURE,1,"2025/05/03 10:15:00","2025/05/03 10:14:04",SA1,1,-0.02800000,1,0.02677939,1
D,FPP,REGION_FREQ_MEASURE,1,"2025/05/03 10:15:00","2025/05/03 10:14:04",TAS1,1,-0.03900000,1,0.03127297,1
D,FPP,REGION_FREQ_MEASURE,1,"2025/05/03 10:15:00","2025/05/03 10:14:04",VIC1,1,-0.02700000,1,0.02626783,1
D,FPP,REGION_FREQ_MEASURE,1,"2025/05/03 10:15:00","2025/05/03 10:14:08",NSW1,1,-0.02800000,1,0.02892902,1
D,FPP,REGION_FREQ_MEASURE,1,"2025/05/03 10:15:00","2025/05/03 10:14:08",QLD1,1,-0.03200000,1,0.03012535,1
D,FPP,REGION_FREQ_MEASURE,1,"2025/05/03 10:15:00","2025/05/03 10:14:08",SA1,1,-0.03300000,1,0.02816175,1
D,FPP,REGION_FREQ_MEASURE,1,"2025/05/03 10:15:00","2025/05/03 10:14:08",TAS1,1,-0.05400000,1,0.03632342,1
D,FPP,REGION_FREQ_MEASURE,1,"2025/05/03 10:15:00","2025/05/03 10:14:08",VIC1,1,-0.03300000,1,0.02776387,1
D,FPP,REGION_FREQ_MEASURE,1,"2025/05/03 10:15:00","2025/05/03 10:14:12",NSW1,1,-0.03400000,1,0.03005590,1
D,FPP,REGION_FREQ_MEASURE,1,"2025/05/03 10:15:00","2025/05/03 10:14:12",QLD1,1,-0.04000000,1,0.03231972,1
D,FPP,REGION_FREQ_MEASURE,1,"2025/05/03 10:15:00","2025/05/03 10:14:12",SA1,1,-0.03500000,1,0.02968136,1
D,FPP,REGION_FREQ_MEASURE,1,"2025/05/03 10:15:00","2025/05/03 10:14:12",TAS1,1,-0.04100000,1,0.03736266,1
D,FPP,REGION_FREQ_MEASURE,1,"2025/05/03 10:15:00","2025/05/03 10:14:12",VIC1,1,-0.03600000,1,0.02959412,1
D,FPP,REGION_FREQ_MEASURE,1,"2025/05/03 10:15:00","2025/05/03 10:14:16",NSW1,1,-0.02800000,1,0.02959903,1
D,FPP,REGION_FREQ_MEASURE,1,"2025/05/03 10:15:00","2025/05/03 10:14:16",QLD1,1,-0.03000000,1,0.03180423,1
D,FPP,REGION_FREQ_MEASURE,1,"2025/05/03 10:15:00","2025/05/03 10:14:16",SA1,1,-0.03500000,1,0.03086328,1
D,FPP,REGION_FREQ_MEASURE,1,"2025/05/03 10:15:00","2025/05/03 10:14:16",TAS1,1,0.00200000,1,0.02861540,1
D,FPP,REGION_FREQ_MEASURE,1,"2025/05/03 10:15:00","2025/05/03 10:14:16",VIC1,1,-0.03600000,1,0.03101765,1
D,FPP,REGION_FREQ_MEASURE,1,"2025/05/03 10:15:00","2025/05/03 10:14:20",NSW1,1,-0.02500000,1,0.02857702,1
D,FPP,REGION_FREQ_MEASURE,1,"2025/05/03 10:15:00","2025/05/03 10:14:20",QLD1,1,-0.02300000,1,0.02984773,1
D,FPP,REGION_FREQ_MEASURE,1,"2025/05/03 10:15:00","2025/05/03 10:14:20",SA1,1,-0.03000000,1,0.03067144,1
D,FPP,REGION_FREQ_MEASURE,1,"2025/05/03 10:15:00","2025/05/03 10:14:20",TAS1,1,0.01800000,1,0.01825642,0
D,FPP,REGION_FREQ_MEASURE,1,"2025/05/03 10:15:00","2025/05/03 10:14:20",VIC1,1,-0.03100000,1,0.03101373,1
D,FPP,REGION_FREQ_MEASURE,1,"2025/05/03 10:15:00","2025/05/03 10:14:24",NSW1,1,-0.02000000,1,0.02667102,1
D,FPP,REGION_FREQ_MEASURE,1,"2025/05/03 10:15:00","2025/05/03 10:14:24",QLD1,1,-0.02000000,1,0.02765935,1
D,FPP,REGION_FREQ_MEASURE,1,"2025/05/03 10:15:00","2025/05/03 10:14:24",SA1,1,-0.02500000,1,0.02941112,1
D,FPP,REGION_FREQ_MEASURE,1,"2025/05/03 10:15:00","2025/05/03 10:14:24",TAS1,1,0.02200000,1,0.00931055,0
D,FPP,REGION_FREQ_MEASURE,1,"2025/05/03 10:15:00","2025/05/03 10:14:24",VIC1,1,-0.02600000,1,0.02989957,1
D,FPP,REGION_FREQ_MEASURE,1,"2025/05/03 10:15:00","2025/05/03 10:14:28",NSW1,1,-0.02500000,1,0.02629968,1
D,FPP,REGION_FREQ_MEASURE,1,"2025/05/03 10:15:00","2025/05/03 10:14:28",QLD1,1,-0.02600000,1,0.02729061,1
D,FPP,REGION_FREQ_MEASURE,1,"2025/05/03 10:15:00","2025/05/03 10:14:28",SA1,1,-0.02100000,1,0.02754198,1
D,FPP,REGION_FREQ_MEASURE,1,"2025/05/03 10:15:00","2025/05/03 10:14:28",TAS1,1,0.01200000,1,0.00457487,1
D,FPP,REGION_FREQ_MEASURE,1,"2025/05/03 10:15:00","2025/05/03 10:14:28",VIC1,1,-0.02100000,1,0.02792189,1
D,FPP,REGION_FREQ_MEASURE,1,"2025/05/03 10:15:00","2025/05/03 10:14:32",NSW1,1,-0.02700000,1,0.02645531,1
D,FPP,REGION_FREQ_MEASURE,1,"2025/05/03 10:15:00","2025/05/03 10:14:32",QLD1,1,-0.02700000,1,0.02722603,1
D,FPP,REGION_FREQ_MEASURE,1,"2025/05/03 10:15:00","2025/05/03 10:14:32",SA1,1,-0.01800000,1,0.02542154,1
D,FPP,REGION_FREQ_MEASURE,1,"2025/05/03 10:15:00","2025/05/03 10:14:32",TAS1,1,-0.02000000,1,0.00800268,1
D,FPP,REGION_FREQ_MEASURE,1,"2025/05/03 10:15:00","2025/05/03 10:14:32",VIC1,1,-0.02100000,1,0.02638369,1
D,FPP,REGION_FREQ_MEASURE,1,"2025/05/03 10:15:00","2025/05/03 10:14:36",NSW1,1,-0.02400000,1,0.02590969,1
D,FPP,REGION_FREQ_MEASURE,1,"2025/05/03 10:15:00","2025/05/03 10:14:36",QLD1,1,-0.02700000,1,0.02717580,1
D,FPP,REGION_FREQ_MEASURE,1,"2025/05/03 10:15:00","2025/05/03 10:14:36",SA1,1,-0.02600000,1,0.02555009,1
D,FPP,REGION_FREQ_MEASURE,1,"2025/05/03 10:15:00","2025/05/03 10:14:36",TAS1,1,-0.08200000,1,0.02444653,1
D,FPP,REGION_FREQ_MEASURE,1,"2025/05/03 10:15:00","2025/05/03 10:14:36",VIC1,1,-0.02400000,1,0.02585398,1
D,FPP,REGION_FREQ_MEASURE,1,"2025/05/03 10:15:00","2025/05/03 10:14:40",NSW1,1,-0.02100000,1,0.02481865,1
D,FPP,REGION_FREQ_MEASURE,1,"2025/05/03 10:15:00","2025/05/03 10:14:40",QLD1,1,-0.02000000,1,0.02558118,1
D,FPP,REGION_FREQ_MEASURE,1,"2025/05/03 10:15:00","2025/05/03 10:14:40",SA1,1,-0.02600000,1,0.02565007,1
D,FPP,REGION_FREQ_MEASURE,1,"2025/05/03 10:15:00","2025/05/03 10:14:40",TAS1,1,-0.07900000,1,0.03656952,1
D,FPP,REGION_FREQ_MEASURE,1,"2025/05/03 10:15:00","2025/05/03 10:14:40",VIC1,1,-0.02600000,1,0.02588643,1
D,FPP,REGION_FREQ_MEASURE,1,"2025/05/03 10:15:00","2025/05/03 10:14:44",NSW1,1,-0.01600000,1,0.02285895,1
D,FPP,REGION_FREQ_MEASURE,1,"2025/05/03 10:15:00","2025/05/03 10:14:44",QLD1,1,-0.02000000,1,0.02434092,1
D,FPP,REGION_FREQ_MEASURE,1,"2025/05/03 10:15:00","2025/05/03 10:14:44",SA1,1,-0.02100000,1,0.02461672,1
D,FPP,REGION_FREQ_MEASURE,1,"2025/05/03 10:15:00","2025/05/03 10:14:44",TAS1,1,-0.03300000,1,0.03577629,1
D,FPP,REGION_FREQ_MEASURE,1,"2025/05/03 10:15:00","2025/05/03 10:14:44",VIC1,1,-0.02200000,1,0.02502278,1
D,FPP,REGION_FREQ_MEASURE,1,"2025/05/03 10:15:00","2025/05/03 10:14:48",NSW1,1,-0.01400000,1,0.02089029,1
D,FPP,REGION_FREQ_MEASURE,1,"2025/05/03 10:15:00","2025/05/03 10:14:48",QLD1,1,-0.00800000,1,0.02070960,1
D,FPP,REGION_FREQ_MEASURE,1,"2025/05/03 10:15:00","2025/05/03 10:14:48",SA1,1,-0.02500000,1,0.02470189,1
D,FPP,REGION_FREQ_MEASURE,1,"2025/05/03 10:15:00","2025/05/03 10:14:48",TAS1,1,-0.00400000,1,0.02871489,1
D,FPP,REGION_FREQ_MEASURE,1,"2025/05/03 10:15:00","2025/05/03 10:14:48",VIC1,1,-0.02200000,1,0.02435105,1
D,FPP,REGION_FREQ_MEASURE,1,"2025/05/03 10:15:00","2025/05/03 10:14:52",NSW1,1,-0.02900000,1,0.02269245,1
D,FPP,REGION_FREQ_MEASURE,1,"2025/05/03 10:15:00","2025/05/03 10:14:52",QLD1,1,-0.02400000,1,0.02144080,1
D,FPP,REGION_FREQ_MEASURE,1,"2025/05/03 10:15:00","2025/05/03 10:14:52",SA1,1,-0.00900000,1,0.02121258,1
D,FPP,REGION_FREQ_MEASURE,1,"2025/05/03 10:15:00","2025/05/03 10:14:52",TAS1,1,0.02300000,1,0.01722269,0
D,FPP,REGION_FREQ_MEASURE,1,"2025/05/03 10:15:00","2025/05/03 10:14:52",VIC1,1,-0.01300000,1,0.02182859,1
D,FPP,REGION_FREQ_MEASURE,1,"2025/05/03 10:15:00","2025/05/03 10:14:56",NSW1,1,-0.04200000,1,0.02698302,1
D,FPP,REGION_FREQ_MEASURE,1,"2025/05/03 10:15:00","2025/05/03 10:14:56",QLD1,1,-0.03800000,1,0.02512062,1
D,FPP,REGION_FREQ_MEASURE,1,"2025/05/03 10:15:00","2025/05/03 10:14:56",SA1,1,-0.02000000,1,0.02094312,1
D,FPP,REGION_FREQ_MEASURE,1,"2025/05/03 10:15:00","2025/05/03 10:14:56",TAS1,1,-0.00500000,1,0.01450654,1
D,FPP,REGION_FREQ_MEASURE,1,"2025/05/03 10:15:00","2025/05/03 10:14:56",VIC1,1,-0.01600000,1,0.02053335,1
D,FPP,REGION_FREQ_MEASURE,1,"2025/05/03 10:15:00","2025/05/03 10:15:00",NSW1,1,-0.03700000,1,0.02920902,1
D,FPP,REGION_FREQ_MEASURE,1,"2025/05/03 10:15:00","2025/05/03 10:15:00",QLD1,1,-0.03800000,1,0.02798270,1
D,FPP,REGION_FREQ_MEASURE,1,"2025/05/03 10:15:00","2025/05/03 10:15:00",SA1,1,-0.03300000,1,0.02362243,1
D,FPP,REGION_FREQ_MEASURE,1,"2025/05/03 10:15:00","2025/05/03 10:15:00",TAS1,1,-0.01900000,1,0.01550509,1
D,FPP,REGION_FREQ_MEASURE,1,"2025/05/03 10:15:00","2025/05/03 10:15:00",VIC1,1,-0.03200000,1,0.02308149,1
I,FPP,RESIDUAL_CF,1,INTERVAL_DATETIME,CONSTRAINTID,VERSIONNO,BIDTYPE,RESIDUAL_CF,NEGATIVE_RESIDUAL_CF,RESIDUAL_DCF,RESIDUAL_CF_REASON_FLAG,CF_ABS_POSITIVE_PERF_TOTAL,CF_ABS_NEGATIVE_PERF_TOTAL,NCF_ABS_NEGATIVE_PERF_TOTAL
D,FPP,RESIDUAL_CF,1,"2025/05/03 10:15:00",F_MAIN++LREG_0210,1,LOWERREG,-0.30713541,-0.30713541,-0.28196824,0,202.71443,205.71210,205.71210
D,FPP,RESIDUAL_CF,1,"2025/05/03 10:15:00",F_T+LREG_0050,1,LOWERREG,0.43399776,0.00000000,-0.22422379,0,4.00797,7.40838,7.40838
D,FPP,RESIDUAL_CF,1,"2025/05/03 10:15:00",F_T+RREG_0050,1,RAISEREG,-0.22942356,-0.22942356,-0.32144596,0,32.07795,7.44152,7.44152
D,FPP,RESIDUAL_CF,1,"2025/05/03 10:15:00",F_TASCAP_RREG_0220,1,RAISEREG,-0.08866239,-0.08866239,-0.24320973,0,573.27527,602.84584,602.84584
I,FPP,RESIDUAL_PERFORMANCE,1,INTERVAL_DATETIME,REGIONID,VERSIONNO,RAISE_PERFORMANCE,RAISE_REASON_FLAG,LOWER_PERFORMANCE,LOWER_REASON_FLAG
D,FPP,RESIDUAL_PERFORMANCE,1,"2025/05/03 10:15:00",NSW1,1,-2.84806,0,-36.60621,0
D,FPP,RESIDUAL_PERFORMANCE,1,"2025/05/03 10:15:00",QLD1,1,-21.71765,0,-1.43759,0
D,FPP,RESIDUAL_PERFORMANCE,1,"2025/05/03 10:15:00",SA1,1,-5.75943,0,2.62354,0
D,FPP,RESIDUAL_PERFORMANCE,1,"2025/05/03 10:15:00",TAS1,1,-1.70726,0,1.73945,0
D,FPP,RESIDUAL_PERFORMANCE,1,"2025/05/03 10:15:00",VIC1,1,-23.12461,0,-27.76121,0
I,FPP,FPP_RUN,1,INTERVAL_DATETIME,VERSIONNO,FPPRUN_DATETIME,RUN_STATUS,AUTHORISED_DATETIME
D,FPP,FPP_RUN,1,"2025/05/03 10:15:00",1,"2025/05/03 10:15:00",Completed,"2025/05/03 10:18:49"
C,"END OF REPORT",702
