C,SETP.WORLD,FPP_PUBLIC_RATES,AEMO,PUBLIC,2025/05/02,18:59:00,0000000461618415,FPP,0000000461618414
I,FPP,EST_PERF_COST_RATE,1,INTERVAL_DATETIME,CONSTRAINTID,VERSIONNO,BIDTYPE,RELEVANT_REGIONS,FPP_PAYMENT_RATE,FPP_RECOVERY_RATE,USED_FCAS_RATE,UNUSED_FCAS_RATE
D,FPP,EST_PERF_COST_RATE,1,"2025/05/02 18:55:00",F_I+LREG_0210,1,LOWERREG,"NSW1,QLD1,SA1,TAS1,VIC1",0.55560998,0.58534692,0.18999172,0.12619471
D,FPP,EST_PERF_COST_RATE,1,"2025/05/02 18:55:00",F_I+NIL_MG_R5,1,RAISEREG,"NSW1,QLD1,SA1,TAS1,VIC1",0.23143535,0.21810779,0.01873142,0.01127154
D,FPP,EST_PERF_COST_RATE,1,"2025/05/02 18:55:00",F_T+RREG_0050,1,RAISEREG,TAS1,10.60091432,7.18956732,1.15471432,3.61322569
D,FPP,EST_PERF_COST_RATE,1,"2025/05/02 18:55:00",F_TASCAP_LREG_0210,1,LOWERREG,"NSW1,QLD1,SA1,VIC1",0.56360791,0.54127892,0.12065172,0.09314076
I,FPP,EST_RESIDUAL_COST_RATE,1,INTERVAL_DATETIME,CONSTRAINTID,VERSIONNO,BIDTYPE,RELEVANT_REGIONS,FPP,USED_FCAS,UNUSED_FCAS
D,FPP,EST_RESIDUAL_COST_RATE,1,"2025/05/02 18:55:00",F_I+LREG_0210,1,LOWERREG,"NSW1,QLD1,SA1,TAS1,VIC1",-0.01128010,-0.00366129,-0.00464154
D,FPP,EST_RESIDUAL_COST_RATE,1,"2025/05/02 18:55:00",F_I+NIL_MG_R5,1,RAISEREG,"NSW1,QLD1,SA1,TAS1,VIC1",-0.00002350,-0.00000202,-0.00045662
D,FPP,EST_RESIDUAL_COST_RATE,1,"2025/05/02 18:55:00",F_T+RREG_0050,1,RAISEREG,TAS1,0.60898888,0.00000000,-0.19164273
D,FPP,EST_RESIDUAL_COST_RATE,1,"2025/05/02 18:55:00",F_TASCAP_LREG_0210,1,LOWERREG,"NSW1,QLD1,SA1,VIC1",-0.00470060,-0.00104777,-0.00339096
I,FPP,FCAS_SUMMARY,1,RUN_DATETIME,RUNNO,INTERVAL_DATETIME,CONSTRAINTID,VERSIONNO,BIDTYPE,RELEVANT_REGIONS,REGULATION_MW,CONSTRAINT_MARGINAL_VALUE,P_REGULATION,BASE_COST,TSFCAS,TOTAL_FPP,RCR,USAGE,USAGE_VALUE
D,FPP,FCAS_SUMMARY,1,"2025/05/02 18:55:00",1,"2025/05/02 18:55:00",F_I+LREG_0210,1,LOWERREG,"NSW1,QLD1,SA1,TAS1,VIC1",210.00000000,3.16000000,3.16000000,55.30000000,55.30000000,58.33405820,221.52174,0.34238790,0.34238790
D,FPP,FCAS_SUMMARY,1,"2025/05/02 18:55:00",1,"2025/05/02 18:55:00",F_I+NIL_MG_R5,1,RAISEREG,"NSW1,QLD1,SA1,TAS1,VIC1",246.48996000,0.24000000,0.24000000,13.33880180,4.39979920,4.47933860,223.96693,0.08743403,0.08743403
D,FPP,FCAS_SUMMARY,1,"2025/05/02 18:55:00",1,"2025/05/02 18:55:00",F_T+RREG_0050,1,RAISEREG,TAS1,50.00000000,20.05667000,20.05667000,83.56945833,83.56945833,99.96259370,59.80809,0.19211520,0.19211520
D,FPP,FCAS_SUMMARY,1,"2025/05/02 18:55:00",1,"2025/05/02 18:55:00",F_TASCAP_LREG_0210,1,LOWERREG,"NSW1,QLD1,SA1,VIC1",160.00000000,2.46000000,2.46000000,32.80000000,32.80000000,35.93365665,175.28613,0.24419681,0.24419681
C,"END OF REPORT",17
