C,SETP.WORLD,FPP_RUN,AEMO,PUBLIC,2025/05/02,04:43:10,0000000461534146,FPP,0000000461534146
I,FPP,CONSTRAINT_FREQ_MEASURE,1,INTERVAL_DATETIME,MEASUREMENT_DATETIME,CONSTRAINTID,VERSIONNO,BIDTYPE,FM_RAISE_HZ,FM_LOWER_HZ,USED_IN_RCR_FLAG,CORRELATION_FLAG
D,FPP,CONSTRAINT_FREQ_MEASURE,1,"2025/05/02 04:40:00","2025/05/02 04:35:04",F_MAIN++LREG_0210,1,LOWERREG,0.02529125,0.00000000,1,0
D,FPP,CONSTRAINT_FREQ_MEASURE,1,"2025/05/02 04:40:00","2025/05/02 04:35:04",F_T+LREG_0050,1,LOWERREG,0.01894011,0.00000000,1,0
D,FPP,CONSTRAINT_FREQ_MEASURE,1,"2025/05/02 04:40:00","2025/05/02 04:35:04",F_T+RREG_0050,1,RAISEREG,0.01894011,0.00000000,1,0
D,FPP,CONSTRAINT_FREQ_MEASURE,1,"2025/05/02 04:40:00","2025/05/02 04:35:08",F_MAIN++LREG_0210,1,LOWERREG,0.02685326,0.00000000,1,0
D,FPP,CONSTRAINT_FREQ_MEASURE,1,"2025/05/02 04:40:00","2025/05/02 04:35:08",F_T+LREG_0050,1,LOWERREG,0.02628675,0.00000000,1,0
D,FPP,CONSTRAINT_FREQ_MEASURE,1,"2025/05/02 04:40:00","2025/05/02 04:35:08",F_T+RREG_0050,1,RAISEREG,0.02628675,0.00000000,1,0
D,FPP,CONSTRAINT_FREQ_MEASURE,1,"2025/05/02 04:40:00","2025/05/02 04:35:12",F_MAIN++LREG_0210,1,LOWERREG,0.02839914,0.00000000,1,0
D,FPP,CONSTRAINT_FREQ_MEASURE,1,"2025/05/02 04:40:00","2025/05/02 04:35:12",F_T+LREG_0050,1,LOWERREG,0.02222303,0.00000000,1,0
D,FPP,CONSTRAINT_FREQ_MEASURE,1,"2025/05/02 04:40:00","2025/05/02 04:35:12",F_T+RREG_0050,1,RAISEREG,0.02222303,0.00000000,1,0
D,FPP,CONSTRAINT_FREQ_MEASURE,1,"2025/05/02 04:40:00","2025/05/02 04:35:16",F_MAIN++LREG_0210,1,LOWERREG,0.03033316,0.00000000,1,0
D,FPP,CONSTRAINT_FREQ_MEASURE,1,"2025/05/02 04:40:00","2025/05/02 04:35:16",F_T+LREG_0050,1,LOWERREG,0.01950680,0.00000000,1,0
D,FPP,CONSTRAINT_FREQ_MEASURE,1,"2025/05/02 04:40:00","2025/05/02 04:35:16",F_T+RREG_0050,1,RAISEREG,0.01950680,0.00000000,1,0
D,FPP,CONSTRAINT_FREQ_MEASURE,1,"2025/05/02 04:40:00","2025/05/02 04:35:20",F_MAIN++LREG_0210,1,LOWERREG,0.03059117,0.00000000,1,0
D,FPP,CONSTRAINT_FREQ_MEASURE,1,"2025/05/02 04:40:00","2025/05/02 04:35:20",F_T+LREG_0050,1,LOWERREG,0.02094973,0.00000000,1,0
D,FPP,CONSTRAINT_FREQ_MEASURE,1,"2025/05/02 04:40:00","2025/05/02 04:35:20",F_T+RREG_0050,1,RAISEREG,0.02094973,0.00000000,1,0
D,FPP,CONSTRAINT_FREQ_MEASURE,1,"2025/05/02 04:40:00","2025/05/02 04:35:24",F_MAIN++LREG_0210,1,LOWERREG,0.03140523,0.00000000,1,0
D,FPP,CONSTRAINT_FREQ_MEASURE,1,"2025/05/02 04:40:00","2025/05/02 04:35:24",F_T+LREG_0050,1,LOWERREG,0.03029423,0.00000000,1,0
D,FPP,CONSTRAINT_FREQ_MEASURE,1,"2025/05/02 04:40:00","2025/05/02 04:35:24",F_T+RREG_0050,1,RAISEREG,0.03029423,0.00000000,1,0
D,FPP,CONSTRAINT_FREQ_MEASURE,1,"2025/05/02 04:40:00","2025/05/02 04:35:28",F_MAIN++LREG_0210,1,LOWERREG,0.03090407,0.00000000,1,0
D,FPP,CONSTRAINT_FREQ_MEASURE,1,"2025/05/02 04:40:00","2025/05/02 04:35:28",F_T+LREG_0050,1,LOWERREG,0.03467329,0.00000000,1,0
D,FPP,CONSTRAINT_FREQ_MEASURE,1,"2025/05/02 04:40:00","2025/05/02 04:35:28",F_T+RREG_0050,1,RAISEREG,0.03467329,0.00000000,1,0
D,FPP,CONSTRAINT_FREQ_MEASURE,1,"2025/05/02 04:40:00","2025/05/02 04:35:32",F_MAIN++LREG_0210,1,LOWERREG,0.03128781,0.00000000,1,0
D,FPP,CONSTRAINT_FREQ_MEASURE,1,"2025/05/02 04:40:00","2025/05/02 04:35:32",F_T+LREG_0050,1,LOWERREG,0.03096811,0.00000000,1,0
D,FPP,CONSTRAINT_FREQ_MEASURE,1,"2025/05/02 04:40:00","2025/05/02 04:35:32",F_T+RREG_0050,1,RAISEREG,0.03096811,0.00000000,1,0
D,FPP,CONSTRAINT_FREQ_MEASURE,1,"2025/05/02 04:40:00","2025/05/02 04:35:36",F_MAIN++LREG_0210,1,LOWERREG,0.03118426,0.00000000,1,0
D,FPP,CONSTRAINT_FREQ_MEASURE,1,"2025/05/02 04:40:00","2025/05/02 04:35:36",F_T+LREG_0050,1,LOWERREG,0.02453075,0.00000000,1,0
D,FPP,CONSTRAINT_FREQ_MEASURE,1,"2025/05/02 04:40:00","2025/05/02 04:35:36",F_T+RREG_0050,1,RAISEREG,0.02453075,0.00000000,1,0
D,FPP,CONSTRAINT_FREQ_MEASURE,1,"2025/05/02 04:40:00","2025/05/02 04:35:40",F_MAIN++LREG_0210,1,LOWERREG,0.03097585,0.00000000,1,0
D,FPP,CONSTRAINT_FREQ_MEASURE,1,"2025/05/02 04:40:00","2025/05/02 04:35:40",F_T+LREG_0050,1,LOWERREG,0.02174614,0.00000000,1,0
D,FPP,CONSTRAINT_FREQ_MEASURE,1,"2025/05/02 04:40:00","2025/05/02 04:35:40",F_T+RREG_0050,1,RAISEREG,0.02174614,0.00000000,1,0
D,FPP,CONSTRAINT_FREQ_MEASURE,1,"2025/05/02 04:40:00","2025/05/02 04:35:44",F_MAIN++LREG_0210,1,LOWERREG,0.03064627,0.00000000,1,0
D,FPP,CONSTRAINT_FREQ_MEASURE,1,"2025/05/02 04:40:00","2025/05/02 04:35:44",F_T+LREG_0050,1,LOWERREG,0.02424700,0.00000000,1,0
D,FPP,CONSTRAINT_FREQ_MEASURE,1,"2025/05/02 04:40:00","2025/05/02 04:35:44",F_T+RREG_0050,1,RAISEREG,0.02424700,0.00000000,1,0
D,FPP,CONSTRAINT_FREQ_MEASURE,1,"2025/05/02 04:40:00","2025/05/02 04:35:48",F_MAIN++LREG_0210,1,LOWERREG,0.02901172,0.00000000,1,0
D,FPP,CONSTRAINT_FREQ_MEASURE,1,"2025/05/02 04:40:00","2025/05/02 04:35:48",F_T+LREG_0050,1,LOWERREG,0.02996989,0.00000000,1,0
D,FPP,CONSTRAINT_FREQ_MEASURE,1,"2025/05/02 04:40:00","2025/05/02 04:35:48",F_T+RREG_0050,1,RAISEREG,0.02996989,0.00000000,1,0
D,FPP,CONSTRAINT_FREQ_MEASURE,1,"2025/05/02 04:40:00","2025/05/02 04:35:52",F_MAIN++LREG_0210,1,LOWERREG,0.02715173,0.00000000,1,0
D,FPP,CONSTRAINT_FREQ_MEASURE,1,"2025/05/02 04:40:00","2025/05/02 04:35:52",F_T+LREG_0050,1,LOWERREG,0.02642103,0.00000000,1,0
D,FPP,CONSTRAINT_FREQ_MEASURE,1,"2025/05/02 04:40:00","2025/05/02 04:35:52",F_T+RREG_0050,1,RAISEREG,0.02642103,0.00000000,1,0
D,FPP,CONSTRAINT_FREQ_MEASURE,1,"2025/05/02 04:40:00","2025/05/02 04:35:56",F_MAIN++LREG_0210,1,LOWERREG,0.02503009,0.00000000,1,0
D,FPP,CONSTRAINT_FREQ_MEASURE,1,"2025/05/02 04:40:00","2025/05/02 04:35:56",F_T+LREG_0050,1,LOWERREG,0.01743858,0.00000000,1,0
D,FPP,CONSTRAINT_FREQ_MEASURE,1,"2025/05/02 04:40:00","2025/05/02 04:35:56",F_T+RREG_0050,1,RAISEREG,0.01743858,0.00000000,1,0
D,FPP,CONSTRAINT_FREQ_MEASURE,1,"2025/05/02 04:40:00","2025/05/02 04:36:00",F_MAIN++LREG_0210,1,LOWERREG,0.02328753,0.00000000,1,0
D,FPP,CONSTRAINT_FREQ_MEASURE,1,"2025/05/02 04:40:00","2025/05/02 04:36:00",F_T+LREG_0050,1,LOWERREG,0.00911890,0.00000000,1,0
D,FPP,CONSTRAINT_FREQ_MEASURE,1,"2025/05/02 04:40:00","2025/05/02 04:36:00",F_T+RREG_0050,1,RAISEREG,0.00911890,0.00000000,1,0
D,FPP,CONSTRAINT_FREQ_MEASURE,1,"2025/05/02 04:40:00","2025/05/02 04:36:04",F_MAIN++LREG_0210,1,LOWERREG,0.02242640,0.00000000,1,0
D,FPP,CONSTRAINT_FREQ_MEASURE,1,"2025/05/02 04:40:00","2025/05/02 04:36:04",F_T+LREG_0050,1,LOWERREG,0.00798137,0.00000000,1,0
D,FPP,CONSTRAINT_FREQ_MEASURE,1,"2025/05/02 04:40:00","2025/05/02 04:36:04",F_T+RREG_0050,1,RAISEREG,0.00798137,0.00000000,1,0
D,FPP,CONSTRAINT_FREQ_MEASURE,1,"2025/05/02 04:40:00","2025/05/02 04:36:08",F_MAIN++LREG_0210,1,LOWERREG,0.02262795,0.00000000,1,0
D,FPP,CONSTRAINT_FREQ_MEASURE,1,"2025/05/02 04:40:00","2025/05/02 04:36:08",F_T+LREG_0050,1,LOWERREG,0.00776329,0.00000000,1,0
D,FPP,CONSTRAINT_FREQ_MEASURE,1,"2025/05/02 04:40:00","2025/05/02 04:36:08",F_T+RREG_0050,1,RAISEREG,0.00776329,0.00000000,1,0
D,FPP,CONSTRAINT_FREQ_MEASURE,1,"2025/05/02 04:40:00","2025/05/02 04:36:12",F_MAIN++LREG_0210,1,LOWERREG,0.02388051,0.00000000,1,0
D,FPP,CONSTRAINT_FREQ_MEASURE,1,"2025/05/02 04:40:00","2025/05/02 04:36:12",F_T+LREG_0050,1,LOWERREG,0.01270478,0.00000000,1,0
D,FPP,CONSTRAINT_FREQ_MEASURE,1,"2025/05/02 04:40:00","2025/05/02 04:36:12",F_T+RREG_0050,1,RAISEREG,0.01270478,0.00000000,1,0
D,FPP,CONSTRAINT_FREQ_MEASURE,1,"2025/05/02 04:40:00","2025/05/02 04:36:16",F_MAIN++LREG_0210,1,LOWERREG,0.02196782,0.00000000,1,0
D,FPP,CONSTRAINT_FREQ_MEASURE,1,"2025/05/02 04:40:00","2025/05/02 04:36:16",F_T+LREG_0050,1,LOWERREG,0.01965927,0.00000000,1,0
D,FPP,CONSTRAINT_FREQ_MEASURE,1,"2025/05/02 04:40:00","2025/05/02 04:36:16",F_T+RREG_0050,1,RAISEREG,0.01965927,0.00000000,1,0
D,FPP,CONSTRAINT_FREQ_MEASURE,1,"2025/05/02 04:40:00","2025/05/02 04:36:20",F_MAIN++LREG_0210,1,LOWERREG,0.01991851,0.00000000,1,0
D,FPP,CONSTRAINT_FREQ_MEASURE,1,"2025/05/02 04:40:00","2025/05/02 04:36:20",F_T+LREG_0050,1,LOWERREG,0.02506832,0.00000000,1,0
D,FPP,CONSTRAINT_FREQ_MEASURE,1,"2025/05/02 04:40:00","2025/05/02 04:36:20",F_T+RREG_0050,1,RAISEREG,0.02506832,0.00000000,1,0
D,FPP,CONSTRAINT_FREQ_MEASURE,1,"2025/05/02 04:40:00","2025/05/02 04:36:24",F_MAIN++LREG_0210,1,LOWERREG,0.01898651,0.00000000,1,0
D,FPP,CONSTRAINT_FREQ_MEASURE,1,"2025/05/02 04:40:00","2025/05/02 04:36:24",F_T+LREG_0050,1,LOWERREG,0.02283092,0.00000000,1,0
D,FPP,CONSTRAINT_FREQ_MEASURE,1,"2025/05/02 04:40:00","2025/05/02 04:36:24",F_T+RREG_0050,1,RAISEREG,0.02283092,0.00000000,1,0
D,FPP,CONSTRAINT_FREQ_MEASURE,1,"2025/05/02 04:40:00","2025/05/02 04:36:28",F_MAIN++LREG_0210,1,LOWERREG,0.01690847,0.00000000,1,0
D,FPP,CONSTRAINT_FREQ_MEASURE,1,"2025/05/02 04:40:00","2025/05/02 04:36:28",F_T+LREG_0050,1,LOWERREG,0.01820183,0.00000000,1,0
D,FPP,CONSTRAINT_FREQ_MEASURE,1,"2025/05/02 04:40:00","2025/05/02 04:36:28",F_T+RREG_0050,1,RAISEREG,0.01820183,0.00000000,1,0
D,FPP,CONSTRAINT_FREQ_MEASURE,1,"2025/05/02 04:40:00","2025/05/02 04:36:32",F_MAIN++LREG_0210,1,LOWERREG,0.01437355,0.00000000,1,0
D,FPP,CONSTRAINT_FREQ_MEASURE,1,"2025/05/02 04:40:00","2025/05/02 04:36:32",F_T+LREG_0050,1,LOWERREG,0.01393476,0.00000000,1,0
D,FPP,CONSTRAINT_FREQ_MEASURE,1,"2025/05/02 04:40:00","2025/05/02 04:36:32",F_T+RREG_0050,1,RAISEREG,0.01393476,0.00000000,1,0
D,FPP,CONSTRAINT_FREQ_MEASURE,1,"2025/05/02 04:40:00","2025/05/02 04:36:36",F_MAIN++LREG_0210,1,LOWERREG,0.01631745,0.00000000,1,0
D,FPP,CONSTRAINT_FREQ_MEASURE,1,"2025/05/02 04:40:00","2025/05/02 04:36:36",F_T+LREG_0050,1,LOWERREG,0.00794926,0.00000000,1,0
D,FPP,CONSTRAINT_FREQ_MEASURE,1,"2025/05/02 04:40:00","2025/05/02 04:36:36",F_T+RREG_0050,1,RAISEREG,0.00794926,0.00000000,1,0
D,FPP,CONSTRAINT_FREQ_MEASURE,1,"2025/05/02 04:40:00","2025/05/02 04:36:40",F_MAIN++LREG_0210,1,LOWERREG,0.01780523,0.00000000,1,0
D,FPP,CONSTRAINT_FREQ_MEASURE,1,"2025/05/02 04:40:00","2025/05/02 04:36:40",F_T+LREG_0050,1,LOWERREG,0.00507165,0.00000000,1,0
D,FPP,CONSTRAINT_FREQ_MEASURE,1,"2025/05/02 04:40:00","2025/05/02 04:36:40",F_T+RREG_0050,1,RAISEREG,0.00507165,0.00000000,1,0
D,FPP,CONSTRAINT_FREQ_MEASURE,1,"2025/05/02 04:40:00","2025/05/02 04:36:44",F_MAIN++LREG_0210,1,LOWERREG,0.01777927,0.00000000,1,0
D,FPP,CONSTRAINT_FREQ_MEASURE,1,"2025/05/02 04:40:00","2025/05/02 04:36:44",F_T+LREG_0050,1,LOWERREG,0.00816684,0.00000000,1,0
D,FPP,CONSTRAINT_FREQ_MEASURE,1,"2025/05/02 04:40:00","2025/05/02 04:36:44",F_T+RREG_0050,1,RAISEREG,0.00816684,0.00000000,1,0
D,FPP,CONSTRAINT_FREQ_MEASURE,1,"2025/05/02 04:40:00","2025/05/02 04:36:48",F_MAIN++LREG_0210,1,LOWERREG,0.01784164,0.00000000,1,0
D,FPP,CONSTRAINT_FREQ_MEASURE,1,"2025/05/02 04:40:00","2025/05/02 04:36:48",F_T+LREG_0050,1,LOWERREG,0.00790754,0.00000000,1,0
D,FPP,CONSTRAINT_FREQ_MEASURE,1,"2025/05/02 04:40:00","2025/05/02 04:36:48",F_T+RREG_0050,1,RAISEREG,0.00790754,0.00000000,1,0
D,FPP,CONSTRAINT_FREQ_MEASURE,1,"2025/05/02 04:40:00","2025/05/02 04:36:52",F_MAIN++LREG_0210,1,LOWERREG,0.01864156,0.00000000,1,0
D,FPP,CONSTRAINT_FREQ_MEASURE,1,"2025/05/02 04:40:00","2025/05/02 04:36:52",F_T+LREG_0050,1,LOWERREG,0.00348364,0.00000000,1,0
D,FPP,CONSTRAINT_FREQ_MEASURE,1,"2025/05/02 04:40:00","2025/05/02 04:36:52",F_T+RREG_0050,1,RAISEREG,0.00348364,0.00000000,1,0
D,FPP,CONSTRAINT_FREQ_MEASURE,1,"2025/05/02 04:40:00","2025/05/02 04:36:56",F_MAIN++LREG_0210,1,LOWERREG,0.01929645,0.00000000,1,0
D,FPP,CONSTRAINT_FREQ_MEASURE,1,"2025/05/02 04:40:00","2025/05/02 04:36:56",F_T+LREG_0050,1,LOWERREG,0.00404283,0.00000000,1,0
D,FPP,CONSTRAINT_FREQ_MEASURE,1,"2025/05/02 04:40:00","2025/05/02 04:36:56",F_T+RREG_0050,1,RAISEREG,0.00404283,0.00000000,1,0
D,FPP,CONSTRAINT_FREQ_MEASURE,1,"2025/05/02 04:40:00","2025/05/02 04:37:00",F_MAIN++LREG_0210,1,LOWERREG,0.01973687,0.00000000,1,0
D,FPP,CONSTRAINT_FREQ_MEASURE,1,"2025/05/02 04:40:00","2025/05/02 04:37:00",F_T+LREG_0050,1,LOWERREG,0.00692220,0.00000000,1,0
D,FPP,CONSTRAINT_FREQ_MEASURE,1,"2025/05/02 04:40:00","2025/05/02 04:37:00",F_T+RREG_0050,1,RAISEREG,0.00692220,0.00000000,1,0
D,FPP,CONSTRAINT_FREQ_MEASURE,1,"2025/05/02 04:40:00","2025/05/02 04:37:04",F_MAIN++LREG_0210,1,LOWERREG,0.02019923,0.00000000,1,0
D,FPP,CONSTRAINT_FREQ_MEASURE,1,"2025/05/02 04:40:00","2025/05/02 04:37:04",F_T+LREG_0050,1,LOWERREG,0.01449504,0.00000000,1,0
D,FPP,CONSTRAINT_FREQ_MEASURE,1,"2025/05/02 04:40:00","2025/05/02 04:37:04",F_T+RREG_0050,1,RAISEREG,0.01449504,0.00000000,1,0
D,FPP,CONSTRAINT_FREQ_MEASURE,1,"2025/05/02 04:40:00","2025/05/02 04:37:08",F_MAIN++LREG_0210,1,LOWERREG,0.02013246,0.00000000,1,0
D,FPP,CONSTRAINT_FREQ_MEASURE,1,"2025/05/02 04:40:00","2025/05/02 04:37:08",F_T+LREG_0050,1,LOWERREG,0.01638503,0.00000000,1,0
D,FPP,CONSTRAINT_FREQ_MEASURE,1,"2025/05/02 04:40:00","2025/05/02 04:37:08",F_T+RREG_0050,1,RAISEREG,0.01638503,0.00000000,1,0
D,FPP,CONSTRAINT_FREQ_MEASURE,1,"2025/05/02 04:40:00","2025/05/02 04:37:12",F_MAIN++LREG_0210,1,LOWERREG,0.01980813,0.00000000,1,0
D,FPP,CONSTRAINT_FREQ_MEASURE,1,"2025/05/02 04:40:00","2025/05/02 04:37:12",F_T+LREG_0050,1,LOWERREG,0.01363280,0.00000000,1,0
D,FPP,CONSTRAINT_FREQ_MEASURE,1,"2025/05/02 04:40:00","2025/05/02 04:37:12",F_T+RREG_0050,1,RAISEREG,0.01363280,0.00000000,1,0
D,FPP,CONSTRAINT_FREQ_MEASURE,1,"2025/05/02 04:40:00","2025/05/02 04:37:16",F_MAIN++LREG_0210,1,LOWERREG,0.02048201,0.00000000,1,0
D,FPP,CONSTRAINT_FREQ_MEASURE,1,"2025/05/02 04:40:00","2025/05/02 04:37:16",F_T+LREG_0050,1,LOWERREG,0.00993662,0.00000000,1,0
D,FPP,CONSTRAINT_FREQ_MEASURE,1,"2025/05/02 04:40:00","2025/05/02 04:37:16",F_T+RREG_0050,1,RAISEREG,0.00993662,0.00000000,1,0
D,FPP,CONSTRAINT_FREQ_MEASURE,1,"2025/05/02 04:40:00","2025/05/02 04:37:20",F_MAIN++LREG_0210,1,LOWERREG,0.01966445,0.00000000,1,0
D,FPP,CONSTRAINT_FREQ_MEASURE,1,"2025/05/02 04:40:00","2025/05/02 04:37:20",F_T+LREG_0050,1,LOWERREG,0.00595070,0.00000000,1,0
D,FPP,CONSTRAINT_FREQ_MEASURE,1,"2025/05/02 04:40:00","2025/05/02 04:37:20",F_T+RREG_0050,1,RAISEREG,0.00595070,0.00000000,1,0
D,FPP,CONSTRAINT_FREQ_MEASURE,1,"2025/05/02 04:40:00","2025/05/02 04:37:24",F_MAIN++LREG_0210,1,LOWERREG,0.01815411,0.00000000,1,0
D,FPP,CONSTRAINT_FREQ_MEASURE,1,"2025/05/02 04:40:00","2025/05/02 04:37:24",F_T+LREG_0050,1,LOWERREG,0.00507277,0.00000000,1,0
D,FPP,CONSTRAINT_FREQ_MEASURE,1,"2025/05/02 04:40:00","2025/05/02 04:37:24",F_T+RREG_0050,1,RAISEREG,0.00507277,0.00000000,1,0
D,FPP,CONSTRAINT_FREQ_MEASURE,1,"2025/05/02 04:40:00","2025/05/02 04:37:28",F_MAIN++LREG_0210,1,LOWERREG,0.01505157,0.00000000,1,0
D,FPP,CONSTRAINT_FREQ_MEASURE,1,"2025/05/02 04:40:00","2025/05/02 04:37:28",F_T+LREG_0050,1,LOWERREG,0.00905660,0.00000000,1,0
D,FPP,CONSTRAINT_FREQ_MEASURE,1,"2025/05/02 04:40:00","2025/05/02 04:37:28",F_T+RREG_0050,1,RAISEREG,0.00905660,0.00000000,1,0
D,FPP,CONSTRAINT_FREQ_MEASURE,1,"2025/05/02 04:40:00","2025/05/02 04:37:32",F_MAIN++LREG_0210,1,LOWERREG,0.01051809,0.00000000,1,0
D,FPP,CONSTRAINT_FREQ_MEASURE,1,"2025/05/02 04:40:00","2025/05/02 04:37:32",F_T+LREG_0050,1,LOWERREG,0.00993291,0.00000000,1,0
D,FPP,CONSTRAINT_FREQ_MEASURE,1,"2025/05/02 04:40:00","2025/05/02 04:37:32",F_T+RREG_0050,1,RAISEREG,0.00993291,0.00000000,1,0
D,FPP,CONSTRAINT_FREQ_MEASURE,1,"2025/05/02 04:40:00","2025/05/02 04:37:36",F_MAIN++LREG_0210,1,LOWERREG,0.00756784,0.00000000,1,0
D,FPP,CONSTRAINT_FREQ_MEASURE,1,"2025/05/02 04:40:00","2025/05/02 04:37:36",F_T+LREG_0050,1,LOWERREG,0.00594782,0.00000000,1,0
D,FPP,CONSTRAINT_FREQ_MEASURE,1,"2025/05/02 04:40:00","2025/05/02 04:37:36",F_T+RREG_0050,1,RAISEREG,0.00594782,0.00000000,1,0
D,FPP,CONSTRAINT_FREQ_MEASURE,1,"2025/05/02 04:40:00","2025/05/02 04:37:40",F_MAIN++LREG_0210,1,LOWERREG,0.00645722,0.00000000,1,0
D,FPP,CONSTRAINT_FREQ_MEASURE,1,"2025/05/02 04:40:00","2025/05/02 04:37:40",F_T+LREG_0050,1,LOWERREG,0.00000000,-0.00315170,1,0
D,FPP,CONSTRAINT_FREQ_MEASURE,1,"2025/05/02 04:40:00","2025/05/02 04:37:40",F_T+RREG_0050,1,RAISEREG,0.00000000,-0.00315170,1,0
D,FPP,CONSTRAINT_FREQ_MEASURE,1,"2025/05/02 04:40:00","2025/05/02 04:37:44",F_MAIN++LREG_0210,1,LOWERREG,0.00758832,0.00000000,1,0
D,FPP,CONSTRAINT_FREQ_MEASURE,1,"2025/05/02 04:40:00","2025/05/02 04:37:44",F_T+LREG_0050,1,LOWERREG,0.00000000,-0.00867354,1,0
D,FPP,CONSTRAINT_FREQ_MEASURE,1,"2025/05/02 04:40:00","2025/05/02 04:37:44",F_T+RREG_0050,1,RAISEREG,0.00000000,-0.00867354,1,0
D,FPP,CONSTRAINT_FREQ_MEASURE,1,"2025/05/02 04:40:00","2025/05/02 04:37:48",F_MAIN++LREG_0210,1,LOWERREG,0.00907676,0.00000000,1,0
D,FPP,CONSTRAINT_FREQ_MEASURE,1,"2025/05/02 04:40:00","2025/05/02 04:37:48",F_T+LREG_0050,1,LOWERREG,0.00000000,-0.00719053,1,0
D,FPP,CONSTRAINT_FREQ_MEASURE,1,"2025/05/02 04:40:00","2025/05/02 04:37:48",F_T+RREG_0050,1,RAISEREG,0.00000000,-0.00719053,1,0
D,FPP,CONSTRAINT_FREQ_MEASURE,1,"2025/05/02 04:40:00","2025/05/02 04:37:52",F_MAIN++LREG_0210,1,LOWERREG,0.00885423,0.00000000,1,0
D,FPP,CONSTRAINT_FREQ_MEASURE,1,"2025/05/02 04:40:00","2025/05/02 04:37:52",F_T+LREG_0050,1,LOWERREG,0.00000000,-0.00292597,1,0
D,FPP,CONSTRAINT_FREQ_MEASURE,1,"2025/05/02 04:40:00","2025/05/02 04:37:52",F_T+RREG_0050,1,RAISEREG,0.00000000,-0.00292597,1,0
D,FPP,CONSTRAINT_FREQ_MEASURE,1,"2025/05/02 04:40:00","2025/05/02 04:37:56",F_MAIN++LREG_0210,1,LOWERREG,0.00360264,0.00000000,1,0
D,FPP,CONSTRAINT_FREQ_MEASURE,1,"2025/05/02 04:40:00","2025/05/02 04:37:56",F_T+LREG_0050,1,LOWERREG,0.00127980,0.00000000,1,0
D,FPP,CONSTRAINT_FREQ_MEASURE,1,"2025/05/02 04:40:00","2025/05/02 04:37:56",F_T+RREG_0050,1,RAISEREG,0.00127980,0.00000000,1,0
D,FPP,CONSTRAINT_FREQ_MEASURE,1,"2025/05/02 04:40:00","2025/05/02 04:38:00",F_MAIN++LREG_0210,1,LOWERREG,0.00000000,-0.00000562,1,0
D,FPP,CONSTRAINT_FREQ_MEASURE,1,"2025/05/02 04:40:00","2025/05/02 04:38:00",F_T+LREG_0050,1,LOWERREG,0.00032873,0.00000000,1,0
D,FPP,CONSTRAINT_FREQ_MEASURE,1,"2025/05/02 04:40:00","2025/05/02 04:38:00",F_T+RREG_0050,1,RAISEREG,0.00032873,0.00000000,1,0
D,FPP,CONSTRAINT_FREQ_MEASURE,1,"2025/05/02 04:40:00","2025/05/02 04:38:04",F_MAIN++LREG_0210,1,LOWERREG,0.00158714,0.00000000,1,0
D,FPP,CONSTRAINT_FREQ_MEASURE,1,"2025/05/02 04:40:00","2025/05/02 04:38:04",F_T+LREG_0050,1,LOWERREG,0.00000000,-0.00996654,1,0
D,FPP,CONSTRAINT_FREQ_MEASURE,1,"2025/05/02 04:40:00","2025/05/02 04:38:04",F_T+RREG_0050,1,RAISEREG,0.00000000,-0.00996654,1,0
D,FPP,CONSTRAINT_FREQ_MEASURE,1,"2025/05/02 04:40:00","2025/05/02 04:38:08",F_MAIN++LREG_0210,1,LOWERREG,0.00565615,0.00000000,1,0
D,FPP,CONSTRAINT_FREQ_MEASURE,1,"2025/05/02 04:40:00","2025/05/02 04:38:08",F_T+LREG_0050,1,LOWERREG,0.00000000,-0.01619620,1,0
D,FPP,CONSTRAINT_FREQ_MEASURE,1,"2025/05/02 04:40:00","2025/05/02 04:38:08",F_T+RREG_0050,1,RAISEREG,0.00000000,-0.01619620,1,0
D,FPP,CONSTRAINT_FREQ_MEASURE,1,"2025/05/02 04:40:00","2025/05/02 04:38:12",F_MAIN++LREG_0210,1,LOWERREG,0.01118698,0.00000000,1,0
D,FPP,CONSTRAINT_FREQ_MEASURE,1,"2025/05/02 04:40:00","2025/05/02 04:38:12",F_T+LREG_0050,1,LOWERREG,0.00000000,-0.00993038,1,0
D,FPP,CONSTRAINT_FREQ_MEASURE,1,"2025/05/02 04:40:00","2025/05/02 04:38:12",F_T+RREG_0050,1,RAISEREG,0.00000000,-0.00993038,1,0
D,FPP,CONSTRAINT_FREQ_MEASURE,1,"2025/05/02 04:40:00","2025/05/02 04:38:16",F_MAIN++LREG_0210,1,LOWERREG,0.01569601,0.00000000,1,0
D,FPP,CONSTRAINT_FREQ_MEASURE,1,"2025/05/02 04:40:00","2025/05/02 04:38:16",F_T+LREG_0050,1,LOWERREG,0.00516526,0.00000000,1,0
D,FPP,CONSTRAINT_FREQ_MEASURE,1,"2025/05/02 04:40:00","2025/05/02 04:38:16",F_T+RREG_0050,1,RAISEREG,0.00516526,0.00000000,1,0
D,FPP,CONSTRAINT_FREQ_MEASURE,1,"2025/05/02 04:40:00","2025/05/02 04:38:20",F_MAIN++LREG_0210,1,LOWERREG,0.01820719,0.00000000,1,0
D,FPP,CONSTRAINT_FREQ_MEASURE,1,"2025/05/02 04:40:00","2025/05/02 04:38:20",F_T+LREG_0050,1,LOWERREG,0.01423965,0.00000000,1,0
D,FPP,CONSTRAINT_FREQ_MEASURE,1,"2025/05/02 04:40:00","2025/05/02 04:38:20",F_T+RREG_0050,1,RAISEREG,0.01423965,0.00000000,1,0
D,FPP,CONSTRAINT_FREQ_MEASURE,1,"2025/05/02 04:40:00","2025/05/02 04:38:24",F_MAIN++LREG_0210,1,LOWERREG,0.01953062,0.00000000,1,0
D,FPP,CONSTRAINT_FREQ_MEASURE,1,"2025/05/02 04:40:00","2025/05/02 04:38:24",F_T+LREG_0050,1,LOWERREG,0.01640862,0.00000000,1,0
D,FPP,CONSTRAINT_FREQ_MEASURE,1,"2025/05/02 04:40:00","2025/05/02 04:38:24",F_T+RREG_0050,1,RAISEREG,0.01640862,0.00000000,1,0
D,FPP,CONSTRAINT_FREQ_MEASURE,1,"2025/05/02 04:40:00","2025/05/02 04:38:28",F_MAIN++LREG_0210,1,LOWERREG,0.02075112,0.00000000,1,0
D,FPP,CONSTRAINT_FREQ_MEASURE,1,"2025/05/02 04:40:00","2025/05/02 04:38:28",F_T+LREG_0050,1,LOWERREG,0.01365115,0.00000000,1,0
D,FPP,CONSTRAINT_FREQ_MEASURE,1,"2025/05/02 04:40:00","2025/05/02 04:38:28",F_T+RREG_0050,1,RAISEREG,0.01365115,0.00000000,1,0
D,FPP,CONSTRAINT_FREQ_MEASURE,1,"2025/05/02 04:40:00","2025/05/02 04:38:32",F_MAIN++LREG_0210,1,LOWERREG,0.02214431,0.00000000,1,0
D,FPP,CONSTRAINT_FREQ_MEASURE,1,"2025/05/02 04:40:00","2025/05/02 04:38:32",F_T+LREG_0050,1,LOWERREG,0.01217312,0.00000000,1,0
D,FPP,CONSTRAINT_FREQ_MEASURE,1,"2025/05/02 04:40:00","2025/05/02 04:38:32",F_T+RREG_0050,1,RAISEREG,0.01217312,0.00000000,1,0
D,FPP,CONSTRAINT_FREQ_MEASURE,1,"2025/05/02 04:40:00","2025/05/02 04:38:36",F_MAIN++LREG_0210,1,LOWERREG,0.02544123,0.00000000,1,0
D,FPP,CONSTRAINT_FREQ_MEASURE,1,"2025/05/02 04:40:00","2025/05/02 04:38:36",F_T+LREG_0050,1,LOWERREG,0.00880132,0.00000000,1,0
D,FPP,CONSTRAINT_FREQ_MEASURE,1,"2025/05/02 04:40:00","2025/05/02 04:38:36",F_T+RREG_0050,1,RAISEREG,0.00880132,0.00000000,1,0
D,FPP,CONSTRAINT_FREQ_MEASURE,1,"2025/05/02 04:40:00","2025/05/02 04:38:40",F_MAIN++LREG_0210,1,LOWERREG,0.02663999,0.00000000,1,0
D,FPP,CONSTRAINT_FREQ_MEASURE,1,"2025/05/02 04:40:00","2025/05/02 04:38:40",F_T+LREG_0050,1,LOWERREG,0.01240103,0.00000000,1,0
D,FPP,CONSTRAINT_FREQ_MEASURE,1,"2025/05/02 04:40:00","2025/05/02 04:38:40",F_T+RREG_0050,1,RAISEREG,0.01240103,0.00000000,1,0
D,FPP,CONSTRAINT_FREQ_MEASURE,1,"2025/05/02 04:40:00","2025/05/02 04:38:44",F_MAIN++LREG_0210,1,LOWERREG,0.02553974,0.00000000,1,0
D,FPP,CONSTRAINT_FREQ_MEASURE,1,"2025/05/02 04:40:00","2025/05/02 04:38:44",F_T+LREG_0050,1,LOWERREG,0.02031191,0.00000000,1,0
D,FPP,CONSTRAINT_FREQ_MEASURE,1,"2025/05/02 04:40:00","2025/05/02 04:38:44",F_T+RREG_0050,1,RAISEREG,0.02031191,0.00000000,1,0
D,FPP,CONSTRAINT_FREQ_MEASURE,1,"2025/05/02 04:40:00","2025/05/02 04:38:48",F_MAIN++LREG_0210,1,LOWERREG,0.02456420,0.00000000,1,0
D,FPP,CONSTRAINT_FREQ_MEASURE,1,"2025/05/02 04:40:00","2025/05/02 04:38:48",F_T+LREG_0050,1,LOWERREG,0.02646482,0.00000000,1,0
D,FPP,CONSTRAINT_FREQ_MEASURE,1,"2025/05/02 04:40:00","2025/05/02 04:38:48",F_T+RREG_0050,1,RAISEREG,0.02646482,0.00000000,1,0
D,FPP,CONSTRAINT_FREQ_MEASURE,1,"2025/05/02 04:40:00","2025/05/02 04:38:52",F_MAIN++LREG_0210,1,LOWERREG,0.02427062,0.00000000,1,0
D,FPP,CONSTRAINT_FREQ_MEASURE,1,"2025/05/02 04:40:00","2025/05/02 04:38:52",F_T+LREG_0050,1,LOWERREG,0.02547264,0.00000000,1,0
D,FPP,CONSTRAINT_FREQ_MEASURE,1,"2025/05/02 04:40:00","2025/05/02 04:38:52",F_T+RREG_0050,1,RAISEREG,0.02547264,0.00000000,1,0
D,FPP,CONSTRAINT_FREQ_MEASURE,1,"2025/05/02 04:40:00","2025/05/02 04:38:56",F_MAIN++LREG_0210,1,LOWERREG,0.02434293,0.00000000,1,0
D,FPP,CONSTRAINT_FREQ_MEASURE,1,"2025/05/02 04:40:00","2025/05/02 04:38:56",F_T+LREG_0050,1,LOWERREG,0.01803428,0.00000000,1,0
D,FPP,CONSTRAINT_FREQ_MEASURE,1,"2025/05/02 04:40:00","2025/05/02 04:38:56",F_T+RREG_0050,1,RAISEREG,0.01803428,0.00000000,1,0
D,FPP,CONSTRAINT_FREQ_MEASURE,1,"2025/05/02 04:40:00","2025/05/02 04:39:00",F_MAIN++LREG_0210,1,LOWERREG,0.02351026,0.00000000,1,0
D,FPP,CONSTRAINT_FREQ_MEASURE,1,"2025/05/02 04:40:00","2025/05/02 04:39:00",F_T+LREG_0050,1,LOWERREG,0.01336000,0.00000000,1,0
D,FPP,CONSTRAINT_FREQ_MEASURE,1,"2025/05/02 04:40:00","2025/05/02 04:39:00",F_T+RREG_0050,1,RAISEREG,0.01336000,0.00000000,1,0
D,FPP,CONSTRAINT_FREQ_MEASURE,1,"2025/05/02 04:40:00","2025/05/02 04:39:04",F_MAIN++LREG_0210,1,LOWERREG,0.02217321,0.00000000,1,0
D,FPP,CONSTRAINT_FREQ_MEASURE,1,"2025/05/02 04:40:00","2025/05/02 04:39:04",F_T+LREG_0050,1,LOWERREG,0.01639111,0.00000000,1,0
D,FPP,CONSTRAINT_FREQ_MEASURE,1,"2025/05/02 04:40:00","2025/05/02 04:39:04",F_T+RREG_0050,1,RAISEREG,0.01639111,0.00000000,1,0
D,FPP,CONSTRAINT_FREQ_MEASURE,1,"2025/05/02 04:40:00","2025/05/02 04:39:08",F_MAIN++LREG_0210,1,LOWERREG,0.02081228,0.00000000,1,0
D,FPP,CONSTRAINT_FREQ_MEASURE,1,"2025/05/02 04:40:00","2025/05/02 04:39:08",F_T+LREG_0050,1,LOWERREG,0.02274864,0.00000000,1,0
D,FPP,CONSTRAINT_FREQ_MEASURE,1,"2025/05/02 04:40:00","2025/05/02 04:39:08",F_T+RREG_0050,1,RAISEREG,0.02274864,0.00000000,1,0
D,FPP,CONSTRAINT_FREQ_MEASURE,1,"2025/05/02 04:40:00","2025/05/02 04:39:12",F_MAIN++LREG_0210,1,LOWERREG,0.02013788,0.00000000,1,0
D,FPP,CONSTRAINT_FREQ_MEASURE,1,"2025/05/02 04:40:00","2025/05/02 04:39:12",F_T+LREG_0050,1,LOWERREG,0.02124894,0.00000000,1,0
D,FPP,CONSTRAINT_FREQ_MEASURE,1,"2025/05/02 04:40:00","2025/05/02 04:39:12",F_T+RREG_0050,1,RAISEREG,0.02124894,0.00000000,1,0
D,FPP,CONSTRAINT_FREQ_MEASURE,1,"2025/05/02 04:40:00","2025/05/02 04:39:16",F_MAIN++LREG_0210,1,LOWERREG,0.01953940,0.00000000,1,0
D,FPP,CONSTRAINT_FREQ_MEASURE,1,"2025/05/02 04:40:00","2025/05/02 04:39:16",F_T+LREG_0050,1,LOWERREG,0.01408251,0.00000000,1,0
D,FPP,CONSTRAINT_FREQ_MEASURE,1,"2025/05/02 04:40:00","2025/05/02 04:39:16",F_T+RREG_0050,1,RAISEREG,0.01408251,0.00000000,1,0
D,FPP,CONSTRAINT_FREQ_MEASURE,1,"2025/05/02 04:40:00","2025/05/02 04:39:20",F_MAIN++LREG_0210,1,LOWERREG,0.01910356,0.00000000,1,0
D,FPP,CONSTRAINT_FREQ_MEASURE,1,"2025/05/02 04:40:00","2025/05/02 04:39:20",F_T+LREG_0050,1,LOWERREG,0.00984195,0.00000000,1,0
D,FPP,CONSTRAINT_FREQ_MEASURE,1,"2025/05/02 04:40:00","2025/05/02 04:39:20",F_T+RREG_0050,1,RAISEREG,0.00984195,0.00000000,1,0
D,FPP,CONSTRAINT_FREQ_MEASURE,1,"2025/05/02 04:40:00","2025/05/02 04:39:24",F_MAIN++LREG_0210,1,LOWERREG,0.01826569,0.00000000,1,0
D,FPP,CONSTRAINT_FREQ_MEASURE,1,"2025/05/02 04:40:00","2025/05/02 04:39:24",F_T+LREG_0050,1,LOWERREG,0.00943263,0.00000000,1,0
D,FPP,CONSTRAINT_FREQ_MEASURE,1,"2025/05/02 04:40:00","2025/05/02 04:39:24",F_T+RREG_0050,1,RAISEREG,0.00943263,0.00000000,1,0
D,FPP,CONSTRAINT_FREQ_MEASURE,1,"2025/05/02 04:40:00","2025/05/02 04:39:28",F_MAIN++LREG_0210,1,LOWERREG,0.01379747,0.00000000,1,0
D,FPP,CONSTRAINT_FREQ_MEASURE,1,"2025/05/02 04:40:00","2025/05/02 04:39:28",F_T+LREG_0050,1,LOWERREG,0.00778093,0.00000000,1,0
D,FPP,CONSTRAINT_FREQ_MEASURE,1,"2025/05/02 04:40:00","2025/05/02 04:39:28",F_T+RREG_0050,1,RAISEREG,0.00778093,0.00000000,1,0
D,FPP,CONSTRAINT_FREQ_MEASURE,1,"2025/05/02 04:40:00","2025/05/02 04:39:32",F_MAIN++LREG_0210,1,LOWERREG,0.00778583,0.00000000,1,0
D,FPP,CONSTRAINT_FREQ_MEASURE,1,"2025/05/02 04:40:00","2025/05/02 04:39:32",F_T+LREG_0050,1,LOWERREG,0.00294072,0.00000000,1,0
D,FPP,CONSTRAINT_FREQ_MEASURE,1,"2025/05/02 04:40:00","2025/05/02 04:39:32",F_T+RREG_0050,1,RAISEREG,0.00294072,0.00000000,1,0
D,FPP,CONSTRAINT_FREQ_MEASURE,1,"2025/05/02 04:40:00","2025/05/02 04:39:36",F_MAIN++LREG_0210,1,LOWERREG,0.00400515,0.00000000,1,0
D,FPP,CONSTRAINT_FREQ_MEASURE,1,"2025/05/02 04:40:00","2025/05/02 04:39:36",F_T+LREG_0050,1,LOWERREG,0.00000000,-0.00371277,1,0
D,FPP,CONSTRAINT_FREQ_MEASURE,1,"2025/05/02 04:40:00","2025/05/02 04:39:36",F_T+RREG_0050,1,RAISEREG,0.00000000,-0.00371277,1,0
D,FPP,CONSTRAINT_FREQ_MEASURE,1,"2025/05/02 04:40:00","2025/05/02 04:39:40",F_MAIN++LREG_0210,1,LOWERREG,0.00235690,0.00000000,1,0
D,FPP,CONSTRAINT_FREQ_MEASURE,1,"2025/05/02 04:40:00","2025/05/02 04:39:40",F_T+LREG_0050,1,LOWERREG,0.00000000,-0.00999882,1,0
D,FPP,CONSTRAINT_FREQ_MEASURE,1,"2025/05/02 04:40:00","2025/05/02 04:39:40",F_T+RREG_0050,1,RAISEREG,0.00000000,-0.00999882,1,0
D,FPP,CONSTRAINT_FREQ_MEASURE,1,"2025/05/02 04:40:00","2025/05/02 04:39:44",F_MAIN++LREG_0210,1,LOWERREG,0.00242114,0.00000000,1,0
D,FPP,CONSTRAINT_FREQ_MEASURE,1,"2025/05/02 04:40:00","2025/05/02 04:39:44",F_T+LREG_0050,1,LOWERREG,0.00000000,-0.01488797,1,0
D,FPP,CONSTRAINT_FREQ_MEASURE,1,"2025/05/02 04:40:00","2025/05/02 04:39:44",F_T+RREG_0050,1,RAISEREG,0.00000000,-0.01488797,1,0
D,FPP,CONSTRAINT_FREQ_MEASURE,1,"2025/05/02 04:40:00","2025/05/02 04:39:48",F_MAIN++LREG_0210,1,LOWERREG,0.00235670,0.00000000,1,0
D,FPP,CONSTRAINT_FREQ_MEASURE,1,"2025/05/02 04:40:00","2025/05/02 04:39:48",F_T+LREG_0050,1,LOWERREG,0.00000000,-0.01313509,1,0
D,FPP,CONSTRAINT_FREQ_MEASURE,1,"2025/05/02 04:40:00","2025/05/02 04:39:48",F_T+RREG_0050,1,RAISEREG,0.00000000,-0.01313509,1,0
D,FPP,CONSTRAINT_FREQ_MEASURE,1,"2025/05/02 04:40:00","2025/05/02 04:39:52",F_MAIN++LREG_0210,1,LOWERREG,0.00419706,0.00000000,1,0
D,FPP,CONSTRAINT_FREQ_MEASURE,1,"2025/05/02 04:40:00","2025/05/02 04:39:52",F_T+LREG_0050,1,LOWERREG,0.00000000,-0.00599396,1,0
D,FPP,CONSTRAINT_FREQ_MEASURE,1,"2025/05/02 04:40:00","2025/05/02 04:39:52",F_T+RREG_0050,1,RAISEREG,0.00000000,-0.00599396,1,0
D,FPP,CONSTRAINT_FREQ_MEASURE,1,"2025/05/02 04:40:00","2025/05/02 04:39:56",F_MAIN++LREG_0210,1,LOWERREG,0.00682565,0.00000000,1,0
D,FPP,CONSTRAINT_FREQ_MEASURE,1,"2025/05/02 04:40:00","2025/05/02 04:39:56",F_T+LREG_0050,1,LOWERREG,0.00267136,0.00000000,1,0
D,FPP,CONSTRAINT_FREQ_MEASURE,1,"2025/05/02 04:40:00","2025/05/02 04:39:56",F_T+RREG_0050,1,RAISEREG,0.00267136,0.00000000,1,0
D,FPP,CONSTRAINT_FREQ_MEASURE,1,"2025/05/02 04:40:00","2025/05/02 04:40:00",F_MAIN++LREG_0210,1,LOWERREG,0.01003228,0.00000000,1,0
D,FPP,CONSTRAINT_FREQ_MEASURE,1,"2025/05/02 04:40:00","2025/05/02 04:40:00",F_T+LREG_0050,1,LOWERREG,0.00941106,0.00000000,1,0
D,FPP,CONSTRAINT_FREQ_MEASURE,1,"2025/05/02 04:40:00","2025/05/02 04:40:00",F_T+RREG_0050,1,RAISEREG,0.00941106,0.00000000,1,0
I,FPP,FPP_RCR,1,INTERVAL_DATETIME,CONSTRAINTID,VERSIONNO,BIDTYPE,RCR,RCR_REASON_FLAG
D,FPP,FPP_RCR,1,"2025/05/02 04:40:00",F_MAIN++LREG_0210,1,LOWERREG,0.00000,1
D,FPP,FPP_RCR,1,"2025/05/02 04:40:00",F_T+LREG_0050,1,LOWERREG,47.14606,0
D,FPP,FPP_RCR,1,"2025/05/02 04:40:00",F_T+RREG_0050,1,RAISEREG,47.67919,0
I,FPP,FPP_USAGE,1,INTERVAL_DATETIME,CONSTRAINTID,VERSIONNO,BIDTYPE,REGULATION_MW,USED_MW,USAGE,USAGE_REASON_FLAG,USAGE_VALUE
D,FPP,FPP_USAGE,1,"2025/05/02 04:40:00",F_MAIN++LREG_0210,1,LOWERREG,204.63205000,11.12274000,0.00000000,1,0.00000000
D,FPP,FPP_USAGE,1,"2025/05/02 04:40:00",F_T+LREG_0050,1,LOWERREG,50.00000000,2.23895000,0.04477900,0,0.04477900
D,FPP,FPP_USAGE,1,"2025/05/02 04:40:00",F_T+RREG_0050,1,RAISEREG,50.00000000,38.12344000,0.76246880,0,0.76246880
I,FPP,REGION_FREQ_MEASURE,1,INTERVAL_DATETIME,MEASUREMENT_DATETIME,REGIONID,VERSIONNO,FREQ_DEVIATION_HZ,HZ_QUALITY_FLAG,FREQ_MEASURE_HZ,FM_ALIGNMENT_FLAG
D,FPP,REGION_FREQ_MEASURE,1,"2025/05/02 04:40:00","2025/05/02 04:35:04",NSW1,1,-0.02600000,1,0.02600047,1
D,FPP,REGION_FREQ_MEASURE,1,"2025/05/02 04:40:00","2025/05/02 04:35:04",QLD1,1,-0.02500000,1,0.02497012,1
D,FPP,REGION_FREQ_MEASURE,1,"2025/05/02 04:40:00","2025/05/02 04:35:04",SA1,1,-0.02900000,1,0.02496616,1
D,FPP,REGION_FREQ_MEASURE,1,"2025/05/02 04:40:00","2025/05/02 04:35:04",TAS1,1,-0.04300000,1,0.01894011,1
D,FPP,REGION_FREQ_MEASURE,1,"2025/05/02 04:40:00","2025/05/02 04:35:04",VIC1,1,-0.03000000,1,0.02471432,1
D,FPP,REGION_FREQ_MEASURE,1,"2025/05/02 04:40:00","2025/05/02 04:35:08",NSW1,1,-0.03500000,1,0.02800037,1
D,FPP,REGION_FREQ_MEASURE,1,"2025/05/02 04:40:00","2025/05/02 04:35:08",QLD1,1,-0.03500000,1,0.02719898,1
D,FPP,REGION_FREQ_MEASURE,1,"2025/05/02 04:40:00","2025/05/02 04:35:08",SA1,1,-0.02500000,1,0.02497368,1
D,FPP,REGION_FREQ_MEASURE,1,"2025/05/02 04:40:00","2025/05/02 04:35:08",TAS1,1,-0.05200000,1,0.02628675,1
D,FPP,REGION_FREQ_MEASURE,1,"2025/05/02 04:40:00","2025/05/02 04:35:08",VIC1,1,-0.02700000,1,0.02522225,1
D,FPP,REGION_FREQ_MEASURE,1,"2025/05/02 04:40:00","2025/05/02 04:35:12",NSW1,1,-0.03200000,1,0.02888918,1
D,FPP,REGION_FREQ_MEASURE,1,"2025/05/02 04:40:00","2025/05/02 04:35:12",QLD1,1,-0.03500000,1,0.02893254,1
D,FPP,REGION_FREQ_MEASURE,1,"2025/05/02 04:40:00","2025/05/02 04:35:12",SA1,1,-0.03400000,1,0.02697953,1
D,FPP,REGION_FREQ_MEASURE,1,"2025/05/02 04:40:00","2025/05/02 04:35:12",TAS1,1,-0.00800000,1,0.02222303,1
D,FPP,REGION_FREQ_MEASURE,1,"2025/05/02 04:40:00","2025/05/02 04:35:12",VIC1,1,-0.03500000,1,0.02739508,1
D,FPP,REGION_FREQ_MEASURE,1,"2025/05/02 04:40:00","2025/05/02 04:35:16",NSW1,1,-0.04000000,1,0.03135825,1
D,FPP,REGION_FREQ_MEASURE,1,"2025/05/02 04:40:00","2025/05/02 04:35:16",QLD1,1,-0.03600000,1,0.03050309,1
D,FPP,REGION_FREQ_MEASURE,1,"2025/05/02 04:40:00","2025/05/02 04:35:16",SA1,1,-0.03400000,1,0.02853963,1
D,FPP,REGION_FREQ_MEASURE,1,"2025/05/02 04:40:00","2025/05/02 04:35:16",TAS1,1,-0.01000000,1,0.01950680,1
D,FPP,REGION_FREQ_MEASURE,1,"2025/05/02 04:40:00","2025/05/02 04:35:16",VIC1,1,-0.03500000,1,0.02908506,1
D,FPP,REGION_FREQ_MEASURE,1,"2025/05/02 04:40:00","2025/05/02 04:35:20",NSW1,1,-0.03200000,1,0.03150086,1
D,FPP,REGION_FREQ_MEASURE,1,"2025/05/02 04:40:00","2025/05/02 04:35:20",QLD1,1,-0.02800000,1,0.02994685,1
D,FPP,REGION_FREQ_MEASURE,1,"2025/05/02 04:40:00","2025/05/02 04:35:20",SA1,1,-0.03200000,1,0.02930860,1
D,FPP,REGION_FREQ_MEASURE,1,"2025/05/02 04:40:00","2025/05/02 04:35:20",TAS1,1,-0.02600000,1,0.02094973,1
D,FPP,REGION_FREQ_MEASURE,1,"2025/05/02 04:40:00","2025/05/02 04:35:20",VIC1,1,-0.03500000,1,0.03039949,1
D,FPP,REGION_FREQ_MEASURE,1,"2025/05/02 04:40:00","2025/05/02 04:35:24",NSW1,1,-0.03300000,1,0.03183400,1
D,FPP,REGION_FREQ_MEASURE,1,"2025/05/02 04:40:00","2025/05/02 04:35:24",QLD1,1,-0.03500000,1,0.03106977,1
D,FPP,REGION_FREQ_MEASURE,1,"2025/05/02 04:40:00","2025/05/02 04:35:24",SA1,1,-0.03500000,1,0.03057336,1
D,FPP,REGION_FREQ_MEASURE,1,"2025/05/02 04:40:00","2025/05/02 04:35:24",TAS1,1,-0.06300000,1,0.03029423,1
D,FPP,REGION_FREQ_MEASURE,1,"2025/05/02 04:40:00","2025/05/02 04:35:24",VIC1,1,-0.03500000,1,0.03142183,1
D,FPP,REGION_FREQ_MEASURE,1,"2025/05/02 04:40:00","2025/05/02 04:35:28",NSW1,1,-0.02500000,1,0.03031533,1
D,FPP,REGION_FREQ_MEASURE,1,"2025/05/02 04:40:00","2025/05/02 04:35:28",QLD1,1,-0.02500000,1,0.02972093,1
D,FPP,REGION_FREQ_MEASURE,1,"2025/05/02 04:40:00","2025/05/02 04:35:28",SA1,1,-0.03500000,1,0.03155706,1
D,FPP,REGION_FREQ_MEASURE,1,"2025/05/02 04:40:00","2025/05/02 04:35:28",TAS1,1,-0.05000000,1,0.03467329,1
D,FPP,REGION_FREQ_MEASURE,1,"2025/05/02 04:40:00","2025/05/02 04:35:28",VIC1,1,-0.03900000,1,0.03310587,1
D,FPP,REGION_FREQ_MEASURE,1,"2025/05/02 04:40:00","2025/05/02 04:35:32",NSW1,1,-0.03400000,1,0.03113415,1
D,FPP,REGION_FREQ_MEASURE,1,"2025/05/02 04:40:00","2025/05/02 04:35:32",QLD1,1,-0.03400000,1,0.03067183,1
D,FPP,REGION_FREQ_MEASURE,1,"2025/05/02 04:40:00","2025/05/02 04:35:32",SA1,1,-0.03200000,1,0.03165549,1
D,FPP,REGION_FREQ_MEASURE,1,"2025/05/02 04:40:00","2025/05/02 04:35:32",TAS1,1,-0.01800000,1,0.03096811,1
D,FPP,REGION_FREQ_MEASURE,1,"2025/05/02 04:40:00","2025/05/02 04:35:32",VIC1,1,-0.02900000,1,0.03219345,1
D,FPP,REGION_FREQ_MEASURE,1,"2025/05/02 04:40:00","2025/05/02 04:35:36",NSW1,1,-0.02700000,1,0.03021545,1
D,FPP,REGION_FREQ_MEASURE,1,"2025/05/02 04:40:00","2025/05/02 04:35:36",QLD1,1,-0.03300000,1,0.03118920,1
D,FPP,REGION_FREQ_MEASURE,1,"2025/05/02 04:40:00","2025/05/02 04:35:36",SA1,1,-0.02700000,1,0.03062094,1
D,FPP,REGION_FREQ_MEASURE,1,"2025/05/02 04:40:00","2025/05/02 04:35:36",TAS1,1,-0.00200000,1,0.02453075,1
D,FPP,REGION_FREQ_MEASURE,1,"2025/05/02 04:40:00","2025/05/02 04:35:36",VIC1,1,-0.03500000,1,0.03281713,1
D,FPP,REGION_FREQ_MEASURE,1,"2025/05/02 04:40:00","2025/05/02 04:35:40",NSW1,1,-0.03200000,1,0.03061202,1
D,FPP,REGION_FREQ_MEASURE,1,"2025/05/02 04:40:00","2025/05/02 04:35:40",QLD1,1,-0.02700000,1,0.03025827,1
D,FPP,REGION_FREQ_MEASURE,1,"2025/05/02 04:40:00","2025/05/02 04:35:40",SA1,1,-0.03600000,1,0.03181629,1
D,FPP,REGION_FREQ_MEASURE,1,"2025/05/02 04:40:00","2025/05/02 04:35:40",TAS1,1,-0.01200000,1,0.02174614,1
D,FPP,REGION_FREQ_MEASURE,1,"2025/05/02 04:40:00","2025/05/02 04:35:40",VIC1,1,-0.03000000,1,0.03219110,1
D,FPP,REGION_FREQ_MEASURE,1,"2025/05/02 04:40:00","2025/05/02 04:35:44",NSW1,1,-0.02800000,1,0.03003157,1
D,FPP,REGION_FREQ_MEASURE,1,"2025/05/02 04:40:00","2025/05/02 04:35:44",QLD1,1,-0.03100000,1,0.03042310,1
D,FPP,REGION_FREQ_MEASURE,1,"2025/05/02 04:40:00","2025/05/02 04:35:44",SA1,1,-0.02900000,1,0.03119045,1
D,FPP,REGION_FREQ_MEASURE,1,"2025/05/02 04:40:00","2025/05/02 04:35:44",TAS1,1,-0.03300000,1,0.02424700,1
D,FPP,REGION_FREQ_MEASURE,1,"2025/05/02 04:40:00","2025/05/02 04:35:44",VIC1,1,-0.03000000,1,0.03170419,1
D,FPP,REGION_FREQ_MEASURE,1,"2025/05/02 04:40:00","2025/05/02 04:35:48",NSW1,1,-0.02100000,1,0.02802455,1
D,FPP,REGION_FREQ_MEASURE,1,"2025/05/02 04:40:00","2025/05/02 04:35:48",QLD1,1,-0.02100000,1,0.02832908,1
D,FPP,REGION_FREQ_MEASURE,1,"2025/05/02 04:40:00","2025/05/02 04:35:48",SA1,1,-0.02900000,1,0.03070368,1
D,FPP,REGION_FREQ_MEASURE,1,"2025/05/02 04:40:00","2025/05/02 04:35:48",TAS1,1,-0.05000000,1,0.02996989,1
D,FPP,REGION_FREQ_MEASURE,1,"2025/05/02 04:40:00","2025/05/02 04:35:48",VIC1,1,-0.02800000,1,0.03088104,1
D,FPP,REGION_FREQ_MEASURE,1,"2025/05/02 04:40:00","2025/05/02 04:35:52",NSW1,1,-0.02300000,1,0.02690798,1
D,FPP,REGION_FREQ_MEASURE,1,"2025/05/02 04:40:00","2025/05/02 04:35:52",QLD1,1,-0.01800000,1,0.02603373,1
D,FPP,REGION_FREQ_MEASURE,1,"2025/05/02 04:40:00","2025/05/02 04:35:52",SA1,1,-0.02200000,1,0.02876953,1
D,FPP,REGION_FREQ_MEASURE,1,"2025/05/02 04:40:00","2025/05/02 04:35:52",TAS1,1,-0.01400000,1,0.02642103,1
D,FPP,REGION_FREQ_MEASURE,1,"2025/05/02 04:40:00","2025/05/02 04:35:52",VIC1,1,-0.02000000,1,0.02846303,1
D,FPP,REGION_FREQ_MEASURE,1,"2025/05/02 04:40:00","2025/05/02 04:35:56",NSW1,1,-0.01800000,1,0.02492843,1
D,FPP,REGION_FREQ_MEASURE,1,"2025/05/02 04:40:00","2025/05/02 04:35:56",QLD1,1,-0.01900000,1,0.02447068,1
D,FPP,REGION_FREQ_MEASURE,1,"2025/05/02 04:40:00","2025/05/02 04:35:56",SA1,1,-0.01500000,1,0.02570963,1
D,FPP,REGION_FREQ_MEASURE,1,"2025/05/02 04:40:00","2025/05/02 04:35:56",TAS1,1,0.01400000,1,0.01743858,1
D,FPP,REGION_FREQ_MEASURE,1,"2025/05/02 04:40:00","2025/05/02 04:35:56",VIC1,1,-0.01600000,1,0.02569347,1
D,FPP,REGION_FREQ_MEASURE,1,"2025/05/02 04:40:00","2025/05/02 04:36:00",NSW1,1,-0.01200000,1,0.02205545,1
D,FPP,REGION_FREQ_MEASURE,1,"2025/05/02 04:40:00","2025/05/02 04:36:00",QLD1,1,-0.01600000,1,0.02258831,1
D,FPP,REGION_FREQ_MEASURE,1,"2025/05/02 04:40:00","2025/05/02 04:36:00",SA1,1,-0.02600000,1,0.02577416,1
D,FPP,REGION_FREQ_MEASURE,1,"2025/05/02 04:40:00","2025/05/02 04:36:00",TAS1,1,0.02000000,1,0.00911890,0
D,FPP,REGION_FREQ_MEASURE,1,"2025/05/02 04:40:00","2025/05/02 04:36:00",VIC1,1,-0.02400000,1,0.02531714,1
D,FPP,REGION_FREQ_MEASURE,1,"2025/05/02 04:40:00","2025/05/02 04:36:04",NSW1,1,-0.02200000,1,0.02204313,1
D,FPP,REGION_FREQ_MEASURE,1,"2025/05/02 04:40:00","2025/05/02 04:36:04",QLD1,1,-0.01900000,1,0.02179091,1
D,FPP,REGION_FREQ_MEASURE,1,"2025/05/02 04:40:00","2025/05/02 04:36:04",SA1,1,-0.01600000,1,0.02360212,1
D,FPP,REGION_FREQ_MEASURE,1,"2025/05/02 04:40:00","2025/05/02 04:36:04",TAS1,1,-0.00400000,1,0.00798137,1
D,FPP,REGION_FREQ_MEASURE,1,"2025/05/02 04:40:00","2025/05/02 04:36:04",VIC1,1,-0.01700000,1,0.02346889,1
D,FPP,REGION_FREQ_MEASURE,1,"2025/05/02 04:40:00","2025/05/02 04:36:08",NSW1,1,-0.02700000,1,0.02314466,1
D,FPP,REGION_FREQ_MEASURE,1,"2025/05/02 04:40:00","2025/05/02 04:36:08",QLD1,1,-0.02800000,1,0.02317071,1
D,FPP,REGION_FREQ_MEASURE,1,"2025/05/02 04:40:00","2025/05/02 04:36:08",SA1,1,-0.01600000,1,0.02191276,1
D,FPP,REGION_FREQ_MEASURE,1,"2025/05/02 04:40:00","2025/05/02 04:36:08",TAS1,1,-0.00700000,1,0.00776329,1
D,FPP,REGION_FREQ_MEASURE,1,"2025/05/02 04:40:00","2025/05/02 04:36:08",VIC1,1,-0.01400000,1,0.02136469,1
D,FPP,REGION_FREQ_MEASURE,1,"2025/05/02 04:40:00","2025/05/02 04:36:12",NSW1,1,-0.03000000,1,0.02466807,1
D,FPP,REGION_FREQ_MEASURE,1,"2025/05/02 04:40:00","2025/05/02 04:36:12",QLD1,1,-0.03100000,1,0.02491055,1
D,FPP,REGION_FREQ_MEASURE,1,"2025/05/02 04:40:00","2025/05/02 04:36:12",SA1,1,-0.02200000,1,0.02193215,1
D,FPP,REGION_FREQ_MEASURE,1,"2025/05/02 04:40:00","2025/05/02 04:36:12",TAS1,1,-0.03000000,1,0.01270478,1
D,FPP,REGION_FREQ_MEASURE,1,"2025/05/02 04:40:00","2025/05/02 04:36:12",VIC1,1,-0.02400000,1,0.02195031,1
D,FPP,REGION_FREQ_MEASURE,1,"2025/05/02 04:40:00","2025/05/02 04:36:16",NSW1,1,-0.00600000,1,0.02051961,1
D,FPP,REGION_FREQ_MEASURE,1,"2025/05/02 04:40:00","2025/05/02 04:36:16",QLD1,1,-0.00900000,1,0.02137487,1
D,FPP,REGION_FREQ_MEASURE,1,"2025/05/02 04:40:00","2025/05/02 04:36:16",SA1,1,-0.03000000,1,0.02372501,1
D,FPP,REGION_FREQ_MEASURE,1,"2025/05/02 04:40:00","2025/05/02 04:36:16",TAS1,1,-0.04400000,1,0.01965927,1
D,FPP,REGION_FREQ_MEASURE,1,"2025/05/02 04:40:00","2025/05/02 04:36:16",VIC1,1,-0.03300000,1,0.02440580,1
D,FPP,REGION_FREQ_MEASURE,1,"2025/05/02 04:40:00","2025/05/02 04:36:20",NSW1,1,-0.01300000,1,0.01884859,1
D,FPP,REGION_FREQ_MEASURE,1,"2025/05/02 04:40:00","2025/05/02 04:36:20",QLD1,1,-0.01000000,1,0.01884712,1
D,FPP,REGION_FREQ_MEASURE,1,"2025/05/02 04:40:00","2025/05/02 04:36:20",SA1,1,-0.01900000,1,0.02267501,1
D,FPP,REGION_FREQ_MEASURE,1,"2025/05/02 04:40:00","2025/05/02 04:36:20",TAS1,1,-0.04400000,1,0.02506832,1
D,FPP,REGION_FREQ_MEASURE,1,"2025/05/02 04:40:00","2025/05/02 04:36:20",VIC1,1,-0.01400000,1,0.02209340,1
D,FPP,REGION_FREQ_MEASURE,1,"2025/05/02 04:40:00","2025/05/02 04:36:24",NSW1,1,-0.01900000,1,0.01888224,1
D,FPP,REGION_FREQ_MEASURE,1,"2025/05/02 04:40:00","2025/05/02 04:36:24",QLD1,1,-0.02400000,1,0.01999220,1
D,FPP,REGION_FREQ_MEASURE,1,"2025/05/02 04:40:00","2025/05/02 04:36:24",SA1,1,-0.00300000,1,0.01830279,1
D,FPP,REGION_FREQ_MEASURE,1,"2025/05/02 04:40:00","2025/05/02 04:36:24",TAS1,1,-0.01500000,1,0.02283092,1
D,FPP,REGION_FREQ_MEASURE,1,"2025/05/02 04:40:00","2025/05/02 04:36:24",VIC1,1,-0.00400000,1,0.01807264,1
D,FPP,REGION_FREQ_MEASURE,1,"2025/05/02 04:40:00","2025/05/02 04:36:28",NSW1,1,0.00000000,1,0.01468619,1
D,FPP,REGION_FREQ_MEASURE,1,"2025/05/02 04:40:00","2025/05/02 04:36:28",QLD1,1,-0.00700000,1,0.01710504,1
D,FPP,REGION_FREQ_MEASURE,1,"2025/05/02 04:40:00","2025/05/02 04:36:28",SA1,1,-0.02200000,1,0.01912439,1
D,FPP,REGION_FREQ_MEASURE,1,"2025/05/02 04:40:00","2025/05/02 04:36:28",TAS1,1,-0.00200000,1,0.01820183,1
D,FPP,REGION_FREQ_MEASURE,1,"2025/05/02 04:40:00","2025/05/02 04:36:28",VIC1,1,-0.02400000,1,0.01938983,1
D,FPP,REGION_FREQ_MEASURE,1,"2025/05/02 04:40:00","2025/05/02 04:36:32",NSW1,1,-0.00500000,1,0.01253370,1
D,FPP,REGION_FREQ_MEASURE,1,"2025/05/02 04:40:00","2025/05/02 04:36:32",QLD1,1,0.00100000,1,0.01308170,1
D,FPP,REGION_FREQ_MEASURE,1,"2025/05/02 04:40:00","2025/05/02 04:36:32",SA1,1,-0.01400000,1,0.01798564,1
D,FPP,REGION_FREQ_MEASURE,1,"2025/05/02 04:40:00","2025/05/02 04:36:32",TAS1,1,0.00100000,1,0.01393476,1
D,FPP,REGION_FREQ_MEASURE,1,"2025/05/02 04:40:00","2025/05/02 04:36:32",VIC1,1,-0.01200000,1,0.01774765,1
D,FPP,REGION_FREQ_MEASURE,1,"2025/05/02 04:40:00","2025/05/02 04:36:36",NSW1,1,-0.03500000,1,0.01752621,1
D,FPP,REGION_FREQ_MEASURE,1,"2025/05/02 04:40:00","2025/05/02 04:36:36",QLD1,1,-0.03600000,1,0.01817466,1
D,FPP,REGION_FREQ_MEASURE,1,"2025/05/02 04:40:00","2025/05/02 04:36:36",SA1,1,0.00500000,1,0.01287772,1
D,FPP,REGION_FREQ_MEASURE,1,"2025/05/02 04:40:00","2025/05/02 04:36:36",TAS1,1,0.01300000,1,0.00794926,1
D,FPP,REGION_FREQ_MEASURE,1,"2025/05/02 04:40:00","2025/05/02 04:36:36",VIC1,1,0.00300000,1,0.01313706,1
D,FPP,REGION_FREQ_MEASURE,1,"2025/05/02 04:40:00","2025/05/02 04:36:40",NSW1,1,-0.02000000,1,0.01807594,1
D,FPP,REGION_FREQ_MEASURE,1,"2025/05/02 04:40:00","2025/05/02 04:36:40",QLD1,1,-0.02200000,1,0.01902474,1
D,FPP,REGION_FREQ_MEASURE,1,"2025/05/02 04:40:00","2025/05/02 04:36:40",SA1,1,-0.02600000,1,0.01579378,1
D,FPP,REGION_FREQ_MEASURE,1,"2025/05/02 04:40:00","2025/05/02 04:36:40",TAS1,1,0.00500000,1,0.00507165,1
D,FPP,REGION_FREQ_MEASURE,1,"2025/05/02 04:40:00","2025/05/02 04:36:40",VIC1,1,-0.02800000,1,0.01643994,1
D,FPP,REGION_FREQ_MEASURE,1,"2025/05/02 04:40:00","2025/05/02 04:36:44",NSW1,1,-0.01000000,1,0.01628129,1
D,FPP,REGION_FREQ_MEASURE,1,"2025/05/02 04:40:00","2025/05/02 04:36:44",QLD1,1,-0.01500000,1,0.01813035,1
D,FPP,REGION_FREQ_MEASURE,1,"2025/05/02 04:40:00","2025/05/02 04:36:44",SA1,1,-0.03400000,1,0.01983961,1
D,FPP,REGION_FREQ_MEASURE,1,"2025/05/02 04:40:00","2025/05/02 04:36:44",TAS1,1,-0.01900000,1,0.00816684,1
D,FPP,REGION_FREQ_MEASURE,1,"2025/05/02 04:40:00","2025/05/02 04:36:44",VIC1,1,-0.02800000,1,0.01900884,1
D,FPP,REGION_FREQ_MEASURE,1,"2025/05/02 04:40:00","2025/05/02 04:36:48",NSW1,1,-0.02000000,1,0.01710767,1
D,FPP,REGION_FREQ_MEASURE,1,"2025/05/02 04:40:00","2025/05/02 04:36:48",QLD1,1,-0.01500000,1,0.01743472,1
D,FPP,REGION_FREQ_MEASURE,1,"2025/05/02 04:40:00","2025/05/02 04:36:48",SA1,1,-0.01800000,1,0.01943081,1
D,FPP,REGION_FREQ_MEASURE,1,"2025/05/02 04:40:00","2025/05/02 04:36:48",TAS1,1,-0.00700000,1,0.00790754,1
D,FPP,REGION_FREQ_MEASURE,1,"2025/05/02 04:40:00","2025/05/02 04:36:48",VIC1,1,-0.01900000,1,0.01900688,1
D,FPP,REGION_FREQ_MEASURE,1,"2025/05/02 04:40:00","2025/05/02 04:36:52",NSW1,1,-0.02500000,1,0.01886152,1
D,FPP,REGION_FREQ_MEASURE,1,"2025/05/02 04:40:00","2025/05/02 04:36:52",QLD1,1,-0.02500000,1,0.01911589,1
D,FPP,REGION_FREQ_MEASURE,1,"2025/05/02 04:40:00","2025/05/02 04:36:52",SA1,1,-0.01300000,1,0.01800174,1
D,FPP,REGION_FREQ_MEASURE,1,"2025/05/02 04:40:00","2025/05/02 04:36:52",TAS1,1,0.01200000,1,0.00348364,1
D,FPP,REGION_FREQ_MEASURE,1,"2025/05/02 04:40:00","2025/05/02 04:36:52",VIC1,1,-0.01400000,1,0.01789424,1
D,FPP,REGION_FREQ_MEASURE,1,"2025/05/02 04:40:00","2025/05/02 04:36:56",NSW1,1,-0.02200000,1,0.01955896,1
D,FPP,REGION_FREQ_MEASURE,1,"2025/05/02 04:40:00","2025/05/02 04:36:56",QLD1,1,-0.02100000,1,0.01953458,1
D,FPP,REGION_FREQ_MEASURE,1,"2025/05/02 04:40:00","2025/05/02 04:36:56",SA1,1,-0.02400000,1,0.01933469,1
D,FPP,REGION_FREQ_MEASURE,1,"2025/05/02 04:40:00","2025/05/02 04:36:56",TAS1,1,-0.00600000,1,0.00404283,1
D,FPP,REGION_FREQ_MEASURE,1,"2025/05/02 04:40:00","2025/05/02 04:36:56",VIC1,1,-0.02100000,1,0.01858441,1
D,FPP,REGION_FREQ_MEASURE,1,"2025/05/02 04:40:00","2025/05/02 04:37:00",NSW1,1,-0.02200000,1,0.02010141,1
D,FPP,REGION_FREQ_MEASURE,1,"2025/05/02 04:40:00","2025/05/02 04:37:00",QLD1,1,-0.02000000,1,0.01963801,1
D,FPP,REGION_FREQ_MEASURE,1,"2025/05/02 04:40:00","2025/05/02 04:37:00",SA1,1,-0.02400000,1,0.02037143,1
D,FPP,REGION_FREQ_MEASURE,1,"2025/05/02 04:40:00","2025/05/02 04:37:00",TAS1,1,-0.01700000,1,0.00692220,1
D,FPP,REGION_FREQ_MEASURE,1,"2025/05/02 04:40:00","2025/05/02 04:37:00",VIC1,1,-0.02100000,1,0.01912121,1
D,FPP,REGION_FREQ_MEASURE,1,"2025/05/02 04:40:00","2025/05/02 04:37:04",NSW1,1,-0.02300000,1,0.02074554,1
D,FPP,REGION_FREQ_MEASURE,1,"2025/05/02 04:40:00","2025/05/02 04:37:04",QLD1,1,-0.02100000,1,0.01994067,1
D,FPP,REGION_FREQ_MEASURE,1,"2025/05/02 04:40:00","2025/05/02 04:37:04",SA1,1,-0.02200000,1,0.02073333,1
D,FPP,REGION_FREQ_MEASURE,1,"2025/05/02 04:40:00","2025/05/02 04:37:04",TAS1,1,-0.04100000,1,0.01449504,1
D,FPP,REGION_FREQ_MEASURE,1,"2025/05/02 04:40:00","2025/05/02 04:37:04",VIC1,1,-0.02100000,1,0.01953872,1
D,FPP,REGION_FREQ_MEASURE,1,"2025/05/02 04:40:00","2025/05/02 04:37:08",NSW1,1,-0.02000000,1,0.02057986,1
D,FPP,REGION_FREQ_MEASURE,1,"2025/05/02 04:40:00","2025/05/02 04:37:08",QLD1,1,-0.02000000,1,0.01995385,1
D,FPP,REGION_FREQ_MEASURE,1,"2025/05/02 04:40:00","2025/05/02 04:37:08",SA1,1,-0.02200000,1,0.02101481,1
D,FPP,REGION_FREQ_MEASURE,1,"2025/05/02 04:40:00","2025/05/02 04:37:08",TAS1,1,-0.02300000,1,0.01638503,1
D,FPP,REGION_FREQ_MEASURE,1,"2025/05/02 04:40:00","2025/05/02 04:37:08",VIC1,1,-0.01900000,1,0.01941900,1
D,FPP,REGION_FREQ_MEASURE,1,"2025/05/02 04:40:00","2025/05/02 04:37:12",NSW1,1,-0.01600000,1,0.01956211,1
D,FPP,REGION_FREQ_MEASURE,1,"2025/05/02 04:40:00","2025/05/02 04:37:12",QLD1,1,-0.01700000,1,0.01929744,1
D,FPP,REGION_FREQ_MEASURE,1,"2025/05/02 04:40:00","2025/05/02 04:37:12",SA1,1,-0.02500000,1,0.02190041,1
D,FPP,REGION_FREQ_MEASURE,1,"2025/05/02 04:40:00","2025/05/02 04:37:12",TAS1,1,-0.00400000,1,0.01363280,1
D,FPP,REGION_FREQ_MEASURE,1,"2025/05/02 04:40:00","2025/05/02 04:37:12",VIC1,1,-0.02300000,1,0.02021478,1
D,FPP,REGION_FREQ_MEASURE,1,"2025/05/02 04:40:00","2025/05/02 04:37:16",NSW1,1,-0.02800000,1,0.02143720,1
D,FPP,REGION_FREQ_MEASURE,1,"2025/05/02 04:40:00","2025/05/02 04:37:16",QLD1,1,-0.02600000,1,0.02078690,1
D,FPP,REGION_FREQ_MEASURE,1,"2025/05/02 04:40:00","2025/05/02 04:37:16",SA1,1,-0.01600000,1,0.02058921,1
D,FPP,REGION_FREQ_MEASURE,1,"2025/05/02 04:40:00","2025/05/02 04:37:16",TAS1,1,0.00300000,1,0.00993662,1
D,FPP,REGION_FREQ_MEASURE,1,"2025/05/02 04:40:00","2025/05/02 04:37:16",VIC1,1,-0.01300000,1,0.01861150,1
D,FPP,REGION_FREQ_MEASURE,1,"2025/05/02 04:40:00","2025/05/02 04:37:20",NSW1,1,-0.01500000,1,0.02000671,1
D,FPP,REGION_FREQ_MEASURE,1,"2025/05/02 04:40:00","2025/05/02 04:37:20",QLD1,1,-0.01900000,1,0.02038981,1
D,FPP,REGION_FREQ_MEASURE,1,"2025/05/02 04:40:00","2025/05/02 04:37:20",SA1,1,-0.01600000,1,0.01956939,1
D,FPP,REGION_FREQ_MEASURE,1,"2025/05/02 04:40:00","2025/05/02 04:37:20",TAS1,1,0.00800000,1,0.00595070,1
D,FPP,REGION_FREQ_MEASURE,1,"2025/05/02 04:40:00","2025/05/02 04:37:20",VIC1,1,-0.01700000,1,0.01825339,1
D,FPP,REGION_FREQ_MEASURE,1,"2025/05/02 04:40:00","2025/05/02 04:37:24",NSW1,1,-0.00600000,1,0.01689411,1
D,FPP,REGION_FREQ_MEASURE,1,"2025/05/02 04:40:00","2025/05/02 04:37:24",QLD1,1,-0.01100000,1,0.01830319,1
D,FPP,REGION_FREQ_MEASURE,1,"2025/05/02 04:40:00","2025/05/02 04:37:24",SA1,1,-0.02200000,1,0.02010953,1
D,FPP,REGION_FREQ_MEASURE,1,"2025/05/02 04:40:00","2025/05/02 04:37:24",TAS1,1,-0.00200000,1,0.00507277,1
D,FPP,REGION_FREQ_MEASURE,1,"2025/05/02 04:40:00","2025/05/02 04:37:24",VIC1,1,-0.02300000,1,0.01930819,1
D,FPP,REGION_FREQ_MEASURE,1,"2025/05/02 04:40:00","2025/05/02 04:37:28",NSW1,1,0.00000000,1,0.01313986,1
D,FPP,REGION_FREQ_MEASURE,1,"2025/05/02 04:40:00","2025/05/02 04:37:28",QLD1,1,0.00000000,1,0.01423581,1
D,FPP,REGION_FREQ_MEASURE,1,"2025/05/02 04:40:00","2025/05/02 04:37:28",SA1,1,-0.01400000,1,0.01875186,1
D,FPP,REGION_FREQ_MEASURE,1,"2025/05/02 04:40:00","2025/05/02 04:37:28",TAS1,1,-0.02300000,1,0.00905660,1
D,FPP,REGION_FREQ_MEASURE,1,"2025/05/02 04:40:00","2025/05/02 04:37:28",VIC1,1,-0.01300000,1,0.01790637,1
D,FPP,REGION_FREQ_MEASURE,1,"2025/05/02 04:40:00","2025/05/02 04:37:32",NSW1,1,0.00900000,1,0.00821989,1
D,FPP,REGION_FREQ_MEASURE,1,"2025/05/02 04:40:00","2025/05/02 04:37:32",QLD1,1,0.01200000,1,0.00840563,1
D,FPP,REGION_FREQ_MEASURE,1,"2025/05/02 04:40:00","2025/05/02 04:37:32",SA1,1,-0.00700000,1,0.01614034,1
D,FPP,REGION_FREQ_MEASURE,1,"2025/05/02 04:40:00","2025/05/02 04:37:32",TAS1,1,-0.01300000,1,0.00993291,1
D,FPP,REGION_FREQ_MEASURE,1,"2025/05/02 04:40:00","2025/05/02 04:37:32",VIC1,1,-0.00500000,1,0.01503829,1
D,FPP,REGION_FREQ_MEASURE,1,"2025/05/02 04:40:00","2025/05/02 04:37:36",NSW1,1,0.00100000,1,0.00617103,1
D,FPP,REGION_FREQ_MEASURE,1,"2025/05/02 04:40:00","2025/05/02 04:37:36",QLD1,1,0.00100000,1,0.00631549,1
D,FPP,REGION_FREQ_MEASURE,1,"2025/05/02 04:40:00","2025/05/02 04:37:36",SA1,1,0.00500000,1,0.01144249,1
D,FPP,REGION_FREQ_MEASURE,1,"2025/05/02 04:40:00","2025/05/02 04:37:36",TAS1,1,0.00800000,1,0.00594782,1
D,FPP,REGION_FREQ_MEASURE,1,"2025/05/02 04:40:00","2025/05/02 04:37:36",VIC1,1,0.00700000,1,0.01014089,1
D,FPP,REGION_FREQ_MEASURE,1,"2025/05/02 04:40:00","2025/05/02 04:37:40",NSW1,1,-0.01000000,1,0.00702191,1
D,FPP,REGION_FREQ_MEASURE,1,"2025/05/02 04:40:00","2025/05/02 04:37:40",QLD1,1,-0.00500000,1,0.00602316,1
D,FPP,REGION_FREQ_MEASURE,1,"2025/05/02 04:40:00","2025/05/02 04:37:40",SA1,1,0.00700000,1,0.00734416,1
D,FPP,REGION_FREQ_MEASURE,1,"2025/05/02 04:40:00","2025/05/02 04:37:40",TAS1,1,0.03500000,1,-0.00315170,1
D,FPP,REGION_FREQ_MEASURE,1,"2025/05/02 04:40:00","2025/05/02 04:37:40",VIC1,1,0.00900000,1,0.00588736,1
D,FPP,REGION_FREQ_MEASURE,1,"2025/05/02 04:40:00","2025/05/02 04:37:44",NSW1,1,-0.02000000,1,0.00990593,1
D,FPP,REGION_FREQ_MEASURE,1,"2025/05/02 04:40:00","2025/05/02 04:37:44",QLD1,1,-0.01500000,1,0.00801801,1
D,FPP,REGION_FREQ_MEASURE,1,"2025/05/02 04:40:00","2025/05/02 04:37:44",SA1,1,0.00100000,1,0.00548990,1
D,FPP,REGION_FREQ_MEASURE,1,"2025/05/02 04:40:00","2025/05/02 04:37:44",TAS1,1,0.02800000,1,-0.00867354,1
D,FPP,REGION_FREQ_MEASURE,1,"2025/05/02 04:40:00","2025/05/02 04:37:44",VIC1,1,0.00200000,1,0.00413461,1
D,FPP,REGION_FREQ_MEASURE,1,"2025/05/02 04:40:00","2025/05/02 04:37:48",NSW1,1,-0.01200000,1,0.01037128,1
D,FPP,REGION_FREQ_MEASURE,1,"2025/05/02 04:40:00","2025/05/02 04:37:48",QLD1,1,-0.01700000,1,0.01001401,1
D,FPP,REGION_FREQ_MEASURE,1,"2025/05/02 04:40:00","2025/05/02 04:37:48",SA1,1,-0.01200000,1,0.00693659,1
D,FPP,REGION_FREQ_MEASURE,1,"2025/05/02 04:40:00","2025/05/02 04:37:48",TAS1,1,0.00200000,1,-0.00719053,1
D,FPP,REGION_FREQ_MEASURE,1,"2025/05/02 04:40:00","2025/05/02 04:37:48",VIC1,1,-0.01500000,1,0.00654914,1
D,FPP,REGION_FREQ_MEASURE,1,"2025/05/02 04:40:00","2025/05/02 04:37:52",NSW1,1,-0.00500000,1,0.00917766,1
D,FPP,REGION_FREQ_MEASURE,1,"2025/05/02 04:40:00","2025/05/02 04:37:52",QLD1,1,-0.00400000,1,0.00867756,1
D,FPP,REGION_FREQ_MEASURE,1,"2025/05/02 04:40:00","2025/05/02 04:37:52",SA1,1,-0.01800000,1,0.00939513,1
D,FPP,REGION_FREQ_MEASURE,1,"2025/05/02 04:40:00","2025/05/02 04:37:52",TAS1,1,-0.01200000,1,-0.00292597,1
D,FPP,REGION_FREQ_MEASURE,1,"2025/05/02 04:40:00","2025/05/02 04:37:52",VIC1,1,-0.01500000,1,0.00842711,1
D,FPP,REGION_FREQ_MEASURE,1,"2025/05/02 04:40:00","2025/05/02 04:37:56",NSW1,1,0.02500000,1,0.00158262,0
D,FPP,REGION_FREQ_MEASURE,1,"2025/05/02 04:40:00","2025/05/02 04:37:56",QLD1,1,0.02600000,1,0.00097144,0
D,FPP,REGION_FREQ_MEASURE,1,"2025/05/02 04:40:00","2025/05/02 04:37:56",SA1,1,-0.00900000,1,0.00930732,1
D,FPP,REGION_FREQ_MEASURE,1,"2025/05/02 04:40:00","2025/05/02 04:37:56",TAS1,1,-0.01600000,1,0.00127980,1
D,FPP,REGION_FREQ_MEASURE,1,"2025/05/02 04:40:00","2025/05/02 04:37:56",VIC1,1,-0.00800000,1,0.00833220,1
D,FPP,REGION_FREQ_MEASURE,1,"2025/05/02 04:40:00","2025/05/02 04:38:00",NSW1,1,0.00500000,1,0.00011982,1
D,FPP,REGION_FREQ_MEASURE,1,"2025/05/02 04:40:00","2025/05/02 04:38:00",QLD1,1,0.01600000,1,-0.00279999,1
D,FPP,REGION_FREQ_MEASURE,1,"2025/05/02 04:40:00","2025/05/02 04:38:00",SA1,1,0.01600000,1,0.00368347,0
D,FPP,REGION_FREQ_MEASURE,1,"2025/05/02 04:40:00","2025/05/02 04:38:00",TAS1,1,0.00300000,1,0.00032873,1
D,FPP,REGION_FREQ_MEASURE,1,"2025/05/02 04:40:00","2025/05/02 04:38:00",VIC1,1,0.01900000,1,0.00225838,0
D,FPP,REGION_FREQ_MEASURE,1,"2025/05/02 04:40:00","2025/05/02 04:38:04",NSW1,1,-0.02400000,1,0.00542653,1
D,FPP,REGION_FREQ_MEASURE,1,"2025/05/02 04:40:00","2025/05/02 04:38:04",QLD1,1,-0.01900000,1,0.00204445,1
D,FPP,REGION_FREQ_MEASURE,1,"2025/05/02 04:40:00","2025/05/02 04:38:04",SA1,1,0.02500000,1,-0.00269063,1
D,FPP,REGION_FREQ_MEASURE,1,"2025/05/02 04:40:00","2025/05/02 04:38:04",TAS1,1,0.04600000,1,-0.00996654,1
D,FPP,REGION_FREQ_MEASURE,1,"2025/05/02 04:40:00","2025/05/02 04:38:04",VIC1,1,0.02400000,1,-0.00357682,1
D,FPP,REGION_FREQ_MEASURE,1,"2025/05/02 04:40:00","2025/05/02 04:38:08",NSW1,1,-0.02300000,1,0.00933175,1
D,FPP,REGION_FREQ_MEASURE,1,"2025/05/02 04:40:00","2025/05/02 04:38:08",QLD1,1,-0.02800000,1,0.00781235,1
D,FPP,REGION_FREQ_MEASURE,1,"2025/05/02 04:40:00","2025/05/02 04:38:08",SA1,1,-0.00600000,1,-0.00075938,1
D,FPP,REGION_FREQ_MEASURE,1,"2025/05/02 04:40:00","2025/05/02 04:38:08",TAS1,1,0.03800000,1,-0.01619620,1
D,FPP,REGION_FREQ_MEASURE,1,"2025/05/02 04:40:00","2025/05/02 04:38:08",VIC1,1,-0.00900000,1,-0.00078197,1
D,FPP,REGION_FREQ_MEASURE,1,"2025/05/02 04:40:00","2025/05/02 04:38:12",NSW1,1,-0.02800000,1,0.01348025,1
D,FPP,REGION_FREQ_MEASURE,1,"2025/05/02 04:40:00","2025/05/02 04:38:12",QLD1,1,-0.03100000,1,0.01296516,1
D,FPP,REGION_FREQ_MEASURE,1,"2025/05/02 04:40:00","2025/05/02 04:38:12",SA1,1,-0.03000000,1,0.00607604,1
D,FPP,REGION_FREQ_MEASURE,1,"2025/05/02 04:40:00","2025/05/02 04:38:12",TAS1,1,-0.01200000,1,-0.00993038,1
D,FPP,REGION_FREQ_MEASURE,1,"2025/05/02 04:40:00","2025/05/02 04:38:12",VIC1,1,-0.03400000,1,0.00694736,1
D,FPP,REGION_FREQ_MEASURE,1,"2025/05/02 04:40:00","2025/05/02 04:38:16",NSW1,1,-0.03400000,1,0.01804019,1
D,FPP,REGION_FREQ_MEASURE,1,"2025/05/02 04:40:00","2025/05/02 04:38:16",QLD1,1,-0.03200000,1,0.01719512,1
D,FPP,REGION_FREQ_MEASURE,1,"2025/05/02 04:40:00","2025/05/02 04:38:16",SA1,1,-0.02800000,1,0.01094803,1
D,FPP,REGION_FREQ_MEASURE,1,"2025/05/02 04:40:00","2025/05/02 04:38:16",TAS1,1,-0.05800000,1,0.00516526,1
D,FPP,REGION_FREQ_MEASURE,1,"2025/05/02 04:40:00","2025/05/02 04:38:16",VIC1,1,-0.02800000,1,0.01162572,1
D,FPP,REGION_FREQ_MEASURE,1,"2025/05/02 04:40:00","2025/05/02 04:38:20",NSW1,1,-0.02500000,1,0.01958681,1
D,FPP,REGION_FREQ_MEASURE,1,"2025/05/02 04:40:00","2025/05/02 04:38:20",QLD1,1,-0.02600000,1,0.01915176,1
D,FPP,REGION_FREQ_MEASURE,1,"2025/05/02 04:40:00","2025/05/02 04:38:20",SA1,1,-0.02800000,1,0.01473736,1
D,FPP,REGION_FREQ_MEASURE,1,"2025/05/02 04:40:00","2025/05/02 04:38:20",TAS1,1,-0.04600000,1,0.01423965,1
D,FPP,REGION_FREQ_MEASURE,1,"2025/05/02 04:40:00","2025/05/02 04:38:20",VIC1,1,-0.03100000,1,0.01593112,1
D,FPP,REGION_FREQ_MEASURE,1,"2025/05/02 04:40:00","2025/05/02 04:38:24",NSW1,1,-0.02200000,1,0.02012307,1
D,FPP,REGION_FREQ_MEASURE,1,"2025/05/02 04:40:00","2025/05/02 04:38:24",QLD1,1,-0.02600000,1,0.02067359,1
D,FPP,REGION_FREQ_MEASURE,1,"2025/05/02 04:40:00","2025/05/02 04:38:24",SA1,1,-0.02800000,1,0.01768461,1
D,FPP,REGION_FREQ_MEASURE,1,"2025/05/02 04:40:00","2025/05/02 04:38:24",TAS1,1,-0.02400000,1,0.01640862,1
D,FPP,REGION_FREQ_MEASURE,1,"2025/05/02 04:40:00","2025/05/02 04:38:24",VIC1,1,-0.02400000,1,0.01772420,1
D,FPP,REGION_FREQ_MEASURE,1,"2025/05/02 04:40:00","2025/05/02 04:38:28",NSW1,1,-0.02400000,1,0.02098461,1
D,FPP,REGION_FREQ_MEASURE,1,"2025/05/02 04:40:00","2025/05/02 04:38:28",QLD1,1,-0.02400000,1,0.02141279,1
D,FPP,REGION_FREQ_MEASURE,1,"2025/05/02 04:40:00","2025/05/02 04:38:28",SA1,1,-0.02800000,1,0.01997692,1
D,FPP,REGION_FREQ_MEASURE,1,"2025/05/02 04:40:00","2025/05/02 04:38:28",TAS1,1,-0.00400000,1,0.01365115,1
D,FPP,REGION_FREQ_MEASURE,1,"2025/05/02 04:40:00","2025/05/02 04:38:28",VIC1,1,-0.02700000,1,0.01978549,1
D,FPP,REGION_FREQ_MEASURE,1,"2025/05/02 04:40:00","2025/05/02 04:38:32",NSW1,1,-0.03200000,1,0.02343247,1
D,FPP,REGION_FREQ_MEASURE,1,"2025/05/02 04:40:00","2025/05/02 04:38:32",QLD1,1,-0.02900000,1,0.02309884,1
D,FPP,REGION_FREQ_MEASURE,1,"2025/05/02 04:40:00","2025/05/02 04:38:32",SA1,1,-0.02000000,1,0.01998205,1
D,FPP,REGION_FREQ_MEASURE,1,"2025/05/02 04:40:00","2025/05/02 04:38:32",TAS1,1,-0.00700000,1,0.01217312,1
D,FPP,REGION_FREQ_MEASURE,1,"2025/05/02 04:40:00","2025/05/02 04:38:32",VIC1,1,-0.01900000,1,0.01961094,1
D,FPP,REGION_FREQ_MEASURE,1,"2025/05/02 04:40:00","2025/05/02 04:38:36",NSW1,1,-0.04100000,1,0.02733637,1
D,FPP,REGION_FREQ_MEASURE,1,"2025/05/02 04:40:00","2025/05/02 04:38:36",QLD1,1,-0.04100000,1,0.02707688,1
D,FPP,REGION_FREQ_MEASURE,1,"2025/05/02 04:40:00","2025/05/02 04:38:36",SA1,1,-0.02600000,1,0.02131937,1
D,FPP,REGION_FREQ_MEASURE,1,"2025/05/02 04:40:00","2025/05/02 04:38:36",TAS1,1,0.00300000,1,0.00880132,1
D,FPP,REGION_FREQ_MEASURE,1,"2025/05/02 04:40:00","2025/05/02 04:38:36",VIC1,1,-0.02900000,1,0.02169740,1
D,FPP,REGION_FREQ_MEASURE,1,"2025/05/02 04:40:00","2025/05/02 04:38:40",NSW1,1,-0.02600000,1,0.02703940,1
D,FPP,REGION_FREQ_MEASURE,1,"2025/05/02 04:40:00","2025/05/02 04:38:40",QLD1,1,-0.02900000,1,0.02750424,1
D,FPP,REGION_FREQ_MEASURE,1,"2025/05/02 04:40:00","2025/05/02 04:38:40",SA1,1,-0.03600000,1,0.02458173,1
D,FPP,REGION_FREQ_MEASURE,1,"2025/05/02 04:40:00","2025/05/02 04:38:40",TAS1,1,-0.02500000,1,0.01240103,1
D,FPP,REGION_FREQ_MEASURE,1,"2025/05/02 04:40:00","2025/05/02 04:38:40",VIC1,1,-0.03900000,1,0.02554242,1
D,FPP,REGION_FREQ_MEASURE,1,"2025/05/02 04:40:00","2025/05/02 04:38:44",NSW1,1,-0.01300000,1,0.02391953,1
D,FPP,REGION_FREQ_MEASURE,1,"2025/05/02 04:40:00","2025/05/02 04:38:44",QLD1,1,-0.01500000,1,0.02472552,1
D,FPP,REGION_FREQ_MEASURE,1,"2025/05/02 04:40:00","2025/05/02 04:38:44",SA1,1,-0.04000000,1,0.02800801,1
D,FPP,REGION_FREQ_MEASURE,1,"2025/05/02 04:40:00","2025/05/02 04:38:44",TAS1,1,-0.04800000,1,0.02031191,1
D,FPP,REGION_FREQ_MEASURE,1,"2025/05/02 04:40:00","2025/05/02 04:38:44",VIC1,1,-0.03800000,1,0.02831077,1
D,FPP,REGION_FREQ_MEASURE,1,"2025/05/02 04:40:00","2025/05/02 04:38:48",NSW1,1,-0.02300000,1,0.02371519,1
D,FPP,REGION_FREQ_MEASURE,1,"2025/05/02 04:40:00","2025/05/02 04:38:48",QLD1,1,-0.02600000,1,0.02500874,1
D,FPP,REGION_FREQ_MEASURE,1,"2025/05/02 04:40:00","2025/05/02 04:38:48",SA1,1,-0.01500000,1,0.02511734,1
D,FPP,REGION_FREQ_MEASURE,1,"2025/05/02 04:40:00","2025/05/02 04:38:48",TAS1,1,-0.04800000,1,0.02646482,1
D,FPP,REGION_FREQ_MEASURE,1,"2025/05/02 04:40:00","2025/05/02 04:38:48",VIC1,1,-0.01400000,1,0.02513060,1
D,FPP,REGION_FREQ_MEASURE,1,"2025/05/02 04:40:00","2025/05/02 04:38:52",NSW1,1,-0.02800000,1,0.02466737,1
D,FPP,REGION_FREQ_MEASURE,1,"2025/05/02 04:40:00","2025/05/02 04:38:52",QLD1,1,-0.02200000,1,0.02434013,1
D,FPP,REGION_FREQ_MEASURE,1,"2025/05/02 04:40:00","2025/05/02 04:38:52",SA1,1,-0.01500000,1,0.02286904,1
D,FPP,REGION_FREQ_MEASURE,1,"2025/05/02 04:40:00","2025/05/02 04:38:52",TAS1,1,-0.02200000,1,0.02547264,1
D,FPP,REGION_FREQ_MEASURE,1,"2025/05/02 04:40:00","2025/05/02 04:38:52",VIC1,1,-0.02000000,1,0.02399047,1
D,FPP,REGION_FREQ_MEASURE,1,"2025/05/02 04:40:00","2025/05/02 04:38:56",NSW1,1,-0.02900000,1,0.02563018,1
D,FPP,REGION_FREQ_MEASURE,1,"2025/05/02 04:40:00","2025/05/02 04:38:56",QLD1,1,-0.02400000,1,0.02426455,1
D,FPP,REGION_FREQ_MEASURE,1,"2025/05/02 04:40:00","2025/05/02 04:38:56",SA1,1,-0.02000000,1,0.02223148,1
D,FPP,REGION_FREQ_MEASURE,1,"2025/05/02 04:40:00","2025/05/02 04:38:56",TAS1,1,0.00800000,1,0.01803428,1
D,FPP,REGION_FREQ_MEASURE,1,"2025/05/02 04:40:00","2025/05/02 04:38:56",VIC1,1,-0.02000000,1,0.02310370,1
D,FPP,REGION_FREQ_MEASURE,1,"2025/05/02 04:40:00","2025/05/02 04:39:00",NSW1,1,-0.01400000,1,0.02304570,1
D,FPP,REGION_FREQ_MEASURE,1,"2025/05/02 04:40:00","2025/05/02 04:39:00",QLD1,1,-0.02300000,1,0.02398354,1
D,FPP,REGION_FREQ_MEASURE,1,"2025/05/02 04:40:00","2025/05/02 04:39:00",SA1,1,-0.02600000,1,0.02306893,1
D,FPP,REGION_FREQ_MEASURE,1,"2025/05/02 04:40:00","2025/05/02 04:39:00",TAS1,1,0.00300000,1,0.01336000,1
D,FPP,REGION_FREQ_MEASURE,1,"2025/05/02 04:40:00","2025/05/02 04:39:00",VIC1,1,-0.02600000,1,0.02374732,1
D,FPP,REGION_FREQ_MEASURE,1,"2025/05/02 04:40:00","2025/05/02 04:39:04",NSW1,1,-0.01400000,1,0.02103554,1
D,FPP,REGION_FREQ_MEASURE,1,"2025/05/02 04:40:00","2025/05/02 04:39:04",QLD1,1,-0.01300000,1,0.02154275,1
D,FPP,REGION_FREQ_MEASURE,1,"2025/05/02 04:40:00","2025/05/02 04:39:04",SA1,1,-0.02600000,1,0.02372028,1
D,FPP,REGION_FREQ_MEASURE,1,"2025/05/02 04:40:00","2025/05/02 04:39:04",TAS1,1,-0.02700000,1,0.01639111,1
D,FPP,REGION_FREQ_MEASURE,1,"2025/05/02 04:40:00","2025/05/02 04:39:04",VIC1,1,-0.02600000,1,0.02424792,1
D,FPP,REGION_FREQ_MEASURE,1,"2025/05/02 04:40:00","2025/05/02 04:39:08",NSW1,1,-0.01700000,1,0.02013875,1
D,FPP,REGION_FREQ_MEASURE,1,"2025/05/02 04:40:00","2025/05/02 04:39:08",QLD1,1,-0.01700000,1,0.02053325,1
D,FPP,REGION_FREQ_MEASURE,1,"2025/05/02 04:40:00","2025/05/02 04:39:08",SA1,1,-0.01400000,1,0.02156022,1
D,FPP,REGION_FREQ_MEASURE,1,"2025/05/02 04:40:00","2025/05/02 04:39:08",TAS1,1,-0.04500000,1,0.02274864,1
D,FPP,REGION_FREQ_MEASURE,1,"2025/05/02 04:40:00","2025/05/02 04:39:08",VIC1,1,-0.01400000,1,0.02197060,1
D,FPP,REGION_FREQ_MEASURE,1,"2025/05/02 04:40:00","2025/05/02 04:39:12",NSW1,1,-0.01800000,1,0.01966347,1
D,FPP,REGION_FREQ_MEASURE,1,"2025/05/02 04:40:00","2025/05/02 04:39:12",QLD1,1,-0.01900000,1,0.02019253,1
D,FPP,REGION_FREQ_MEASURE,1,"2025/05/02 04:40:00","2025/05/02 04:39:12",SA1,1,-0.01400000,1,0.01988017,1
D,FPP,REGION_FREQ_MEASURE,1,"2025/05/02 04:40:00","2025/05/02 04:39:12",TAS1,1,-0.01600000,1,0.02124894,1
D,FPP,REGION_FREQ_MEASURE,1,"2025/05/02 04:40:00","2025/05/02 04:39:12",VIC1,1,-0.01700000,1,0.02086602,1
D,FPP,REGION_FREQ_MEASURE,1,"2025/05/02 04:40:00","2025/05/02 04:39:16",NSW1,1,-0.01800000,1,0.01929381,1
D,FPP,REGION_FREQ_MEASURE,1,"2025/05/02 04:40:00","2025/05/02 04:39:16",QLD1,1,-0.01700000,1,0.01948308,1
D,FPP,REGION_FREQ_MEASURE,1,"2025/05/02 04:40:00","2025/05/02 04:39:16",SA1,1,-0.01800000,1,0.01946235,1
D,FPP,REGION_FREQ_MEASURE,1,"2025/05/02 04:40:00","2025/05/02 04:39:16",TAS1,1,0.01100000,1,0.01408251,1
D,FPP,REGION_FREQ_MEASURE,1,"2025/05/02 04:40:00","2025/05/02 04:39:16",VIC1,1,-0.01700000,1,0.02000690,1
D,FPP,REGION_FREQ_MEASURE,1,"2025/05/02 04:40:00","2025/05/02 04:39:20",NSW1,1,-0.01600000,1,0.01856185,1
D,FPP,REGION_FREQ_MEASURE,1,"2025/05/02 04:40:00","2025/05/02 04:39:20",QLD1,1,-0.01700000,1,0.01893128,1
D,FPP,REGION_FREQ_MEASURE,1,"2025/05/02 04:40:00","2025/05/02 04:39:20",SA1,1,-0.02000000,1,0.01958183,1
D,FPP,REGION_FREQ_MEASURE,1,"2025/05/02 04:40:00","2025/05/02 04:39:20",TAS1,1,0.00500000,1,0.00984195,1
D,FPP,REGION_FREQ_MEASURE,1,"2025/05/02 04:40:00","2025/05/02 04:39:20",VIC1,1,-0.02000000,1,0.02000537,1
D,FPP,REGION_FREQ_MEASURE,1,"2025/05/02 04:40:00","2025/05/02 04:39:24",NSW1,1,-0.01400000,1,0.01754811,1
D,FPP,REGION_FREQ_MEASURE,1,"2025/05/02 04:40:00","2025/05/02 04:39:24",QLD1,1,-0.01500000,1,0.01805766,1
D,FPP,REGION_FREQ_MEASURE,1,"2025/05/02 04:40:00","2025/05/02 04:39:24",SA1,1,-0.01800000,1,0.01923031,1
D,FPP,REGION_FREQ_MEASURE,1,"2025/05/02 04:40:00","2025/05/02 04:39:24",TAS1,1,-0.00800000,1,0.00943263,1
D,FPP,REGION_FREQ_MEASURE,1,"2025/05/02 04:40:00","2025/05/02 04:39:24",VIC1,1,-0.01700000,1,0.01933751,1
D,FPP,REGION_FREQ_MEASURE,1,"2025/05/02 04:40:00","2025/05/02 04:39:28",NSW1,1,0.01100000,1,0.01120409,1
D,FPP,REGION_FREQ_MEASURE,1,"2025/05/02 04:40:00","2025/05/02 04:39:28",QLD1,1,0.00600000,1,0.01271151,1
D,FPP,REGION_FREQ_MEASURE,1,"2025/05/02 04:40:00","2025/05/02 04:39:28",SA1,1,-0.01300000,1,0.01784580,1
D,FPP,REGION_FREQ_MEASURE,1,"2025/05/02 04:40:00","2025/05/02 04:39:28",TAS1,1,-0.00200000,1,0.00778093,1
D,FPP,REGION_FREQ_MEASURE,1,"2025/05/02 04:40:00","2025/05/02 04:39:28",VIC1,1,-0.01300000,1,0.01792917,1
D,FPP,REGION_FREQ_MEASURE,1,"2025/05/02 04:40:00","2025/05/02 04:39:32",NSW1,1,0.02200000,1,0.00382540,0
D,FPP,REGION_FREQ_MEASURE,1,"2025/05/02 04:40:00","2025/05/02 04:39:32",QLD1,1,0.02400000,1,0.00455340,0
D,FPP,REGION_FREQ_MEASURE,1,"2025/05/02 04:40:00","2025/05/02 04:39:32",SA1,1,-0.00600000,1,0.01521340,1
D,FPP,REGION_FREQ_MEASURE,1,"2025/05/02 04:40:00","2025/05/02 04:39:32",TAS1,1,0.01400000,1,0.00294072,1
D,FPP,REGION_FREQ_MEASURE,1,"2025/05/02 04:40:00","2025/05/02 04:39:32",VIC1,1,-0.00800000,1,0.01572269,1
D,FPP,REGION_FREQ_MEASURE,1,"2025/05/02 04:40:00","2025/05/02 04:39:36",NSW1,1,0.00300000,1,0.00230864,1
D,FPP,REGION_FREQ_MEASURE,1,"2025/05/02 04:40:00","2025/05/02 04:39:36",QLD1,1,0.00900000,1,0.00154153,1
D,FPP,REGION_FREQ_MEASURE,1,"2025/05/02 04:40:00","2025/05/02 04:39:36",SA1,1,0.01600000,1,0.00827709,0
D,FPP,REGION_FREQ_MEASURE,1,"2025/05/02 04:40:00","2025/05/02 04:39:36",TAS1,1,0.02700000,1,-0.00371277,1
D,FPP,REGION_FREQ_MEASURE,1,"2025/05/02 04:40:00","2025/05/02 04:39:36",VIC1,1,0.01700000,1,0.00845098,0
D,FPP,REGION_FREQ_MEASURE,1,"2025/05/02 04:40:00","2025/05/02 04:39:40",NSW1,1,-0.00400000,1,0.00268450,1
D,FPP,REGION_FREQ_MEASURE,1,"2025/05/02 04:40:00","2025/05/02 04:39:40",QLD1,1,-0.00700000,1,0.00275452,1
D,FPP,REGION_FREQ_MEASURE,1,"2025/05/02 04:40:00","2025/05/02 04:39:40",SA1,1,0.02000000,1,0.00199329,0
D,FPP,REGION_FREQ_MEASURE,1,"2025/05/02 04:40:00","2025/05/02 04:39:40",TAS1,1,0.03200000,1,-0.00999882,1
D,FPP,REGION_FREQ_MEASURE,1,"2025/05/02 04:40:00","2025/05/02 04:39:40",VIC1,1,0.02300000,1,0.00146187,0
D,FPP,REGION_FREQ_MEASURE,1,"2025/05/02 04:40:00","2025/05/02 04:39:44",NSW1,1,0.00000000,1,0.00208794,1
D,FPP,REGION_FREQ_MEASURE,1,"2025/05/02 04:40:00","2025/05/02 04:39:44",QLD1,1,-0.00500000,1,0.00325352,1
D,FPP,REGION_FREQ_MEASURE,1,"2025/05/02 04:40:00","2025/05/02 04:39:44",SA1,1,-0.00500000,1,0.00266145,1
D,FPP,REGION_FREQ_MEASURE,1,"2025/05/02 04:40:00","2025/05/02 04:39:44",TAS1,1,0.03200000,1,-0.01488797,1
D,FPP,REGION_FREQ_MEASURE,1,"2025/05/02 04:40:00","2025/05/02 04:39:44",VIC1,1,-0.00300000,1,0.00180368,1
D,FPP,REGION_FREQ_MEASURE,1,"2025/05/02 04:40:00","2025/05/02 04:39:48",NSW1,1,0.00000000,1,0.00162395,1
D,FPP,REGION_FREQ_MEASURE,1,"2025/05/02 04:40:00","2025/05/02 04:39:48",QLD1,1,0.00200000,1,0.00208607,1
D,FPP,REGION_FREQ_MEASURE,1,"2025/05/02 04:40:00","2025/05/02 04:39:48",SA1,1,-0.01100000,1,0.00451446,1
D,FPP,REGION_FREQ_MEASURE,1,"2025/05/02 04:40:00","2025/05/02 04:39:48",TAS1,1,0.00700000,1,-0.01313509,1
D,FPP,REGION_FREQ_MEASURE,1,"2025/05/02 04:40:00","2025/05/02 04:39:48",VIC1,1,-0.00800000,1,0.00318064,1
D,FPP,REGION_FREQ_MEASURE,1,"2025/05/02 04:40:00","2025/05/02 04:39:52",NSW1,1,-0.01600000,1,0.00481863,1
D,FPP,REGION_FREQ_MEASURE,1,"2025/05/02 04:40:00","2025/05/02 04:39:52",QLD1,1,-0.01200000,1,0.00428917,1
D,FPP,REGION_FREQ_MEASURE,1,"2025/05/02 04:40:00","2025/05/02 04:39:52",SA1,1,-0.00300000,1,0.00417791,1
D,FPP,REGION_FREQ_MEASURE,1,"2025/05/02 04:40:00","2025/05/02 04:39:52",TAS1,1,-0.01900000,1,-0.00599396,0
D,FPP,REGION_FREQ_MEASURE,1,"2025/05/02 04:40:00","2025/05/02 04:39:52",VIC1,1,-0.00300000,1,0.00314050,1
D,FPP,REGION_FREQ_MEASURE,1,"2025/05/02 04:40:00","2025/05/02 04:39:56",NSW1,1,-0.01900000,1,0.00797005,1
D,FPP,REGION_FREQ_MEASURE,1,"2025/05/02 04:40:00","2025/05/02 04:39:56",QLD1,1,-0.02200000,1,0.00822491,1
D,FPP,REGION_FREQ_MEASURE,1,"2025/05/02 04:40:00","2025/05/02 04:39:56",SA1,1,-0.00900000,1,0.00524949,1
D,FPP,REGION_FREQ_MEASURE,1,"2025/05/02 04:40:00","2025/05/02 04:39:56",TAS1,1,-0.03300000,1,0.00267136,1
D,FPP,REGION_FREQ_MEASURE,1,"2025/05/02 04:40:00","2025/05/02 04:39:56",VIC1,1,-0.00600000,1,0.00377594,1
D,FPP,REGION_FREQ_MEASURE,1,"2025/05/02 04:40:00","2025/05/02 04:40:00",NSW1,1,-0.02300000,1,0.01131004,1
D,FPP,REGION_FREQ_MEASURE,1,"2025/05/02 04:40:00","2025/05/02 04:40:00",QLD1,1,-0.02100000,1,0.01106382,1
D,FPP,REGION_FREQ_MEASURE,1,"2025/05/02 04:40:00","2025/05/02 04:40:00",SA1,1,-0.02100000,1,0.00874960,1
D,FPP,REGION_FREQ_MEASURE,1,"2025/05/02 04:40:00","2025/05/02 04:40:00",TAS1,1,-0.03300000,1,0.00941106,1
D,FPP,REGION_FREQ_MEASURE,1,"2025/05/02 04:40:00","2025/05/02 04:40:00",VIC1,1,-0.01900000,1,0.00715906,1
I,FPP,RESIDUAL_CF,1,INTERVAL_DATETIME,CONSTRAINTID,VERSIONNO,BIDTYPE,RESIDUAL_CF,NEGATIVE_RESIDUAL_CF,RESIDUAL_DCF,RESIDUAL_CF_REASON_FLAG,CF_ABS_POSITIVE_PERF_TOTAL,CF_ABS_NEGATIVE_PERF_TOTAL,NCF_ABS_NEGATIVE_PERF_TOTAL
D,FPP,RESIDUAL_CF,1,"2025/05/02 04:40:00",F_MAIN++LREG_0210,1,LOWERREG,0.00000000,0.00000000,-0.28196824,8,0.00000,0.00000,0.00000
D,FPP,RESIDUAL_CF,1,"2025/05/02 04:40:00",F_T+LREG_0050,1,LOWERREG,0.70829000,0.00000000,-0.22422379,0,1.61544,4.54099,4.54099
D,FPP,RESIDUAL_CF,1,"2025/05/02 04:40:00",F_T+RREG_0050,1,RAISEREG,-0.82891515,-0.82891515,-0.32144596,0,41.01696,14.63724,14.63724
I,FPP,RESIDUAL_PERFORMANCE,1,INTERVAL_DATETIME,REGIONID,VERSIONNO,RAISE_PERFORMANCE,RAISE_REASON_FLAG,LOWER_PERFORMANCE,LOWER_REASON_FLAG
D,FPP,RESIDUAL_PERFORMANCE,1,"2025/05/02 04:40:00",NSW1,1,-70.02359,0,,8
D,FPP,RESIDUAL_PERFORMANCE,1,"2025/05/02 04:40:00",QLD1,1,-44.93443,0,,8
D,FPP,RESIDUAL_PERFORMANCE,1,"2025/05/02 04:40:00",SA1,1,4.18155,0,,8
D,FPP,RESIDUAL_PERFORMANCE,1,"2025/05/02 04:40:00",TAS1,1,-12.13303,0,1.14420,0
D,FPP,RESIDUAL_PERFORMANCE,1,"2025/05/02 04:40:00",VIC1,1,-34.56547,0,,8
I,FPP,FPP_RUN,1,INTERVAL_DATETIME,VERSIONNO,FPPRUN_DATETIME,RUN_STATUS,AUTHORISED_DATETIME
D,FPP,FPP_RUN,1,"2025/05/02 04:40:00",1,"2025/05/02 04:40:00",Completed,"2025/05/02 04:43:08"
C,"END OF REPORT",624
