C,SETP.WORLD,FPP_RUN,AEMO,PUBLIC,2025/05/03,01:08:50,0000000461652919,FPP,0000000461652919
I,FPP,CONSTRAINT_FREQ_MEASURE,1,INTERVAL_DATETIME,MEASUREMENT_DATETIME,CONSTRAINTID,VERSIONNO,BIDTYPE,FM_RAISE_HZ,FM_LOWER_HZ,USED_IN_RCR_FLAG,CORRELATION_FLAG
D,FPP,CONSTRAINT_FREQ_MEASURE,1,"2025/05/03 01:05:00","2025/05/03 01:00:04",F_I+NIL_MG_R5,1,RAISEREG,0.00000000,-0.02133696,1,0
D,FPP,CONSTRAINT_FREQ_MEASURE,1,"2025/05/03 01:05:00","2025/05/03 01:00:04",F_MAIN++LREG_0210,1,LOWERREG,0.00000000,-0.02094707,1,0
D,FPP,CONSTRAINT_FREQ_MEASURE,1,"2025/05/03 01:05:00","2025/05/03 01:00:04",F_T+LREG_0050,1,LOWERREG,0.00000000,-0.02812092,1,0
D,FPP,CONSTRAINT_FREQ_MEASURE,1,"2025/05/03 01:05:00","2025/05/03 01:00:04",F_T+RREG_0050,1,RAISEREG,0.00000000,-0.02812092,1,0
D,FPP,CONSTRAINT_FREQ_MEASURE,1,"2025/05/03 01:05:00","2025/05/03 01:00:08",F_I+NIL_MG_R5,1,RAISEREG,0.00000000,-0.02096021,1,0
D,FPP,CONSTRAINT_FREQ_MEASURE,1,"2025/05/03 01:05:00","2025/05/03 01:00:08",F_MAIN++LREG_0210,1,LOWERREG,0.00000000,-0.02106107,1,0
D,FPP,CONSTRAINT_FREQ_MEASURE,1,"2025/05/03 01:05:00","2025/05/03 01:00:08",F_T+LREG_0050,1,LOWERREG,0.00000000,-0.01920516,1,0
D,FPP,CONSTRAINT_FREQ_MEASURE,1,"2025/05/03 01:05:00","2025/05/03 01:00:08",F_T+RREG_0050,1,RAISEREG,0.00000000,-0.01920516,1,0
D,FPP,CONSTRAINT_FREQ_MEASURE,1,"2025/05/03 01:05:00","2025/05/03 01:00:12",F_I+NIL_MG_R5,1,RAISEREG,0.00000000,-0.02141434,1,0
D,FPP,CONSTRAINT_FREQ_MEASURE,1,"2025/05/03 01:05:00","2025/05/03 01:00:12",F_MAIN++LREG_0210,1,LOWERREG,0.00000000,-0.02201647,1,0
D,FPP,CONSTRAINT_FREQ_MEASURE,1,"2025/05/03 01:05:00","2025/05/03 01:00:12",F_T+LREG_0050,1,LOWERREG,0.00000000,-0.01093735,1,0
D,FPP,CONSTRAINT_FREQ_MEASURE,1,"2025/05/03 01:05:00","2025/05/03 01:00:12",F_T+RREG_0050,1,RAISEREG,0.00000000,-0.01093735,1,0
D,FPP,CONSTRAINT_FREQ_MEASURE,1,"2025/05/03 01:05:00","2025/05/03 01:00:16",F_I+NIL_MG_R5,1,RAISEREG,0.00000000,-0.02051380,1,0
D,FPP,CONSTRAINT_FREQ_MEASURE,1,"2025/05/03 01:05:00","2025/05/03 01:00:16",F_MAIN++LREG_0210,1,LOWERREG,0.00000000,-0.02111447,1,0
D,FPP,CONSTRAINT_FREQ_MEASURE,1,"2025/05/03 01:05:00","2025/05/03 01:00:16",F_T+LREG_0050,1,LOWERREG,0.00000000,-0.01006238,1,0
D,FPP,CONSTRAINT_FREQ_MEASURE,1,"2025/05/03 01:05:00","2025/05/03 01:00:16",F_T+RREG_0050,1,RAISEREG,0.00000000,-0.01006238,1,0
D,FPP,CONSTRAINT_FREQ_MEASURE,1,"2025/05/03 01:05:00","2025/05/03 01:00:20",F_I+NIL_MG_R5,1,RAISEREG,0.00000000,-0.02108531,1,0
D,FPP,CONSTRAINT_FREQ_MEASURE,1,"2025/05/03 01:05:00","2025/05/03 01:00:20",F_MAIN++LREG_0210,1,LOWERREG,0.00000000,-0.02122153,1,0
D,FPP,CONSTRAINT_FREQ_MEASURE,1,"2025/05/03 01:05:00","2025/05/03 01:00:20",F_T+LREG_0050,1,LOWERREG,0.00000000,-0.01871518,1,0
D,FPP,CONSTRAINT_FREQ_MEASURE,1,"2025/05/03 01:05:00","2025/05/03 01:00:20",F_T+RREG_0050,1,RAISEREG,0.00000000,-0.01871518,1,0
D,FPP,CONSTRAINT_FREQ_MEASURE,1,"2025/05/03 01:05:00","2025/05/03 01:00:24",F_I+NIL_MG_R5,1,RAISEREG,0.00000000,-0.02077905,1,0
D,FPP,CONSTRAINT_FREQ_MEASURE,1,"2025/05/03 01:05:00","2025/05/03 01:00:24",F_MAIN++LREG_0210,1,LOWERREG,0.00000000,-0.02067691,1,0
D,FPP,CONSTRAINT_FREQ_MEASURE,1,"2025/05/03 01:05:00","2025/05/03 01:00:24",F_T+LREG_0050,1,LOWERREG,0.00000000,-0.02255625,1,0
D,FPP,CONSTRAINT_FREQ_MEASURE,1,"2025/05/03 01:05:00","2025/05/03 01:00:24",F_T+RREG_0050,1,RAISEREG,0.00000000,-0.02255625,1,0
D,FPP,CONSTRAINT_FREQ_MEASURE,1,"2025/05/03 01:05:00","2025/05/03 01:00:28",F_I+NIL_MG_R5,1,RAISEREG,0.00000000,-0.01925578,1,0
D,FPP,CONSTRAINT_FREQ_MEASURE,1,"2025/05/03 01:05:00","2025/05/03 01:00:28",F_MAIN++LREG_0210,1,LOWERREG,0.00000000,-0.01934141,1,0
D,FPP,CONSTRAINT_FREQ_MEASURE,1,"2025/05/03 01:05:00","2025/05/03 01:00:28",F_T+LREG_0050,1,LOWERREG,0.00000000,-0.01776597,1,0
D,FPP,CONSTRAINT_FREQ_MEASURE,1,"2025/05/03 01:05:00","2025/05/03 01:00:28",F_T+RREG_0050,1,RAISEREG,0.00000000,-0.01776597,1,0
D,FPP,CONSTRAINT_FREQ_MEASURE,1,"2025/05/03 01:05:00","2025/05/03 01:00:32",F_I+NIL_MG_R5,1,RAISEREG,0.00000000,-0.01664968,1,0
D,FPP,CONSTRAINT_FREQ_MEASURE,1,"2025/05/03 01:05:00","2025/05/03 01:00:32",F_MAIN++LREG_0210,1,LOWERREG,0.00000000,-0.01705509,1,0
D,FPP,CONSTRAINT_FREQ_MEASURE,1,"2025/05/03 01:05:00","2025/05/03 01:00:32",F_T+LREG_0050,1,LOWERREG,0.00000000,-0.00959575,1,0
D,FPP,CONSTRAINT_FREQ_MEASURE,1,"2025/05/03 01:05:00","2025/05/03 01:00:32",F_T+RREG_0050,1,RAISEREG,0.00000000,-0.00959575,1,0
D,FPP,CONSTRAINT_FREQ_MEASURE,1,"2025/05/03 01:05:00","2025/05/03 01:00:36",F_I+NIL_MG_R5,1,RAISEREG,0.00000000,-0.01410350,1,0
D,FPP,CONSTRAINT_FREQ_MEASURE,1,"2025/05/03 01:05:00","2025/05/03 01:00:36",F_MAIN++LREG_0210,1,LOWERREG,0.00000000,-0.01482995,1,0
D,FPP,CONSTRAINT_FREQ_MEASURE,1,"2025/05/03 01:05:00","2025/05/03 01:00:36",F_T+LREG_0050,1,LOWERREG,0.00000000,-0.00146336,1,0
D,FPP,CONSTRAINT_FREQ_MEASURE,1,"2025/05/03 01:05:00","2025/05/03 01:00:36",F_T+RREG_0050,1,RAISEREG,0.00000000,-0.00146336,1,0
D,FPP,CONSTRAINT_FREQ_MEASURE,1,"2025/05/03 01:05:00","2025/05/03 01:00:40",F_I+NIL_MG_R5,1,RAISEREG,0.00000000,-0.01363876,0,0
D,FPP,CONSTRAINT_FREQ_MEASURE,1,"2025/05/03 01:05:00","2025/05/03 01:00:40",F_MAIN++LREG_0210,1,LOWERREG,0.00000000,-0.01449768,1,0
D,FPP,CONSTRAINT_FREQ_MEASURE,1,"2025/05/03 01:05:00","2025/05/03 01:00:40",F_T+LREG_0050,1,LOWERREG,0.00130628,0.00000000,1,0
D,FPP,CONSTRAINT_FREQ_MEASURE,1,"2025/05/03 01:05:00","2025/05/03 01:00:40",F_T+RREG_0050,1,RAISEREG,0.00130628,0.00000000,1,0
D,FPP,CONSTRAINT_FREQ_MEASURE,1,"2025/05/03 01:05:00","2025/05/03 01:00:44",F_I+NIL_MG_R5,1,RAISEREG,0.00000000,-0.01511073,0,0
D,FPP,CONSTRAINT_FREQ_MEASURE,1,"2025/05/03 01:05:00","2025/05/03 01:00:44",F_MAIN++LREG_0210,1,LOWERREG,0.00000000,-0.01598648,1,0
D,FPP,CONSTRAINT_FREQ_MEASURE,1,"2025/05/03 01:05:00","2025/05/03 01:00:44",F_T+LREG_0050,1,LOWERREG,0.00012711,0.00000000,1,0
D,FPP,CONSTRAINT_FREQ_MEASURE,1,"2025/05/03 01:05:00","2025/05/03 01:00:44",F_T+RREG_0050,1,RAISEREG,0.00012711,0.00000000,1,0
D,FPP,CONSTRAINT_FREQ_MEASURE,1,"2025/05/03 01:05:00","2025/05/03 01:00:48",F_I+NIL_MG_R5,1,RAISEREG,0.00000000,-0.01628733,1,0
D,FPP,CONSTRAINT_FREQ_MEASURE,1,"2025/05/03 01:05:00","2025/05/03 01:00:48",F_MAIN++LREG_0210,1,LOWERREG,0.00000000,-0.01705028,1,0
D,FPP,CONSTRAINT_FREQ_MEASURE,1,"2025/05/03 01:05:00","2025/05/03 01:00:48",F_T+LREG_0050,1,LOWERREG,0.00000000,-0.00301225,1,0
D,FPP,CONSTRAINT_FREQ_MEASURE,1,"2025/05/03 01:05:00","2025/05/03 01:00:48",F_T+RREG_0050,1,RAISEREG,0.00000000,-0.00301225,1,0
D,FPP,CONSTRAINT_FREQ_MEASURE,1,"2025/05/03 01:05:00","2025/05/03 01:00:52",F_I+NIL_MG_R5,1,RAISEREG,0.00000000,-0.01686368,1,0
D,FPP,CONSTRAINT_FREQ_MEASURE,1,"2025/05/03 01:05:00","2025/05/03 01:00:52",F_MAIN++LREG_0210,1,LOWERREG,0.00000000,-0.01722567,1,0
D,FPP,CONSTRAINT_FREQ_MEASURE,1,"2025/05/03 01:05:00","2025/05/03 01:00:52",F_T+LREG_0050,1,LOWERREG,0.00000000,-0.01056508,1,0
D,FPP,CONSTRAINT_FREQ_MEASURE,1,"2025/05/03 01:05:00","2025/05/03 01:00:52",F_T+RREG_0050,1,RAISEREG,0.00000000,-0.01056508,1,0
D,FPP,CONSTRAINT_FREQ_MEASURE,1,"2025/05/03 01:05:00","2025/05/03 01:00:56",F_I+NIL_MG_R5,1,RAISEREG,0.00000000,-0.01808176,1,0
D,FPP,CONSTRAINT_FREQ_MEASURE,1,"2025/05/03 01:05:00","2025/05/03 01:00:56",F_MAIN++LREG_0210,1,LOWERREG,0.00000000,-0.01809951,1,0
D,FPP,CONSTRAINT_FREQ_MEASURE,1,"2025/05/03 01:05:00","2025/05/03 01:00:56",F_T+LREG_0050,1,LOWERREG,0.00000000,-0.01777284,1,0
D,FPP,CONSTRAINT_FREQ_MEASURE,1,"2025/05/03 01:05:00","2025/05/03 01:00:56",F_T+RREG_0050,1,RAISEREG,0.00000000,-0.01777284,1,0
D,FPP,CONSTRAINT_FREQ_MEASURE,1,"2025/05/03 01:05:00","2025/05/03 01:01:00",F_I+NIL_MG_R5,1,RAISEREG,0.00000000,-0.01778748,1,0
D,FPP,CONSTRAINT_FREQ_MEASURE,1,"2025/05/03 01:05:00","2025/05/03 01:01:00",F_MAIN++LREG_0210,1,LOWERREG,0.00000000,-0.01781096,1,0
D,FPP,CONSTRAINT_FREQ_MEASURE,1,"2025/05/03 01:05:00","2025/05/03 01:01:00",F_T+LREG_0050,1,LOWERREG,0.00000000,-0.01737888,1,0
D,FPP,CONSTRAINT_FREQ_MEASURE,1,"2025/05/03 01:05:00","2025/05/03 01:01:00",F_T+RREG_0050,1,RAISEREG,0.00000000,-0.01737888,1,0
D,FPP,CONSTRAINT_FREQ_MEASURE,1,"2025/05/03 01:05:00","2025/05/03 01:01:04",F_I+NIL_MG_R5,1,RAISEREG,0.00000000,-0.01767001,1,0
D,FPP,CONSTRAINT_FREQ_MEASURE,1,"2025/05/03 01:05:00","2025/05/03 01:01:04",F_MAIN++LREG_0210,1,LOWERREG,0.00000000,-0.01760218,1,0
D,FPP,CONSTRAINT_FREQ_MEASURE,1,"2025/05/03 01:05:00","2025/05/03 01:01:04",F_T+LREG_0050,1,LOWERREG,0.00000000,-0.01885024,1,0
D,FPP,CONSTRAINT_FREQ_MEASURE,1,"2025/05/03 01:05:00","2025/05/03 01:01:04",F_T+RREG_0050,1,RAISEREG,0.00000000,-0.01885024,1,0
D,FPP,CONSTRAINT_FREQ_MEASURE,1,"2025/05/03 01:05:00","2025/05/03 01:01:08",F_I+NIL_MG_R5,1,RAISEREG,0.00000000,-0.01902491,1,0
D,FPP,CONSTRAINT_FREQ_MEASURE,1,"2025/05/03 01:05:00","2025/05/03 01:01:08",F_MAIN++LREG_0210,1,LOWERREG,0.00000000,-0.01870098,1,0
D,FPP,CONSTRAINT_FREQ_MEASURE,1,"2025/05/03 01:05:00","2025/05/03 01:01:08",F_T+LREG_0050,1,LOWERREG,0.00000000,-0.02466130,1,0
D,FPP,CONSTRAINT_FREQ_MEASURE,1,"2025/05/03 01:05:00","2025/05/03 01:01:08",F_T+RREG_0050,1,RAISEREG,0.00000000,-0.02466130,1,0
D,FPP,CONSTRAINT_FREQ_MEASURE,1,"2025/05/03 01:05:00","2025/05/03 01:01:12",F_I+NIL_MG_R5,1,RAISEREG,0.00000000,-0.01995694,1,0
D,FPP,CONSTRAINT_FREQ_MEASURE,1,"2025/05/03 01:05:00","2025/05/03 01:01:12",F_MAIN++LREG_0210,1,LOWERREG,0.00000000,-0.01947790,1,0
D,FPP,CONSTRAINT_FREQ_MEASURE,1,"2025/05/03 01:05:00","2025/05/03 01:01:12",F_T+LREG_0050,1,LOWERREG,0.00000000,-0.02829212,1,0
D,FPP,CONSTRAINT_FREQ_MEASURE,1,"2025/05/03 01:05:00","2025/05/03 01:01:12",F_T+RREG_0050,1,RAISEREG,0.00000000,-0.02829212,1,0
D,FPP,CONSTRAINT_FREQ_MEASURE,1,"2025/05/03 01:05:00","2025/05/03 01:01:16",F_I+NIL_MG_R5,1,RAISEREG,0.00000000,-0.02018183,1,0
D,FPP,CONSTRAINT_FREQ_MEASURE,1,"2025/05/03 01:05:00","2025/05/03 01:01:16",F_MAIN++LREG_0210,1,LOWERREG,0.00000000,-0.01968113,1,0
D,FPP,CONSTRAINT_FREQ_MEASURE,1,"2025/05/03 01:05:00","2025/05/03 01:01:16",F_T+LREG_0050,1,LOWERREG,0.00000000,-0.02889387,1,0
D,FPP,CONSTRAINT_FREQ_MEASURE,1,"2025/05/03 01:05:00","2025/05/03 01:01:16",F_T+RREG_0050,1,RAISEREG,0.00000000,-0.02889387,1,0
D,FPP,CONSTRAINT_FREQ_MEASURE,1,"2025/05/03 01:05:00","2025/05/03 01:01:20",F_I+NIL_MG_R5,1,RAISEREG,0.00000000,-0.01944338,1,0
D,FPP,CONSTRAINT_FREQ_MEASURE,1,"2025/05/03 01:05:00","2025/05/03 01:01:20",F_MAIN++LREG_0210,1,LOWERREG,0.00000000,-0.01907769,1,0
D,FPP,CONSTRAINT_FREQ_MEASURE,1,"2025/05/03 01:05:00","2025/05/03 01:01:20",F_T+LREG_0050,1,LOWERREG,0.00000000,-0.02580634,1,0
D,FPP,CONSTRAINT_FREQ_MEASURE,1,"2025/05/03 01:05:00","2025/05/03 01:01:20",F_T+RREG_0050,1,RAISEREG,0.00000000,-0.02580634,1,0
D,FPP,CONSTRAINT_FREQ_MEASURE,1,"2025/05/03 01:05:00","2025/05/03 01:01:24",F_I+NIL_MG_R5,1,RAISEREG,0.00000000,-0.01542253,1,0
D,FPP,CONSTRAINT_FREQ_MEASURE,1,"2025/05/03 01:05:00","2025/05/03 01:01:24",F_MAIN++LREG_0210,1,LOWERREG,0.00000000,-0.01518088,1,0
D,FPP,CONSTRAINT_FREQ_MEASURE,1,"2025/05/03 01:05:00","2025/05/03 01:01:24",F_T+LREG_0050,1,LOWERREG,0.00000000,-0.01962715,1,0
D,FPP,CONSTRAINT_FREQ_MEASURE,1,"2025/05/03 01:05:00","2025/05/03 01:01:24",F_T+RREG_0050,1,RAISEREG,0.00000000,-0.01962715,1,0
D,FPP,CONSTRAINT_FREQ_MEASURE,1,"2025/05/03 01:05:00","2025/05/03 01:01:28",F_I+NIL_MG_R5,1,RAISEREG,0.00000000,-0.01090801,1,0
D,FPP,CONSTRAINT_FREQ_MEASURE,1,"2025/05/03 01:05:00","2025/05/03 01:01:28",F_MAIN++LREG_0210,1,LOWERREG,0.00000000,-0.01050432,1,0
D,FPP,CONSTRAINT_FREQ_MEASURE,1,"2025/05/03 01:05:00","2025/05/03 01:01:28",F_T+LREG_0050,1,LOWERREG,0.00000000,-0.01793223,1,0
D,FPP,CONSTRAINT_FREQ_MEASURE,1,"2025/05/03 01:05:00","2025/05/03 01:01:28",F_T+RREG_0050,1,RAISEREG,0.00000000,-0.01793223,1,0
D,FPP,CONSTRAINT_FREQ_MEASURE,1,"2025/05/03 01:05:00","2025/05/03 01:01:32",F_I+NIL_MG_R5,1,RAISEREG,0.00000000,-0.00691744,1,0
D,FPP,CONSTRAINT_FREQ_MEASURE,1,"2025/05/03 01:05:00","2025/05/03 01:01:32",F_MAIN++LREG_0210,1,LOWERREG,0.00000000,-0.00644956,1,0
D,FPP,CONSTRAINT_FREQ_MEASURE,1,"2025/05/03 01:05:00","2025/05/03 01:01:32",F_T+LREG_0050,1,LOWERREG,0.00000000,-0.01505840,1,0
D,FPP,CONSTRAINT_FREQ_MEASURE,1,"2025/05/03 01:05:00","2025/05/03 01:01:32",F_T+RREG_0050,1,RAISEREG,0.00000000,-0.01505840,1,0
D,FPP,CONSTRAINT_FREQ_MEASURE,1,"2025/05/03 01:05:00","2025/05/03 01:01:36",F_I+NIL_MG_R5,1,RAISEREG,0.00000000,-0.00645428,1,0
D,FPP,CONSTRAINT_FREQ_MEASURE,1,"2025/05/03 01:05:00","2025/05/03 01:01:36",F_MAIN++LREG_0210,1,LOWERREG,0.00000000,-0.00653525,1,0
D,FPP,CONSTRAINT_FREQ_MEASURE,1,"2025/05/03 01:05:00","2025/05/03 01:01:36",F_T+LREG_0050,1,LOWERREG,0.00000000,-0.00504542,1,0
D,FPP,CONSTRAINT_FREQ_MEASURE,1,"2025/05/03 01:05:00","2025/05/03 01:01:36",F_T+RREG_0050,1,RAISEREG,0.00000000,-0.00504542,1,0
D,FPP,CONSTRAINT_FREQ_MEASURE,1,"2025/05/03 01:05:00","2025/05/03 01:01:40",F_I+NIL_MG_R5,1,RAISEREG,0.00000000,-0.00666345,0,0
D,FPP,CONSTRAINT_FREQ_MEASURE,1,"2025/05/03 01:05:00","2025/05/03 01:01:40",F_MAIN++LREG_0210,1,LOWERREG,0.00000000,-0.00738283,1,0
D,FPP,CONSTRAINT_FREQ_MEASURE,1,"2025/05/03 01:05:00","2025/05/03 01:01:40",F_T+LREG_0050,1,LOWERREG,0.00585356,0.00000000,1,0
D,FPP,CONSTRAINT_FREQ_MEASURE,1,"2025/05/03 01:05:00","2025/05/03 01:01:40",F_T+RREG_0050,1,RAISEREG,0.00585356,0.00000000,1,0
D,FPP,CONSTRAINT_FREQ_MEASURE,1,"2025/05/03 01:05:00","2025/05/03 01:01:44",F_I+NIL_MG_R5,1,RAISEREG,0.00000000,-0.00787029,0,0
D,FPP,CONSTRAINT_FREQ_MEASURE,1,"2025/05/03 01:05:00","2025/05/03 01:01:44",F_MAIN++LREG_0210,1,LOWERREG,0.00000000,-0.00860982,1,0
D,FPP,CONSTRAINT_FREQ_MEASURE,1,"2025/05/03 01:05:00","2025/05/03 01:01:44",F_T+LREG_0050,1,LOWERREG,0.00499721,0.00000000,1,0
D,FPP,CONSTRAINT_FREQ_MEASURE,1,"2025/05/03 01:05:00","2025/05/03 01:01:44",F_T+RREG_0050,1,RAISEREG,0.00499721,0.00000000,1,0
D,FPP,CONSTRAINT_FREQ_MEASURE,1,"2025/05/03 01:05:00","2025/05/03 01:01:48",F_I+NIL_MG_R5,1,RAISEREG,0.00000000,-0.01037794,1,0
D,FPP,CONSTRAINT_FREQ_MEASURE,1,"2025/05/03 01:05:00","2025/05/03 01:01:48",F_MAIN++LREG_0210,1,LOWERREG,0.00000000,-0.01063581,1,0
D,FPP,CONSTRAINT_FREQ_MEASURE,1,"2025/05/03 01:05:00","2025/05/03 01:01:48",F_T+LREG_0050,1,LOWERREG,0.00000000,-0.00589106,1,0
D,FPP,CONSTRAINT_FREQ_MEASURE,1,"2025/05/03 01:05:00","2025/05/03 01:01:48",F_T+RREG_0050,1,RAISEREG,0.00000000,-0.00589106,1,0
D,FPP,CONSTRAINT_FREQ_MEASURE,1,"2025/05/03 01:05:00","2025/05/03 01:01:52",F_I+NIL_MG_R5,1,RAISEREG,0.00000000,-0.01179999,1,0
D,FPP,CONSTRAINT_FREQ_MEASURE,1,"2025/05/03 01:05:00","2025/05/03 01:01:52",F_MAIN++LREG_0210,1,LOWERREG,0.00000000,-0.01157625,1,0
D,FPP,CONSTRAINT_FREQ_MEASURE,1,"2025/05/03 01:05:00","2025/05/03 01:01:52",F_T+LREG_0050,1,LOWERREG,0.00000000,-0.01569305,1,0
D,FPP,CONSTRAINT_FREQ_MEASURE,1,"2025/05/03 01:05:00","2025/05/03 01:01:52",F_T+RREG_0050,1,RAISEREG,0.00000000,-0.01569305,1,0
D,FPP,CONSTRAINT_FREQ_MEASURE,1,"2025/05/03 01:05:00","2025/05/03 01:01:56",F_I+NIL_MG_R5,1,RAISEREG,0.00000000,-0.01314484,1,0
D,FPP,CONSTRAINT_FREQ_MEASURE,1,"2025/05/03 01:05:00","2025/05/03 01:01:56",F_MAIN++LREG_0210,1,LOWERREG,0.00000000,-0.01272626,1,0
D,FPP,CONSTRAINT_FREQ_MEASURE,1,"2025/05/03 01:05:00","2025/05/03 01:01:56",F_T+LREG_0050,1,LOWERREG,0.00000000,-0.02042793,1,0
D,FPP,CONSTRAINT_FREQ_MEASURE,1,"2025/05/03 01:05:00","2025/05/03 01:01:56",F_T+RREG_0050,1,RAISEREG,0.00000000,-0.02042793,1,0
D,FPP,CONSTRAINT_FREQ_MEASURE,1,"2025/05/03 01:05:00","2025/05/03 01:02:00",F_I+NIL_MG_R5,1,RAISEREG,0.00000000,-0.01052467,1,0
D,FPP,CONSTRAINT_FREQ_MEASURE,1,"2025/05/03 01:05:00","2025/05/03 01:02:00",F_MAIN++LREG_0210,1,LOWERREG,0.00000000,-0.00974385,1,0
D,FPP,CONSTRAINT_FREQ_MEASURE,1,"2025/05/03 01:05:00","2025/05/03 01:02:00",F_T+LREG_0050,1,LOWERREG,0.00000000,-0.02411061,1,0
D,FPP,CONSTRAINT_FREQ_MEASURE,1,"2025/05/03 01:05:00","2025/05/03 01:02:00",F_T+RREG_0050,1,RAISEREG,0.00000000,-0.02411061,1,0
D,FPP,CONSTRAINT_FREQ_MEASURE,1,"2025/05/03 01:05:00","2025/05/03 01:02:04",F_I+NIL_MG_R5,1,RAISEREG,0.00000000,-0.00828524,1,0
D,FPP,CONSTRAINT_FREQ_MEASURE,1,"2025/05/03 01:05:00","2025/05/03 01:02:04",F_MAIN++LREG_0210,1,LOWERREG,0.00000000,-0.00728773,1,0
D,FPP,CONSTRAINT_FREQ_MEASURE,1,"2025/05/03 01:05:00","2025/05/03 01:02:04",F_T+LREG_0050,1,LOWERREG,0.00000000,-0.02564159,1,0
D,FPP,CONSTRAINT_FREQ_MEASURE,1,"2025/05/03 01:05:00","2025/05/03 01:02:04",F_T+RREG_0050,1,RAISEREG,0.00000000,-0.02564159,1,0
D,FPP,CONSTRAINT_FREQ_MEASURE,1,"2025/05/03 01:05:00","2025/05/03 01:02:08",F_I+NIL_MG_R5,1,RAISEREG,0.00000000,-0.00552469,1,0
D,FPP,CONSTRAINT_FREQ_MEASURE,1,"2025/05/03 01:05:00","2025/05/03 01:02:08",F_MAIN++LREG_0210,1,LOWERREG,0.00000000,-0.00469601,1,0
D,FPP,CONSTRAINT_FREQ_MEASURE,1,"2025/05/03 01:05:00","2025/05/03 01:02:08",F_T+LREG_0050,1,LOWERREG,0.00000000,-0.01994346,1,0
D,FPP,CONSTRAINT_FREQ_MEASURE,1,"2025/05/03 01:05:00","2025/05/03 01:02:08",F_T+RREG_0050,1,RAISEREG,0.00000000,-0.01994346,1,0
D,FPP,CONSTRAINT_FREQ_MEASURE,1,"2025/05/03 01:05:00","2025/05/03 01:02:12",F_I+NIL_MG_R5,1,RAISEREG,0.00000000,-0.00284035,1,0
D,FPP,CONSTRAINT_FREQ_MEASURE,1,"2025/05/03 01:05:00","2025/05/03 01:02:12",F_MAIN++LREG_0210,1,LOWERREG,0.00000000,-0.00222705,1,0
D,FPP,CONSTRAINT_FREQ_MEASURE,1,"2025/05/03 01:05:00","2025/05/03 01:02:12",F_T+LREG_0050,1,LOWERREG,0.00000000,-0.01351158,1,0
D,FPP,CONSTRAINT_FREQ_MEASURE,1,"2025/05/03 01:05:00","2025/05/03 01:02:12",F_T+RREG_0050,1,RAISEREG,0.00000000,-0.01351158,1,0
D,FPP,CONSTRAINT_FREQ_MEASURE,1,"2025/05/03 01:05:00","2025/05/03 01:02:16",F_I+NIL_MG_R5,1,RAISEREG,0.00007328,0.00000000,0,0
D,FPP,CONSTRAINT_FREQ_MEASURE,1,"2025/05/03 01:05:00","2025/05/03 01:02:16",F_MAIN++LREG_0210,1,LOWERREG,0.00042604,0.00000000,1,0
D,FPP,CONSTRAINT_FREQ_MEASURE,1,"2025/05/03 01:05:00","2025/05/03 01:02:16",F_T+LREG_0050,1,LOWERREG,0.00000000,-0.00606456,1,0
D,FPP,CONSTRAINT_FREQ_MEASURE,1,"2025/05/03 01:05:00","2025/05/03 01:02:16",F_T+RREG_0050,1,RAISEREG,0.00000000,-0.00606456,1,0
D,FPP,CONSTRAINT_FREQ_MEASURE,1,"2025/05/03 01:05:00","2025/05/03 01:02:20",F_I+NIL_MG_R5,1,RAISEREG,0.00470057,0.00000000,0,0
D,FPP,CONSTRAINT_FREQ_MEASURE,1,"2025/05/03 01:05:00","2025/05/03 01:02:20",F_MAIN++LREG_0210,1,LOWERREG,0.00498638,0.00000000,1,0
D,FPP,CONSTRAINT_FREQ_MEASURE,1,"2025/05/03 01:05:00","2025/05/03 01:02:20",F_T+LREG_0050,1,LOWERREG,0.00000000,-0.00027244,1,0
D,FPP,CONSTRAINT_FREQ_MEASURE,1,"2025/05/03 01:05:00","2025/05/03 01:02:20",F_T+RREG_0050,1,RAISEREG,0.00000000,-0.00027244,1,0
D,FPP,CONSTRAINT_FREQ_MEASURE,1,"2025/05/03 01:05:00","2025/05/03 01:02:24",F_I+NIL_MG_R5,1,RAISEREG,0.00671847,0.00000000,1,0
D,FPP,CONSTRAINT_FREQ_MEASURE,1,"2025/05/03 01:05:00","2025/05/03 01:02:24",F_MAIN++LREG_0210,1,LOWERREG,0.00705292,0.00000000,1,0
D,FPP,CONSTRAINT_FREQ_MEASURE,1,"2025/05/03 01:05:00","2025/05/03 01:02:24",F_T+LREG_0050,1,LOWERREG,0.00089921,0.00000000,1,0
D,FPP,CONSTRAINT_FREQ_MEASURE,1,"2025/05/03 01:05:00","2025/05/03 01:02:24",F_T+RREG_0050,1,RAISEREG,0.00089921,0.00000000,1,0
D,FPP,CONSTRAINT_FREQ_MEASURE,1,"2025/05/03 01:05:00","2025/05/03 01:02:28",F_I+NIL_MG_R5,1,RAISEREG,0.00624003,0.00000000,0,0
D,FPP,CONSTRAINT_FREQ_MEASURE,1,"2025/05/03 01:05:00","2025/05/03 01:02:28",F_MAIN++LREG_0210,1,LOWERREG,0.00806551,0.00000000,1,0
D,FPP,CONSTRAINT_FREQ_MEASURE,1,"2025/05/03 01:05:00","2025/05/03 01:02:28",F_T+LREG_0050,1,LOWERREG,0.00000000,-0.02552284,1,0
D,FPP,CONSTRAINT_FREQ_MEASURE,1,"2025/05/03 01:05:00","2025/05/03 01:02:28",F_T+RREG_0050,1,RAISEREG,0.00000000,-0.02552284,1,0
D,FPP,CONSTRAINT_FREQ_MEASURE,1,"2025/05/03 01:05:00","2025/05/03 01:02:32",F_I+NIL_MG_R5,1,RAISEREG,0.00485579,0.00000000,0,0
D,FPP,CONSTRAINT_FREQ_MEASURE,1,"2025/05/03 01:05:00","2025/05/03 01:02:32",F_MAIN++LREG_0210,1,LOWERREG,0.00728471,0.00000000,1,0
D,FPP,CONSTRAINT_FREQ_MEASURE,1,"2025/05/03 01:05:00","2025/05/03 01:02:32",F_T+LREG_0050,1,LOWERREG,0.00000000,-0.03740665,1,0
D,FPP,CONSTRAINT_FREQ_MEASURE,1,"2025/05/03 01:05:00","2025/05/03 01:02:32",F_T+RREG_0050,1,RAISEREG,0.00000000,-0.03740665,1,0
D,FPP,CONSTRAINT_FREQ_MEASURE,1,"2025/05/03 01:05:00","2025/05/03 01:02:36",F_I+NIL_MG_R5,1,RAISEREG,0.00636684,0.00000000,0,0
D,FPP,CONSTRAINT_FREQ_MEASURE,1,"2025/05/03 01:05:00","2025/05/03 01:02:36",F_MAIN++LREG_0210,1,LOWERREG,0.00854535,0.00000000,1,0
D,FPP,CONSTRAINT_FREQ_MEASURE,1,"2025/05/03 01:05:00","2025/05/03 01:02:36",F_T+LREG_0050,1,LOWERREG,0.00000000,-0.03153851,1,0
D,FPP,CONSTRAINT_FREQ_MEASURE,1,"2025/05/03 01:05:00","2025/05/03 01:02:36",F_T+RREG_0050,1,RAISEREG,0.00000000,-0.03153851,1,0
D,FPP,CONSTRAINT_FREQ_MEASURE,1,"2025/05/03 01:05:00","2025/05/03 01:02:40",F_I+NIL_MG_R5,1,RAISEREG,0.00916192,0.00000000,0,0
D,FPP,CONSTRAINT_FREQ_MEASURE,1,"2025/05/03 01:05:00","2025/05/03 01:02:40",F_MAIN++LREG_0210,1,LOWERREG,0.01108550,0.00000000,1,0
D,FPP,CONSTRAINT_FREQ_MEASURE,1,"2025/05/03 01:05:00","2025/05/03 01:02:40",F_T+LREG_0050,1,LOWERREG,0.00000000,-0.02430773,1,0
D,FPP,CONSTRAINT_FREQ_MEASURE,1,"2025/05/03 01:05:00","2025/05/03 01:02:40",F_T+RREG_0050,1,RAISEREG,0.00000000,-0.02430773,1,0
D,FPP,CONSTRAINT_FREQ_MEASURE,1,"2025/05/03 01:05:00","2025/05/03 01:02:44",F_I+NIL_MG_R5,1,RAISEREG,0.01267254,0.00000000,0,0
D,FPP,CONSTRAINT_FREQ_MEASURE,1,"2025/05/03 01:05:00","2025/05/03 01:02:44",F_MAIN++LREG_0210,1,LOWERREG,0.01435972,0.00000000,1,0
D,FPP,CONSTRAINT_FREQ_MEASURE,1,"2025/05/03 01:05:00","2025/05/03 01:02:44",F_T+LREG_0050,1,LOWERREG,0.00000000,-0.01668379,1,0
D,FPP,CONSTRAINT_FREQ_MEASURE,1,"2025/05/03 01:05:00","2025/05/03 01:02:44",F_T+RREG_0050,1,RAISEREG,0.00000000,-0.01668379,1,0
D,FPP,CONSTRAINT_FREQ_MEASURE,1,"2025/05/03 01:05:00","2025/05/03 01:02:48",F_I+NIL_MG_R5,1,RAISEREG,0.01521441,0.00000000,0,0
D,FPP,CONSTRAINT_FREQ_MEASURE,1,"2025/05/03 01:05:00","2025/05/03 01:02:48",F_MAIN++LREG_0210,1,LOWERREG,0.01643867,0.00000000,1,0
D,FPP,CONSTRAINT_FREQ_MEASURE,1,"2025/05/03 01:05:00","2025/05/03 01:02:48",F_T+LREG_0050,1,LOWERREG,0.00000000,-0.00608739,1,0
D,FPP,CONSTRAINT_FREQ_MEASURE,1,"2025/05/03 01:05:00","2025/05/03 01:02:48",F_T+RREG_0050,1,RAISEREG,0.00000000,-0.00608739,1,0
D,FPP,CONSTRAINT_FREQ_MEASURE,1,"2025/05/03 01:05:00","2025/05/03 01:02:52",F_I+NIL_MG_R5,1,RAISEREG,0.01692956,0.00000000,1,0
D,FPP,CONSTRAINT_FREQ_MEASURE,1,"2025/05/03 01:05:00","2025/05/03 01:02:52",F_MAIN++LREG_0210,1,LOWERREG,0.01753607,0.00000000,1,0
D,FPP,CONSTRAINT_FREQ_MEASURE,1,"2025/05/03 01:05:00","2025/05/03 01:02:52",F_T+LREG_0050,1,LOWERREG,0.00637647,0.00000000,1,0
D,FPP,CONSTRAINT_FREQ_MEASURE,1,"2025/05/03 01:05:00","2025/05/03 01:02:52",F_T+RREG_0050,1,RAISEREG,0.00637647,0.00000000,1,0
D,FPP,CONSTRAINT_FREQ_MEASURE,1,"2025/05/03 01:05:00","2025/05/03 01:02:56",F_I+NIL_MG_R5,1,RAISEREG,0.01959660,0.00000000,1,0
D,FPP,CONSTRAINT_FREQ_MEASURE,1,"2025/05/03 01:05:00","2025/05/03 01:02:56",F_MAIN++LREG_0210,1,LOWERREG,0.01996528,0.00000000,1,0
D,FPP,CONSTRAINT_FREQ_MEASURE,1,"2025/05/03 01:05:00","2025/05/03 01:02:56",F_T+LREG_0050,1,LOWERREG,0.01318170,0.00000000,1,0
D,FPP,CONSTRAINT_FREQ_MEASURE,1,"2025/05/03 01:05:00","2025/05/03 01:02:56",F_T+RREG_0050,1,RAISEREG,0.01318170,0.00000000,1,0
D,FPP,CONSTRAINT_FREQ_MEASURE,1,"2025/05/03 01:05:00","2025/05/03 01:03:00",F_I+NIL_MG_R5,1,RAISEREG,0.01880353,0.00000000,1,0
D,FPP,CONSTRAINT_FREQ_MEASURE,1,"2025/05/03 01:05:00","2025/05/03 01:03:00",F_MAIN++LREG_0210,1,LOWERREG,0.01923112,0.00000000,1,0
D,FPP,CONSTRAINT_FREQ_MEASURE,1,"2025/05/03 01:05:00","2025/05/03 01:03:00",F_T+LREG_0050,1,LOWERREG,0.01136354,0.00000000,1,0
D,FPP,CONSTRAINT_FREQ_MEASURE,1,"2025/05/03 01:05:00","2025/05/03 01:03:00",F_T+RREG_0050,1,RAISEREG,0.01136354,0.00000000,1,0
D,FPP,CONSTRAINT_FREQ_MEASURE,1,"2025/05/03 01:05:00","2025/05/03 01:03:04",F_I+NIL_MG_R5,1,RAISEREG,0.01603329,0.00000000,1,0
D,FPP,CONSTRAINT_FREQ_MEASURE,1,"2025/05/03 01:05:00","2025/05/03 01:03:04",F_MAIN++LREG_0210,1,LOWERREG,0.01640849,0.00000000,1,0
D,FPP,CONSTRAINT_FREQ_MEASURE,1,"2025/05/03 01:05:00","2025/05/03 01:03:04",F_T+LREG_0050,1,LOWERREG,0.00950498,0.00000000,1,0
D,FPP,CONSTRAINT_FREQ_MEASURE,1,"2025/05/03 01:05:00","2025/05/03 01:03:04",F_T+RREG_0050,1,RAISEREG,0.00950498,0.00000000,1,0
D,FPP,CONSTRAINT_FREQ_MEASURE,1,"2025/05/03 01:05:00","2025/05/03 01:03:08",F_I+NIL_MG_R5,1,RAISEREG,0.01169963,0.00000000,1,0
D,FPP,CONSTRAINT_FREQ_MEASURE,1,"2025/05/03 01:05:00","2025/05/03 01:03:08",F_MAIN++LREG_0210,1,LOWERREG,0.01188330,0.00000000,1,0
D,FPP,CONSTRAINT_FREQ_MEASURE,1,"2025/05/03 01:05:00","2025/05/03 01:03:08",F_T+LREG_0050,1,LOWERREG,0.00850387,0.00000000,1,0
D,FPP,CONSTRAINT_FREQ_MEASURE,1,"2025/05/03 01:05:00","2025/05/03 01:03:08",F_T+RREG_0050,1,RAISEREG,0.00850387,0.00000000,1,0
D,FPP,CONSTRAINT_FREQ_MEASURE,1,"2025/05/03 01:05:00","2025/05/03 01:03:12",F_I+NIL_MG_R5,1,RAISEREG,0.00872497,0.00000000,1,0
D,FPP,CONSTRAINT_FREQ_MEASURE,1,"2025/05/03 01:05:00","2025/05/03 01:03:12",F_MAIN++LREG_0210,1,LOWERREG,0.00908895,0.00000000,1,0
D,FPP,CONSTRAINT_FREQ_MEASURE,1,"2025/05/03 01:05:00","2025/05/03 01:03:12",F_T+LREG_0050,1,LOWERREG,0.00239190,0.00000000,1,0
D,FPP,CONSTRAINT_FREQ_MEASURE,1,"2025/05/03 01:05:00","2025/05/03 01:03:12",F_T+RREG_0050,1,RAISEREG,0.00239190,0.00000000,1,0
D,FPP,CONSTRAINT_FREQ_MEASURE,1,"2025/05/03 01:05:00","2025/05/03 01:03:16",F_I+NIL_MG_R5,1,RAISEREG,0.00932276,0.00000000,0,0
D,FPP,CONSTRAINT_FREQ_MEASURE,1,"2025/05/03 01:05:00","2025/05/03 01:03:16",F_MAIN++LREG_0210,1,LOWERREG,0.01001984,0.00000000,1,0
D,FPP,CONSTRAINT_FREQ_MEASURE,1,"2025/05/03 01:05:00","2025/05/03 01:03:16",F_T+LREG_0050,1,LOWERREG,0.00000000,-0.00280630,1,0
D,FPP,CONSTRAINT_FREQ_MEASURE,1,"2025/05/03 01:05:00","2025/05/03 01:03:16",F_T+RREG_0050,1,RAISEREG,0.00000000,-0.00280630,1,0
D,FPP,CONSTRAINT_FREQ_MEASURE,1,"2025/05/03 01:05:00","2025/05/03 01:03:20",F_I+NIL_MG_R5,1,RAISEREG,0.01122198,0.00000000,0,0
D,FPP,CONSTRAINT_FREQ_MEASURE,1,"2025/05/03 01:05:00","2025/05/03 01:03:20",F_MAIN++LREG_0210,1,LOWERREG,0.01206900,0.00000000,1,0
D,FPP,CONSTRAINT_FREQ_MEASURE,1,"2025/05/03 01:05:00","2025/05/03 01:03:20",F_T+LREG_0050,1,LOWERREG,0.00000000,-0.00351601,1,0
D,FPP,CONSTRAINT_FREQ_MEASURE,1,"2025/05/03 01:05:00","2025/05/03 01:03:20",F_T+RREG_0050,1,RAISEREG,0.00000000,-0.00351601,1,0
D,FPP,CONSTRAINT_FREQ_MEASURE,1,"2025/05/03 01:05:00","2025/05/03 01:03:24",F_I+NIL_MG_R5,1,RAISEREG,0.01135017,0.00000000,0,0
D,FPP,CONSTRAINT_FREQ_MEASURE,1,"2025/05/03 01:05:00","2025/05/03 01:03:24",F_MAIN++LREG_0210,1,LOWERREG,0.01210857,0.00000000,1,0
D,FPP,CONSTRAINT_FREQ_MEASURE,1,"2025/05/03 01:05:00","2025/05/03 01:03:24",F_T+LREG_0050,1,LOWERREG,0.00000000,-0.00184579,1,0
D,FPP,CONSTRAINT_FREQ_MEASURE,1,"2025/05/03 01:05:00","2025/05/03 01:03:24",F_T+RREG_0050,1,RAISEREG,0.00000000,-0.00184579,1,0
D,FPP,CONSTRAINT_FREQ_MEASURE,1,"2025/05/03 01:05:00","2025/05/03 01:03:28",F_I+NIL_MG_R5,1,RAISEREG,0.01057845,0.00000000,1,0
D,FPP,CONSTRAINT_FREQ_MEASURE,1,"2025/05/03 01:05:00","2025/05/03 01:03:28",F_MAIN++LREG_0210,1,LOWERREG,0.01117953,0.00000000,1,0
D,FPP,CONSTRAINT_FREQ_MEASURE,1,"2025/05/03 01:05:00","2025/05/03 01:03:28",F_T+LREG_0050,1,LOWERREG,0.00011994,0.00000000,1,0
D,FPP,CONSTRAINT_FREQ_MEASURE,1,"2025/05/03 01:05:00","2025/05/03 01:03:28",F_T+RREG_0050,1,RAISEREG,0.00011994,0.00000000,1,0
D,FPP,CONSTRAINT_FREQ_MEASURE,1,"2025/05/03 01:05:00","2025/05/03 01:03:32",F_I+NIL_MG_R5,1,RAISEREG,0.00922532,0.00000000,0,0
D,FPP,CONSTRAINT_FREQ_MEASURE,1,"2025/05/03 01:05:00","2025/05/03 01:03:32",F_MAIN++LREG_0210,1,LOWERREG,0.00986510,0.00000000,1,0
D,FPP,CONSTRAINT_FREQ_MEASURE,1,"2025/05/03 01:05:00","2025/05/03 01:03:32",F_T+LREG_0050,1,LOWERREG,0.00000000,-0.00190671,1,0
D,FPP,CONSTRAINT_FREQ_MEASURE,1,"2025/05/03 01:05:00","2025/05/03 01:03:32",F_T+RREG_0050,1,RAISEREG,0.00000000,-0.00190671,1,0
D,FPP,CONSTRAINT_FREQ_MEASURE,1,"2025/05/03 01:05:00","2025/05/03 01:03:36",F_I+NIL_MG_R5,1,RAISEREG,0.01067794,0.00000000,0,0
D,FPP,CONSTRAINT_FREQ_MEASURE,1,"2025/05/03 01:05:00","2025/05/03 01:03:36",F_MAIN++LREG_0210,1,LOWERREG,0.01140240,0.00000000,1,0
D,FPP,CONSTRAINT_FREQ_MEASURE,1,"2025/05/03 01:05:00","2025/05/03 01:03:36",F_T+LREG_0050,1,LOWERREG,0.00000000,-0.00192744,1,0
D,FPP,CONSTRAINT_FREQ_MEASURE,1,"2025/05/03 01:05:00","2025/05/03 01:03:36",F_T+RREG_0050,1,RAISEREG,0.00000000,-0.00192744,1,0
D,FPP,CONSTRAINT_FREQ_MEASURE,1,"2025/05/03 01:05:00","2025/05/03 01:03:40",F_I+NIL_MG_R5,1,RAISEREG,0.01095164,0.00000000,0,0
D,FPP,CONSTRAINT_FREQ_MEASURE,1,"2025/05/03 01:05:00","2025/05/03 01:03:40",F_MAIN++LREG_0210,1,LOWERREG,0.01161613,0.00000000,1,0
D,FPP,CONSTRAINT_FREQ_MEASURE,1,"2025/05/03 01:05:00","2025/05/03 01:03:40",F_T+LREG_0050,1,LOWERREG,0.00000000,-0.00061023,1,0
D,FPP,CONSTRAINT_FREQ_MEASURE,1,"2025/05/03 01:05:00","2025/05/03 01:03:40",F_T+RREG_0050,1,RAISEREG,0.00000000,-0.00061023,1,0
D,FPP,CONSTRAINT_FREQ_MEASURE,1,"2025/05/03 01:05:00","2025/05/03 01:03:44",F_I+NIL_MG_R5,1,RAISEREG,0.01185680,0.00000000,1,0
D,FPP,CONSTRAINT_FREQ_MEASURE,1,"2025/05/03 01:05:00","2025/05/03 01:03:44",F_MAIN++LREG_0210,1,LOWERREG,0.01248889,0.00000000,1,0
D,FPP,CONSTRAINT_FREQ_MEASURE,1,"2025/05/03 01:05:00","2025/05/03 01:03:44",F_T+LREG_0050,1,LOWERREG,0.00085871,0.00000000,1,0
D,FPP,CONSTRAINT_FREQ_MEASURE,1,"2025/05/03 01:05:00","2025/05/03 01:03:44",F_T+RREG_0050,1,RAISEREG,0.00085871,0.00000000,1,0
D,FPP,CONSTRAINT_FREQ_MEASURE,1,"2025/05/03 01:05:00","2025/05/03 01:03:48",F_I+NIL_MG_R5,1,RAISEREG,0.00895323,0.00000000,1,0
D,FPP,CONSTRAINT_FREQ_MEASURE,1,"2025/05/03 01:05:00","2025/05/03 01:03:48",F_MAIN++LREG_0210,1,LOWERREG,0.00940386,0.00000000,1,0
D,FPP,CONSTRAINT_FREQ_MEASURE,1,"2025/05/03 01:05:00","2025/05/03 01:03:48",F_T+LREG_0050,1,LOWERREG,0.00111233,0.00000000,1,0
D,FPP,CONSTRAINT_FREQ_MEASURE,1,"2025/05/03 01:05:00","2025/05/03 01:03:48",F_T+RREG_0050,1,RAISEREG,0.00111233,0.00000000,1,0
D,FPP,CONSTRAINT_FREQ_MEASURE,1,"2025/05/03 01:05:00","2025/05/03 01:03:52",F_I+NIL_MG_R5,1,RAISEREG,0.00647540,0.00000000,0,0
D,FPP,CONSTRAINT_FREQ_MEASURE,1,"2025/05/03 01:05:00","2025/05/03 01:03:52",F_MAIN++LREG_0210,1,LOWERREG,0.00684892,0.00000000,1,0
D,FPP,CONSTRAINT_FREQ_MEASURE,1,"2025/05/03 01:05:00","2025/05/03 01:03:52",F_T+LREG_0050,1,LOWERREG,0.00000000,-0.00002374,1,0
D,FPP,CONSTRAINT_FREQ_MEASURE,1,"2025/05/03 01:05:00","2025/05/03 01:03:52",F_T+RREG_0050,1,RAISEREG,0.00000000,-0.00002374,1,0
D,FPP,CONSTRAINT_FREQ_MEASURE,1,"2025/05/03 01:05:00","2025/05/03 01:03:56",F_I+NIL_MG_R5,1,RAISEREG,0.00880702,0.00000000,0,0
D,FPP,CONSTRAINT_FREQ_MEASURE,1,"2025/05/03 01:05:00","2025/05/03 01:03:56",F_MAIN++LREG_0210,1,LOWERREG,0.00945473,0.00000000,1,0
D,FPP,CONSTRAINT_FREQ_MEASURE,1,"2025/05/03 01:05:00","2025/05/03 01:03:56",F_T+LREG_0050,1,LOWERREG,0.00000000,-0.00246291,1,0
D,FPP,CONSTRAINT_FREQ_MEASURE,1,"2025/05/03 01:05:00","2025/05/03 01:03:56",F_T+RREG_0050,1,RAISEREG,0.00000000,-0.00246291,1,0
D,FPP,CONSTRAINT_FREQ_MEASURE,1,"2025/05/03 01:05:00","2025/05/03 01:04:00",F_I+NIL_MG_R5,1,RAISEREG,0.01105875,0.00000000,0,0
D,FPP,CONSTRAINT_FREQ_MEASURE,1,"2025/05/03 01:05:00","2025/05/03 01:04:00",F_MAIN++LREG_0210,1,LOWERREG,0.01194490,0.00000000,1,0
D,FPP,CONSTRAINT_FREQ_MEASURE,1,"2025/05/03 01:05:00","2025/05/03 01:04:00",F_T+LREG_0050,1,LOWERREG,0.00000000,-0.00436004,1,0
D,FPP,CONSTRAINT_FREQ_MEASURE,1,"2025/05/03 01:05:00","2025/05/03 01:04:00",F_T+RREG_0050,1,RAISEREG,0.00000000,-0.00436004,1,0
D,FPP,CONSTRAINT_FREQ_MEASURE,1,"2025/05/03 01:05:00","2025/05/03 01:04:04",F_I+NIL_MG_R5,1,RAISEREG,0.01486656,0.00000000,1,0
D,FPP,CONSTRAINT_FREQ_MEASURE,1,"2025/05/03 01:05:00","2025/05/03 01:04:04",F_MAIN++LREG_0210,1,LOWERREG,0.01564766,0.00000000,1,0
D,FPP,CONSTRAINT_FREQ_MEASURE,1,"2025/05/03 01:05:00","2025/05/03 01:04:04",F_T+LREG_0050,1,LOWERREG,0.00127552,0.00000000,1,0
D,FPP,CONSTRAINT_FREQ_MEASURE,1,"2025/05/03 01:05:00","2025/05/03 01:04:04",F_T+RREG_0050,1,RAISEREG,0.00127552,0.00000000,1,0
D,FPP,CONSTRAINT_FREQ_MEASURE,1,"2025/05/03 01:05:00","2025/05/03 01:04:08",F_I+NIL_MG_R5,1,RAISEREG,0.01699435,0.00000000,1,0
D,FPP,CONSTRAINT_FREQ_MEASURE,1,"2025/05/03 01:05:00","2025/05/03 01:04:08",F_MAIN++LREG_0210,1,LOWERREG,0.01739040,0.00000000,1,0
D,FPP,CONSTRAINT_FREQ_MEASURE,1,"2025/05/03 01:05:00","2025/05/03 01:04:08",F_T+LREG_0050,1,LOWERREG,0.01010318,0.00000000,1,0
D,FPP,CONSTRAINT_FREQ_MEASURE,1,"2025/05/03 01:05:00","2025/05/03 01:04:08",F_T+RREG_0050,1,RAISEREG,0.01010318,0.00000000,1,0
D,FPP,CONSTRAINT_FREQ_MEASURE,1,"2025/05/03 01:05:00","2025/05/03 01:04:12",F_I+NIL_MG_R5,1,RAISEREG,0.02107483,0.00000000,1,0
D,FPP,CONSTRAINT_FREQ_MEASURE,1,"2025/05/03 01:05:00","2025/05/03 01:04:12",F_MAIN++LREG_0210,1,LOWERREG,0.02124693,0.00000000,1,0
D,FPP,CONSTRAINT_FREQ_MEASURE,1,"2025/05/03 01:05:00","2025/05/03 01:04:12",F_T+LREG_0050,1,LOWERREG,0.01808025,0.00000000,1,0
D,FPP,CONSTRAINT_FREQ_MEASURE,1,"2025/05/03 01:05:00","2025/05/03 01:04:12",F_T+RREG_0050,1,RAISEREG,0.01808025,0.00000000,1,0
D,FPP,CONSTRAINT_FREQ_MEASURE,1,"2025/05/03 01:05:00","2025/05/03 01:04:16",F_I+NIL_MG_R5,1,RAISEREG,0.02092285,0.00000000,1,0
D,FPP,CONSTRAINT_FREQ_MEASURE,1,"2025/05/03 01:05:00","2025/05/03 01:04:16",F_MAIN++LREG_0210,1,LOWERREG,0.02094676,0.00000000,1,0
D,FPP,CONSTRAINT_FREQ_MEASURE,1,"2025/05/03 01:05:00","2025/05/03 01:04:16",F_T+LREG_0050,1,LOWERREG,0.02050686,0.00000000,1,0
D,FPP,CONSTRAINT_FREQ_MEASURE,1,"2025/05/03 01:05:00","2025/05/03 01:04:16",F_T+RREG_0050,1,RAISEREG,0.02050686,0.00000000,1,0
D,FPP,CONSTRAINT_FREQ_MEASURE,1,"2025/05/03 01:05:00","2025/05/03 01:04:20",F_I+NIL_MG_R5,1,RAISEREG,0.01883425,0.00000000,1,0
D,FPP,CONSTRAINT_FREQ_MEASURE,1,"2025/05/03 01:05:00","2025/05/03 01:04:20",F_MAIN++LREG_0210,1,LOWERREG,0.01887231,0.00000000,1,0
D,FPP,CONSTRAINT_FREQ_MEASURE,1,"2025/05/03 01:05:00","2025/05/03 01:04:20",F_T+LREG_0050,1,LOWERREG,0.01817200,0.00000000,1,0
D,FPP,CONSTRAINT_FREQ_MEASURE,1,"2025/05/03 01:05:00","2025/05/03 01:04:20",F_T+RREG_0050,1,RAISEREG,0.01817200,0.00000000,1,0
D,FPP,CONSTRAINT_FREQ_MEASURE,1,"2025/05/03 01:05:00","2025/05/03 01:04:24",F_I+NIL_MG_R5,1,RAISEREG,0.01258499,0.00000000,1,0
D,FPP,CONSTRAINT_FREQ_MEASURE,1,"2025/05/03 01:05:00","2025/05/03 01:04:24",F_MAIN++LREG_0210,1,LOWERREG,0.01241935,0.00000000,1,0
D,FPP,CONSTRAINT_FREQ_MEASURE,1,"2025/05/03 01:05:00","2025/05/03 01:04:24",F_T+LREG_0050,1,LOWERREG,0.01546711,0.00000000,1,0
D,FPP,CONSTRAINT_FREQ_MEASURE,1,"2025/05/03 01:05:00","2025/05/03 01:04:24",F_T+RREG_0050,1,RAISEREG,0.01546711,0.00000000,1,0
D,FPP,CONSTRAINT_FREQ_MEASURE,1,"2025/05/03 01:05:00","2025/05/03 01:04:28",F_I+NIL_MG_R5,1,RAISEREG,0.00761677,0.00000000,1,0
D,FPP,CONSTRAINT_FREQ_MEASURE,1,"2025/05/03 01:05:00","2025/05/03 01:04:28",F_MAIN++LREG_0210,1,LOWERREG,0.00717156,0.00000000,1,0
D,FPP,CONSTRAINT_FREQ_MEASURE,1,"2025/05/03 01:05:00","2025/05/03 01:04:28",F_T+LREG_0050,1,LOWERREG,0.01536331,0.00000000,1,0
D,FPP,CONSTRAINT_FREQ_MEASURE,1,"2025/05/03 01:05:00","2025/05/03 01:04:28",F_T+RREG_0050,1,RAISEREG,0.01536331,0.00000000,1,0
D,FPP,CONSTRAINT_FREQ_MEASURE,1,"2025/05/03 01:05:00","2025/05/03 01:04:32",F_I+NIL_MG_R5,1,RAISEREG,0.00247775,0.00000000,1,0
D,FPP,CONSTRAINT_FREQ_MEASURE,1,"2025/05/03 01:05:00","2025/05/03 01:04:32",F_MAIN++LREG_0210,1,LOWERREG,0.00189509,0.00000000,1,0
D,FPP,CONSTRAINT_FREQ_MEASURE,1,"2025/05/03 01:05:00","2025/05/03 01:04:32",F_T+LREG_0050,1,LOWERREG,0.01261591,0.00000000,1,0
D,FPP,CONSTRAINT_FREQ_MEASURE,1,"2025/05/03 01:05:00","2025/05/03 01:04:32",F_T+RREG_0050,1,RAISEREG,0.01261591,0.00000000,1,0
D,FPP,CONSTRAINT_FREQ_MEASURE,1,"2025/05/03 01:05:00","2025/05/03 01:04:36",F_I+NIL_MG_R5,1,RAISEREG,0.00000000,-0.00049744,0,0
D,FPP,CONSTRAINT_FREQ_MEASURE,1,"2025/05/03 01:05:00","2025/05/03 01:04:36",F_MAIN++LREG_0210,1,LOWERREG,0.00000000,-0.00079622,1,0
D,FPP,CONSTRAINT_FREQ_MEASURE,1,"2025/05/03 01:05:00","2025/05/03 01:04:36",F_T+LREG_0050,1,LOWERREG,0.00470126,0.00000000,1,0
D,FPP,CONSTRAINT_FREQ_MEASURE,1,"2025/05/03 01:05:00","2025/05/03 01:04:36",F_T+RREG_0050,1,RAISEREG,0.00470126,0.00000000,1,0
D,FPP,CONSTRAINT_FREQ_MEASURE,1,"2025/05/03 01:05:00","2025/05/03 01:04:40",F_I+NIL_MG_R5,1,RAISEREG,0.00000000,-0.00312676,1,0
D,FPP,CONSTRAINT_FREQ_MEASURE,1,"2025/05/03 01:05:00","2025/05/03 01:04:40",F_MAIN++LREG_0210,1,LOWERREG,0.00000000,-0.00312069,1,0
D,FPP,CONSTRAINT_FREQ_MEASURE,1,"2025/05/03 01:05:00","2025/05/03 01:04:40",F_T+LREG_0050,1,LOWERREG,0.00000000,-0.00323235,1,0
D,FPP,CONSTRAINT_FREQ_MEASURE,1,"2025/05/03 01:05:00","2025/05/03 01:04:40",F_T+RREG_0050,1,RAISEREG,0.00000000,-0.00323235,1,0
D,FPP,CONSTRAINT_FREQ_MEASURE,1,"2025/05/03 01:05:00","2025/05/03 01:04:44",F_I+NIL_MG_R5,1,RAISEREG,0.00000000,-0.00614367,1,0
D,FPP,CONSTRAINT_FREQ_MEASURE,1,"2025/05/03 01:05:00","2025/05/03 01:04:44",F_MAIN++LREG_0210,1,LOWERREG,0.00000000,-0.00609684,1,0
D,FPP,CONSTRAINT_FREQ_MEASURE,1,"2025/05/03 01:05:00","2025/05/03 01:04:44",F_T+LREG_0050,1,LOWERREG,0.00000000,-0.00695849,1,0
D,FPP,CONSTRAINT_FREQ_MEASURE,1,"2025/05/03 01:05:00","2025/05/03 01:04:44",F_T+RREG_0050,1,RAISEREG,0.00000000,-0.00695849,1,0
D,FPP,CONSTRAINT_FREQ_MEASURE,1,"2025/05/03 01:05:00","2025/05/03 01:04:48",F_I+NIL_MG_R5,1,RAISEREG,0.00000000,-0.00869304,1,0
D,FPP,CONSTRAINT_FREQ_MEASURE,1,"2025/05/03 01:05:00","2025/05/03 01:04:48",F_MAIN++LREG_0210,1,LOWERREG,0.00000000,-0.00886883,1,0
D,FPP,CONSTRAINT_FREQ_MEASURE,1,"2025/05/03 01:05:00","2025/05/03 01:04:48",F_T+LREG_0050,1,LOWERREG,0.00000000,-0.00563438,1,0
D,FPP,CONSTRAINT_FREQ_MEASURE,1,"2025/05/03 01:05:00","2025/05/03 01:04:48",F_T+RREG_0050,1,RAISEREG,0.00000000,-0.00563438,1,0
D,FPP,CONSTRAINT_FREQ_MEASURE,1,"2025/05/03 01:05:00","2025/05/03 01:04:52",F_I+NIL_MG_R5,1,RAISEREG,0.00000000,-0.00994520,1,0
D,FPP,CONSTRAINT_FREQ_MEASURE,1,"2025/05/03 01:05:00","2025/05/03 01:04:52",F_MAIN++LREG_0210,1,LOWERREG,0.00000000,-0.01012443,1,0
D,FPP,CONSTRAINT_FREQ_MEASURE,1,"2025/05/03 01:05:00","2025/05/03 01:04:52",F_T+LREG_0050,1,LOWERREG,0.00000000,-0.00682674,1,0
D,FPP,CONSTRAINT_FREQ_MEASURE,1,"2025/05/03 01:05:00","2025/05/03 01:04:52",F_T+RREG_0050,1,RAISEREG,0.00000000,-0.00682674,1,0
D,FPP,CONSTRAINT_FREQ_MEASURE,1,"2025/05/03 01:05:00","2025/05/03 01:04:56",F_I+NIL_MG_R5,1,RAISEREG,0.00000000,-0.01119788,1,0
D,FPP,CONSTRAINT_FREQ_MEASURE,1,"2025/05/03 01:05:00","2025/05/03 01:04:56",F_MAIN++LREG_0210,1,LOWERREG,0.00000000,-0.01125531,1,0
D,FPP,CONSTRAINT_FREQ_MEASURE,1,"2025/05/03 01:05:00","2025/05/03 01:04:56",F_T+LREG_0050,1,LOWERREG,0.00000000,-0.01019858,1,0
D,FPP,CONSTRAINT_FREQ_MEASURE,1,"2025/05/03 01:05:00","2025/05/03 01:04:56",F_T+RREG_0050,1,RAISEREG,0.00000000,-0.01019858,1,0
D,FPP,CONSTRAINT_FREQ_MEASURE,1,"2025/05/03 01:05:00","2025/05/03 01:05:00",F_I+NIL_MG_R5,1,RAISEREG,0.00000000,-0.01185090,1,0
D,FPP,CONSTRAINT_FREQ_MEASURE,1,"2025/05/03 01:05:00","2025/05/03 01:05:00",F_MAIN++LREG_0210,1,LOWERREG,0.00000000,-0.01193563,1,0
D,FPP,CONSTRAINT_FREQ_MEASURE,1,"2025/05/03 01:05:00","2025/05/03 01:05:00",F_T+LREG_0050,1,LOWERREG,0.00000000,-0.01037667,1,0
D,FPP,CONSTRAINT_FREQ_MEASURE,1,"2025/05/03 01:05:00","2025/05/03 01:05:00",F_T+RREG_0050,1,RAISEREG,0.00000000,-0.01037667,1,0
I,FPP,FPP_RCR,1,INTERVAL_DATETIME,CONSTRAINTID,VERSIONNO,BIDTYPE,RCR,RCR_REASON_FLAG
D,FPP,FPP_RCR,1,"2025/05/03 01:05:00",F_I+NIL_MG_R5,1,RAISEREG,241.63547,0
D,FPP,FPP_RCR,1,"2025/05/03 01:05:00",F_MAIN++LREG_0210,1,LOWERREG,180.09114,0
D,FPP,FPP_RCR,1,"2025/05/03 01:05:00",F_T+LREG_0050,1,LOWERREG,17.90873,0
D,FPP,FPP_RCR,1,"2025/05/03 01:05:00",F_T+RREG_0050,1,RAISEREG,16.85275,0
I,FPP,FPP_USAGE,1,INTERVAL_DATETIME,CONSTRAINTID,VERSIONNO,BIDTYPE,REGULATION_MW,USED_MW,USAGE,USAGE_REASON_FLAG,USAGE_VALUE
D,FPP,FPP_USAGE,1,"2025/05/03 01:05:00",F_I+NIL_MG_R5,1,RAISEREG,223.00000000,24.58346000,0.11023973,0,0.11023973
D,FPP,FPP_USAGE,1,"2025/05/03 01:05:00",F_MAIN++LREG_0210,1,LOWERREG,189.20929000,73.91550000,0.39065471,0,0.39065471
D,FPP,FPP_USAGE,1,"2025/05/03 01:05:00",F_T+LREG_0050,1,LOWERREG,50.00000000,1.73654000,0.03473080,0,0.03473080
D,FPP,FPP_USAGE,1,"2025/05/03 01:05:00",F_T+RREG_0050,1,RAISEREG,50.00000000,12.08077000,0.24161540,0,0.24161540
I,FPP,REGION_FREQ_MEASURE,1,INTERVAL_DATETIME,MEASUREMENT_DATETIME,REGIONID,VERSIONNO,FREQ_DEVIATION_HZ,HZ_QUALITY_FLAG,FREQ_MEASURE_HZ,FM_ALIGNMENT_FLAG
D,FPP,REGION_FREQ_MEASURE,1,"2025/05/03 01:05:00","2025/05/03 01:00:04",NSW1,1,0.02100000,1,-0.02166110,1
D,FPP,REGION_FREQ_MEASURE,1,"2025/05/03 01:05:00","2025/05/03 01:00:04",QLD1,1,0.01900000,1,-0.02177776,1
D,FPP,REGION_FREQ_MEASURE,1,"2025/05/03 01:05:00","2025/05/03 01:00:04",SA1,1,0.02200000,1,-0.01994960,1
D,FPP,REGION_FREQ_MEASURE,1,"2025/05/03 01:05:00","2025/05/03 01:00:04",TAS1,1,0.01100000,1,-0.02812092,1
D,FPP,REGION_FREQ_MEASURE,1,"2025/05/03 01:05:00","2025/05/03 01:00:04",VIC1,1,0.02000000,1,-0.01914857,1
D,FPP,REGION_FREQ_MEASURE,1,"2025/05/03 01:05:00","2025/05/03 01:00:08",NSW1,1,0.02400000,1,-0.02218086,1
D,FPP,REGION_FREQ_MEASURE,1,"2025/05/03 01:05:00","2025/05/03 01:00:08",QLD1,1,0.01500000,1,-0.02027159,1
D,FPP,REGION_FREQ_MEASURE,1,"2025/05/03 01:05:00","2025/05/03 01:00:08",SA1,1,0.02200000,1,-0.02040524,1
D,FPP,REGION_FREQ_MEASURE,1,"2025/05/03 01:05:00","2025/05/03 01:00:08",TAS1,1,-0.01200000,1,-0.01920516,1
D,FPP,REGION_FREQ_MEASURE,1,"2025/05/03 01:05:00","2025/05/03 01:00:08",VIC1,1,0.02500000,1,-0.02044889,1
D,FPP,REGION_FREQ_MEASURE,1,"2025/05/03 01:05:00","2025/05/03 01:00:12",NSW1,1,0.02700000,1,-0.02325178,1
D,FPP,REGION_FREQ_MEASURE,1,"2025/05/03 01:05:00","2025/05/03 01:00:12",QLD1,1,0.03300000,1,-0.02310013,1
D,FPP,REGION_FREQ_MEASURE,1,"2025/05/03 01:05:00","2025/05/03 01:00:12",SA1,1,0.01800000,1,-0.01987074,1
D,FPP,REGION_FREQ_MEASURE,1,"2025/05/03 01:05:00","2025/05/03 01:00:12",TAS1,1,-0.01800000,1,-0.01093735,0
D,FPP,REGION_FREQ_MEASURE,1,"2025/05/03 01:05:00","2025/05/03 01:00:12",VIC1,1,0.01600000,1,-0.01946025,1
D,FPP,REGION_FREQ_MEASURE,1,"2025/05/03 01:05:00","2025/05/03 01:00:16",NSW1,1,0.01500000,1,-0.02141805,1
D,FPP,REGION_FREQ_MEASURE,1,"2025/05/03 01:05:00","2025/05/03 01:00:16",QLD1,1,0.01500000,1,-0.02130010,1
D,FPP,REGION_FREQ_MEASURE,1,"2025/05/03 01:05:00","2025/05/03 01:00:16",SA1,1,0.03100000,1,-0.02234391,1
D,FPP,REGION_FREQ_MEASURE,1,"2025/05/03 01:05:00","2025/05/03 01:00:16",TAS1,1,0.00700000,1,-0.01006238,1
D,FPP,REGION_FREQ_MEASURE,1,"2025/05/03 01:05:00","2025/05/03 01:00:16",VIC1,1,0.02200000,1,-0.02002464,1
D,FPP,REGION_FREQ_MEASURE,1,"2025/05/03 01:05:00","2025/05/03 01:00:20",NSW1,1,0.02200000,1,-0.02154737,1
D,FPP,REGION_FREQ_MEASURE,1,"2025/05/03 01:05:00","2025/05/03 01:00:20",QLD1,1,0.01700000,1,-0.02034452,1
D,FPP,REGION_FREQ_MEASURE,1,"2025/05/03 01:05:00","2025/05/03 01:00:20",SA1,1,0.02300000,1,-0.02248971,1
D,FPP,REGION_FREQ_MEASURE,1,"2025/05/03 01:05:00","2025/05/03 01:00:20",TAS1,1,0.04900000,1,-0.01871518,1
D,FPP,REGION_FREQ_MEASURE,1,"2025/05/03 01:05:00","2025/05/03 01:00:20",VIC1,1,0.02600000,1,-0.02135250,1
D,FPP,REGION_FREQ_MEASURE,1,"2025/05/03 01:05:00","2025/05/03 01:00:24",NSW1,1,0.02100000,1,-0.02142573,1
D,FPP,REGION_FREQ_MEASURE,1,"2025/05/03 01:05:00","2025/05/03 01:00:24",QLD1,1,0.02300000,1,-0.02093463,1
D,FPP,REGION_FREQ_MEASURE,1,"2025/05/03 01:05:00","2025/05/03 01:00:24",SA1,1,0.01000000,1,-0.01971422,1
D,FPP,REGION_FREQ_MEASURE,1,"2025/05/03 01:05:00","2025/05/03 01:00:24",TAS1,1,0.03600000,1,-0.02255625,1
D,FPP,REGION_FREQ_MEASURE,1,"2025/05/03 01:05:00","2025/05/03 01:00:24",VIC1,1,0.01300000,1,-0.01949639,1
D,FPP,REGION_FREQ_MEASURE,1,"2025/05/03 01:05:00","2025/05/03 01:00:28",NSW1,1,0.00900000,1,-0.01866446,1
D,FPP,REGION_FREQ_MEASURE,1,"2025/05/03 01:05:00","2025/05/03 01:00:28",QLD1,1,0.01100000,1,-0.01872693,1
D,FPP,REGION_FREQ_MEASURE,1,"2025/05/03 01:05:00","2025/05/03 01:00:28",SA1,1,0.02400000,1,-0.02066662,1
D,FPP,REGION_FREQ_MEASURE,1,"2025/05/03 01:05:00","2025/05/03 01:00:28",TAS1,1,0.00100000,1,-0.01776597,1
D,FPP,REGION_FREQ_MEASURE,1,"2025/05/03 01:05:00","2025/05/03 01:00:28",VIC1,1,0.02500000,1,-0.02071941,1
D,FPP,REGION_FREQ_MEASURE,1,"2025/05/03 01:05:00","2025/05/03 01:00:32",NSW1,1,0.00600000,1,-0.01585014,1
D,FPP,REGION_FREQ_MEASURE,1,"2025/05/03 01:05:00","2025/05/03 01:00:32",QLD1,1,0.00400000,1,-0.01545428,1
D,FPP,REGION_FREQ_MEASURE,1,"2025/05/03 01:05:00","2025/05/03 01:00:32",SA1,1,0.01500000,1,-0.01940737,1
D,FPP,REGION_FREQ_MEASURE,1,"2025/05/03 01:05:00","2025/05/03 01:00:32",TAS1,1,-0.01900000,1,-0.00959575,0
D,FPP,REGION_FREQ_MEASURE,1,"2025/05/03 01:05:00","2025/05/03 01:00:32",VIC1,1,0.01800000,1,-0.02011510,1
D,FPP,REGION_FREQ_MEASURE,1,"2025/05/03 01:05:00","2025/05/03 01:00:36",NSW1,1,0.00700000,1,-0.01388344,1
D,FPP,REGION_FREQ_MEASURE,1,"2025/05/03 01:05:00","2025/05/03 01:00:36",QLD1,1,0.00600000,1,-0.01335333,1
D,FPP,REGION_FREQ_MEASURE,1,"2025/05/03 01:05:00","2025/05/03 01:00:36",SA1,1,0.00500000,1,-0.01620573,1
D,FPP,REGION_FREQ_MEASURE,1,"2025/05/03 01:05:00","2025/05/03 01:00:36",TAS1,1,-0.02700000,1,-0.00146336,0
D,FPP,REGION_FREQ_MEASURE,1,"2025/05/03 01:05:00","2025/05/03 01:00:36",VIC1,1,0.00900000,1,-0.01764508,1
D,FPP,REGION_FREQ_MEASURE,1,"2025/05/03 01:05:00","2025/05/03 01:00:40",NSW1,1,0.01900000,1,-0.01502045,1
D,FPP,REGION_FREQ_MEASURE,1,"2025/05/03 01:05:00","2025/05/03 01:00:40",QLD1,1,0.01400000,1,-0.01349703,1
D,FPP,REGION_FREQ_MEASURE,1,"2025/05/03 01:05:00","2025/05/03 01:00:40",SA1,1,0.00900000,1,-0.01460446,1
D,FPP,REGION_FREQ_MEASURE,1,"2025/05/03 01:05:00","2025/05/03 01:00:40",TAS1,1,-0.01100000,1,0.00130628,1
D,FPP,REGION_FREQ_MEASURE,1,"2025/05/03 01:05:00","2025/05/03 01:00:40",VIC1,1,0.00500000,1,-0.01483506,1
D,FPP,REGION_FREQ_MEASURE,1,"2025/05/03 01:05:00","2025/05/03 01:00:44",NSW1,1,0.02500000,1,-0.01723813,1
D,FPP,REGION_FREQ_MEASURE,1,"2025/05/03 01:05:00","2025/05/03 01:00:44",QLD1,1,0.03300000,1,-0.01783102,1
D,FPP,REGION_FREQ_MEASURE,1,"2025/05/03 01:05:00","2025/05/03 01:00:44",SA1,1,0.00900000,1,-0.01335902,1
D,FPP,REGION_FREQ_MEASURE,1,"2025/05/03 01:05:00","2025/05/03 01:00:44",TAS1,1,0.00400000,1,0.00012711,1
D,FPP,REGION_FREQ_MEASURE,1,"2025/05/03 01:05:00","2025/05/03 01:00:44",VIC1,1,0.00500000,1,-0.01264949,1
D,FPP,REGION_FREQ_MEASURE,1,"2025/05/03 01:05:00","2025/05/03 01:00:48",NSW1,1,0.01900000,1,-0.01762966,1
D,FPP,REGION_FREQ_MEASURE,1,"2025/05/03 01:05:00","2025/05/03 01:00:48",QLD1,1,0.02100000,1,-0.01853524,1
D,FPP,REGION_FREQ_MEASURE,1,"2025/05/03 01:05:00","2025/05/03 01:00:48",SA1,1,0.02800000,1,-0.01661257,1
D,FPP,REGION_FREQ_MEASURE,1,"2025/05/03 01:05:00","2025/05/03 01:00:48",TAS1,1,0.01400000,1,-0.00301225,1
D,FPP,REGION_FREQ_MEASURE,1,"2025/05/03 01:05:00","2025/05/03 01:00:48",VIC1,1,0.02100000,1,-0.01450516,1
D,FPP,REGION_FREQ_MEASURE,1,"2025/05/03 01:05:00","2025/05/03 01:00:52",NSW1,1,0.01200000,1,-0.01637862,1
D,FPP,REGION_FREQ_MEASURE,1,"2025/05/03 01:05:00","2025/05/03 01:00:52",QLD1,1,0.01600000,1,-0.01797185,1
D,FPP,REGION_FREQ_MEASURE,1,"2025/05/03 01:05:00","2025/05/03 01:00:52",SA1,1,0.02800000,1,-0.01914311,1
D,FPP,REGION_FREQ_MEASURE,1,"2025/05/03 01:05:00","2025/05/03 01:00:52",TAS1,1,0.03700000,1,-0.01056508,1
D,FPP,REGION_FREQ_MEASURE,1,"2025/05/03 01:05:00","2025/05/03 01:00:52",VIC1,1,0.02600000,1,-0.01705957,1
D,FPP,REGION_FREQ_MEASURE,1,"2025/05/03 01:05:00","2025/05/03 01:00:56",NSW1,1,0.02400000,1,-0.01807226,1
D,FPP,REGION_FREQ_MEASURE,1,"2025/05/03 01:05:00","2025/05/03 01:00:56",QLD1,1,0.02200000,1,-0.01886699,1
D,FPP,REGION_FREQ_MEASURE,1,"2025/05/03 01:05:00","2025/05/03 01:00:56",SA1,1,0.01700000,1,-0.01866686,1
D,FPP,REGION_FREQ_MEASURE,1,"2025/05/03 01:05:00","2025/05/03 01:00:56",TAS1,1,0.04300000,1,-0.01777284,1
D,FPP,REGION_FREQ_MEASURE,1,"2025/05/03 01:05:00","2025/05/03 01:00:56",VIC1,1,0.01700000,1,-0.01704633,1
D,FPP,REGION_FREQ_MEASURE,1,"2025/05/03 01:05:00","2025/05/03 01:01:00",NSW1,1,0.01800000,1,-0.01805620,1
D,FPP,REGION_FREQ_MEASURE,1,"2025/05/03 01:05:00","2025/05/03 01:01:00",QLD1,1,0.01500000,1,-0.01800766,1
D,FPP,REGION_FREQ_MEASURE,1,"2025/05/03 01:05:00","2025/05/03 01:01:00",SA1,1,0.01700000,1,-0.01829645,1
D,FPP,REGION_FREQ_MEASURE,1,"2025/05/03 01:05:00","2025/05/03 01:01:00",TAS1,1,0.01600000,1,-0.01737888,1
D,FPP,REGION_FREQ_MEASURE,1,"2025/05/03 01:05:00","2025/05/03 01:01:00",VIC1,1,0.01700000,1,-0.01703603,1
D,FPP,REGION_FREQ_MEASURE,1,"2025/05/03 01:05:00","2025/05/03 01:01:04",NSW1,1,0.01700000,1,-0.01782149,1
D,FPP,REGION_FREQ_MEASURE,1,"2025/05/03 01:05:00","2025/05/03 01:01:04",QLD1,1,0.01100000,1,-0.01645040,1
D,FPP,REGION_FREQ_MEASURE,1,"2025/05/03 01:05:00","2025/05/03 01:01:04",SA1,1,0.01900000,1,-0.01845279,1
D,FPP,REGION_FREQ_MEASURE,1,"2025/05/03 01:05:00","2025/05/03 01:01:04",TAS1,1,0.02400000,1,-0.01885024,1
D,FPP,REGION_FREQ_MEASURE,1,"2025/05/03 01:05:00","2025/05/03 01:01:04",VIC1,1,0.02300000,1,-0.01836136,1
D,FPP,REGION_FREQ_MEASURE,1,"2025/05/03 01:05:00","2025/05/03 01:01:08",NSW1,1,0.02600000,1,-0.01963894,1
D,FPP,REGION_FREQ_MEASURE,1,"2025/05/03 01:05:00","2025/05/03 01:01:08",QLD1,1,0.02800000,1,-0.01901698,1
D,FPP,REGION_FREQ_MEASURE,1,"2025/05/03 01:05:00","2025/05/03 01:01:08",SA1,1,0.01500000,1,-0.01768550,1
D,FPP,REGION_FREQ_MEASURE,1,"2025/05/03 01:05:00","2025/05/03 01:01:08",TAS1,1,0.04500000,1,-0.02466130,1
D,FPP,REGION_FREQ_MEASURE,1,"2025/05/03 01:05:00","2025/05/03 01:01:08",VIC1,1,0.01300000,1,-0.01716995,1
D,FPP,REGION_FREQ_MEASURE,1,"2025/05/03 01:05:00","2025/05/03 01:01:12",NSW1,1,0.02400000,1,-0.02060806,1
D,FPP,REGION_FREQ_MEASURE,1,"2025/05/03 01:05:00","2025/05/03 01:01:12",QLD1,1,0.02400000,1,-0.02012432,1
D,FPP,REGION_FREQ_MEASURE,1,"2025/05/03 01:05:00","2025/05/03 01:01:12",SA1,1,0.02600000,1,-0.01953317,1
D,FPP,REGION_FREQ_MEASURE,1,"2025/05/03 01:05:00","2025/05/03 01:01:12",TAS1,1,0.04100000,1,-0.02829212,1
D,FPP,REGION_FREQ_MEASURE,1,"2025/05/03 01:05:00","2025/05/03 01:01:12",VIC1,1,0.01600000,1,-0.01690996,1
D,FPP,REGION_FREQ_MEASURE,1,"2025/05/03 01:05:00","2025/05/03 01:01:16",NSW1,1,0.01700000,1,-0.01980627,1
D,FPP,REGION_FREQ_MEASURE,1,"2025/05/03 01:05:00","2025/05/03 01:01:16",QLD1,1,0.01700000,1,-0.01943003,1
D,FPP,REGION_FREQ_MEASURE,1,"2025/05/03 01:05:00","2025/05/03 01:01:16",SA1,1,0.02600000,1,-0.02097024,1
D,FPP,REGION_FREQ_MEASURE,1,"2025/05/03 01:05:00","2025/05/03 01:01:16",TAS1,1,0.03100000,1,-0.02889387,1
D,FPP,REGION_FREQ_MEASURE,1,"2025/05/03 01:05:00","2025/05/03 01:01:16",VIC1,1,0.02800000,1,-0.01937441,1
D,FPP,REGION_FREQ_MEASURE,1,"2025/05/03 01:05:00","2025/05/03 01:01:20",NSW1,1,0.01500000,1,-0.01873821,1
D,FPP,REGION_FREQ_MEASURE,1,"2025/05/03 01:05:00","2025/05/03 01:01:20",QLD1,1,0.01400000,1,-0.01822336,1
D,FPP,REGION_FREQ_MEASURE,1,"2025/05/03 01:05:00","2025/05/03 01:01:20",SA1,1,0.02200000,1,-0.02119908,1
D,FPP,REGION_FREQ_MEASURE,1,"2025/05/03 01:05:00","2025/05/03 01:01:20",TAS1,1,0.01500000,1,-0.02580634,1
D,FPP,REGION_FREQ_MEASURE,1,"2025/05/03 01:05:00","2025/05/03 01:01:20",VIC1,1,0.02200000,1,-0.01995787,1
D,FPP,REGION_FREQ_MEASURE,1,"2025/05/03 01:05:00","2025/05/03 01:01:24",NSW1,1,-0.00400000,1,-0.01368527,1
D,FPP,REGION_FREQ_MEASURE,1,"2025/05/03 01:05:00","2025/05/03 01:01:24",QLD1,1,-0.00300000,1,-0.01350706,1
D,FPP,REGION_FREQ_MEASURE,1,"2025/05/03 01:05:00","2025/05/03 01:01:24",SA1,1,0.01000000,1,-0.01871040,1
D,FPP,REGION_FREQ_MEASURE,1,"2025/05/03 01:05:00","2025/05/03 01:01:24",TAS1,1,-0.00200000,1,-0.01962715,1
D,FPP,REGION_FREQ_MEASURE,1,"2025/05/03 01:05:00","2025/05/03 01:01:24",VIC1,1,0.01300000,1,-0.01841168,1
D,FPP,REGION_FREQ_MEASURE,1,"2025/05/03 01:05:00","2025/05/03 01:01:28",NSW1,1,-0.01200000,1,-0.00797743,1
D,FPP,REGION_FREQ_MEASURE,1,"2025/05/03 01:05:00","2025/05/03 01:01:28",QLD1,1,-0.01700000,1,-0.00672771,0
D,FPP,REGION_FREQ_MEASURE,1,"2025/05/03 01:05:00","2025/05/03 01:01:28",SA1,1,0.00700000,1,-0.01610809,1
D,FPP,REGION_FREQ_MEASURE,1,"2025/05/03 01:05:00","2025/05/03 01:01:28",TAS1,1,0.01200000,1,-0.01793223,1
D,FPP,REGION_FREQ_MEASURE,1,"2025/05/03 01:05:00","2025/05/03 01:01:28",VIC1,1,0.01300000,1,-0.01720908,1
D,FPP,REGION_FREQ_MEASURE,1,"2025/05/03 01:05:00","2025/05/03 01:01:32",NSW1,1,-0.00600000,1,-0.00487133,1
D,FPP,REGION_FREQ_MEASURE,1,"2025/05/03 01:05:00","2025/05/03 01:01:32",QLD1,1,-0.00800000,1,-0.00345489,1
D,FPP,REGION_FREQ_MEASURE,1,"2025/05/03 01:05:00","2025/05/03 01:01:32",SA1,1,-0.00200000,1,-0.01208407,1
D,FPP,REGION_FREQ_MEASURE,1,"2025/05/03 01:05:00","2025/05/03 01:01:32",TAS1,1,0.00500000,1,-0.01505840,1
D,FPP,REGION_FREQ_MEASURE,1,"2025/05/03 01:05:00","2025/05/03 01:01:32",VIC1,1,-0.01200000,1,-0.01071817,1
D,FPP,REGION_FREQ_MEASURE,1,"2025/05/03 01:05:00","2025/05/03 01:01:36",NSW1,1,0.02000000,1,-0.00823326,1
D,FPP,REGION_FREQ_MEASURE,1,"2025/05/03 01:05:00","2025/05/03 01:01:36",QLD1,1,0.01000000,1,-0.00490936,1
D,FPP,REGION_FREQ_MEASURE,1,"2025/05/03 01:05:00","2025/05/03 01:01:36",SA1,1,-0.01100000,1,-0.00695428,1
D,FPP,REGION_FREQ_MEASURE,1,"2025/05/03 01:05:00","2025/05/03 01:01:36",TAS1,1,-0.03000000,1,-0.00504542,0
D,FPP,REGION_FREQ_MEASURE,1,"2025/05/03 01:05:00","2025/05/03 01:01:36",VIC1,1,-0.01200000,1,-0.00566969,1
D,FPP,REGION_FREQ_MEASURE,1,"2025/05/03 01:05:00","2025/05/03 01:01:40",NSW1,1,0.01500000,1,-0.00973698,1
D,FPP,REGION_FREQ_MEASURE,1,"2025/05/03 01:05:00","2025/05/03 01:01:40",QLD1,1,0.02200000,1,-0.00870728,1
D,FPP,REGION_FREQ_MEASURE,1,"2025/05/03 01:05:00","2025/05/03 01:01:40",SA1,1,-0.00500000,1,-0.00429777,1
D,FPP,REGION_FREQ_MEASURE,1,"2025/05/03 01:05:00","2025/05/03 01:01:40",TAS1,1,-0.04400000,1,0.00585356,1
D,FPP,REGION_FREQ_MEASURE,1,"2025/05/03 01:05:00","2025/05/03 01:01:40",VIC1,1,-0.00600000,1,-0.00307643,1
D,FPP,REGION_FREQ_MEASURE,1,"2025/05/03 01:05:00","2025/05/03 01:01:44",NSW1,1,0.00800000,1,-0.00935098,1
D,FPP,REGION_FREQ_MEASURE,1,"2025/05/03 01:05:00","2025/05/03 01:01:44",QLD1,1,0.00800000,1,-0.00855011,1
D,FPP,REGION_FREQ_MEASURE,1,"2025/05/03 01:05:00","2025/05/03 01:01:44",SA1,1,0.02700000,1,-0.00934271,1
D,FPP,REGION_FREQ_MEASURE,1,"2025/05/03 01:05:00","2025/05/03 01:01:44",TAS1,1,-0.00200000,1,0.00499721,1
D,FPP,REGION_FREQ_MEASURE,1,"2025/05/03 01:05:00","2025/05/03 01:01:44",VIC1,1,0.02200000,1,-0.00728167,1
D,FPP,REGION_FREQ_MEASURE,1,"2025/05/03 01:05:00","2025/05/03 01:01:48",NSW1,1,0.01900000,1,-0.01149521,1
D,FPP,REGION_FREQ_MEASURE,1,"2025/05/03 01:05:00","2025/05/03 01:01:48",QLD1,1,0.02100000,1,-0.01131675,1
D,FPP,REGION_FREQ_MEASURE,1,"2025/05/03 01:05:00","2025/05/03 01:01:48",SA1,1,0.01400000,1,-0.01037766,1
D,FPP,REGION_FREQ_MEASURE,1,"2025/05/03 01:05:00","2025/05/03 01:01:48",TAS1,1,0.04400000,1,-0.00589106,1
D,FPP,REGION_FREQ_MEASURE,1,"2025/05/03 01:05:00","2025/05/03 01:01:48",VIC1,1,0.01300000,1,-0.00855241,1
D,FPP,REGION_FREQ_MEASURE,1,"2025/05/03 01:05:00","2025/05/03 01:01:52",NSW1,1,0.01900000,1,-0.01316294,1
D,FPP,REGION_FREQ_MEASURE,1,"2025/05/03 01:05:00","2025/05/03 01:01:52",QLD1,1,0.01700000,1,-0.01257969,1
D,FPP,REGION_FREQ_MEASURE,1,"2025/05/03 01:05:00","2025/05/03 01:01:52",SA1,1,0.00800000,1,-0.00984929,1
D,FPP,REGION_FREQ_MEASURE,1,"2025/05/03 01:05:00","2025/05/03 01:01:52",TAS1,1,0.05000000,1,-0.01569305,1
D,FPP,REGION_FREQ_MEASURE,1,"2025/05/03 01:05:00","2025/05/03 01:01:52",VIC1,1,0.00800000,1,-0.00842965,1
D,FPP,REGION_FREQ_MEASURE,1,"2025/05/03 01:05:00","2025/05/03 01:01:56",NSW1,1,0.01600000,1,-0.01379340,1
D,FPP,REGION_FREQ_MEASURE,1,"2025/05/03 01:05:00","2025/05/03 01:01:56",QLD1,1,0.01800000,1,-0.01378420,1
D,FPP,REGION_FREQ_MEASURE,1,"2025/05/03 01:05:00","2025/05/03 01:01:56",SA1,1,0.01500000,1,-0.01099389,1
D,FPP,REGION_FREQ_MEASURE,1,"2025/05/03 01:05:00","2025/05/03 01:01:56",TAS1,1,0.03700000,1,-0.02042793,1
D,FPP,REGION_FREQ_MEASURE,1,"2025/05/03 01:05:00","2025/05/03 01:01:56",VIC1,1,0.01700000,1,-0.01033417,1
D,FPP,REGION_FREQ_MEASURE,1,"2025/05/03 01:05:00","2025/05/03 01:02:00",NSW1,1,-0.01300000,1,-0.00783931,1
D,FPP,REGION_FREQ_MEASURE,1,"2025/05/03 01:05:00","2025/05/03 01:02:00",QLD1,1,-0.00400000,1,-0.00983216,1
D,FPP,REGION_FREQ_MEASURE,1,"2025/05/03 01:05:00","2025/05/03 01:02:00",SA1,1,0.01700000,1,-0.01232858,1
D,FPP,REGION_FREQ_MEASURE,1,"2025/05/03 01:05:00","2025/05/03 01:02:00",TAS1,1,0.03700000,1,-0.02411061,1
D,FPP,REGION_FREQ_MEASURE,1,"2025/05/03 01:05:00","2025/05/03 01:02:00",VIC1,1,0.01700000,1,-0.01181547,1
D,FPP,REGION_FREQ_MEASURE,1,"2025/05/03 01:05:00","2025/05/03 01:02:04",NSW1,1,0.00000000,1,-0.00609724,1
D,FPP,REGION_FREQ_MEASURE,1,"2025/05/03 01:05:00","2025/05/03 01:02:04",QLD1,1,-0.01000000,1,-0.00542501,1
D,FPP,REGION_FREQ_MEASURE,1,"2025/05/03 01:05:00","2025/05/03 01:02:04",SA1,1,0.00500000,1,-0.01070001,1
D,FPP,REGION_FREQ_MEASURE,1,"2025/05/03 01:05:00","2025/05/03 01:02:04",TAS1,1,0.03100000,1,-0.02564159,1
D,FPP,REGION_FREQ_MEASURE,1,"2025/05/03 01:05:00","2025/05/03 01:02:04",VIC1,1,0.00500000,1,-0.01030092,1
D,FPP,REGION_FREQ_MEASURE,1,"2025/05/03 01:05:00","2025/05/03 01:02:08",NSW1,1,0.00100000,1,-0.00496452,1
D,FPP,REGION_FREQ_MEASURE,1,"2025/05/03 01:05:00","2025/05/03 01:02:08",QLD1,1,0.00000000,1,-0.00421945,1
D,FPP,REGION_FREQ_MEASURE,1,"2025/05/03 01:05:00","2025/05/03 01:02:08",SA1,1,-0.01400000,1,-0.00521112,1
D,FPP,REGION_FREQ_MEASURE,1,"2025/05/03 01:05:00","2025/05/03 01:02:08",TAS1,1,0.00000000,1,-0.01994346,1
D,FPP,REGION_FREQ_MEASURE,1,"2025/05/03 01:05:00","2025/05/03 01:02:08",VIC1,1,-0.01500000,1,-0.00467849,1
D,FPP,REGION_FREQ_MEASURE,1,"2025/05/03 01:05:00","2025/05/03 01:02:12",NSW1,1,-0.00900000,1,-0.00186129,1
D,FPP,REGION_FREQ_MEASURE,1,"2025/05/03 01:05:00","2025/05/03 01:02:12",QLD1,1,-0.00700000,1,-0.00172624,1
D,FPP,REGION_FREQ_MEASURE,1,"2025/05/03 01:05:00","2025/05/03 01:02:12",SA1,1,0.00100000,1,-0.00427532,1
D,FPP,REGION_FREQ_MEASURE,1,"2025/05/03 01:05:00","2025/05/03 01:02:12",TAS1,1,-0.00900000,1,-0.01351158,1
D,FPP,REGION_FREQ_MEASURE,1,"2025/05/03 01:05:00","2025/05/03 01:02:12",VIC1,1,-0.00400000,1,-0.00274994,1
D,FPP,REGION_FREQ_MEASURE,1,"2025/05/03 01:05:00","2025/05/03 01:02:16",NSW1,1,-0.01200000,1,0.00121900,1
D,FPP,REGION_FREQ_MEASURE,1,"2025/05/03 01:05:00","2025/05/03 01:02:16",QLD1,1,-0.01300000,1,0.00154626,1
D,FPP,REGION_FREQ_MEASURE,1,"2025/05/03 01:05:00","2025/05/03 01:02:16",SA1,1,-0.00400000,1,-0.00243636,1
D,FPP,REGION_FREQ_MEASURE,1,"2025/05/03 01:05:00","2025/05/03 01:02:16",TAS1,1,-0.02000000,1,-0.00606456,0
D,FPP,REGION_FREQ_MEASURE,1,"2025/05/03 01:05:00","2025/05/03 01:02:16",VIC1,1,-0.00400000,1,-0.00124995,1
D,FPP,REGION_FREQ_MEASURE,1,"2025/05/03 01:05:00","2025/05/03 01:02:20",NSW1,1,-0.02700000,1,0.00694811,1
D,FPP,REGION_FREQ_MEASURE,1,"2025/05/03 01:05:00","2025/05/03 01:02:20",QLD1,1,-0.03000000,1,0.00786931,1
D,FPP,REGION_FREQ_MEASURE,1,"2025/05/03 01:05:00","2025/05/03 01:02:20",SA1,1,-0.00400000,1,-0.00100606,1
D,FPP,REGION_FREQ_MEASURE,1,"2025/05/03 01:05:00","2025/05/03 01:02:20",TAS1,1,-0.02000000,1,-0.00027244,0
D,FPP,REGION_FREQ_MEASURE,1,"2025/05/03 01:05:00","2025/05/03 01:02:20",VIC1,1,-0.00600000,1,0.00036115,1
D,FPP,REGION_FREQ_MEASURE,1,"2025/05/03 01:05:00","2025/05/03 01:02:24",NSW1,1,-0.01000000,1,0.00762631,1
D,FPP,REGION_FREQ_MEASURE,1,"2025/05/03 01:05:00","2025/05/03 01:02:24",QLD1,1,-0.01500000,1,0.00945391,1
D,FPP,REGION_FREQ_MEASURE,1,"2025/05/03 01:05:00","2025/05/03 01:02:24",SA1,1,-0.01800000,1,0.00321751,1
D,FPP,REGION_FREQ_MEASURE,1,"2025/05/03 01:05:00","2025/05/03 01:02:24",TAS1,1,-0.00500000,1,0.00089921,1
D,FPP,REGION_FREQ_MEASURE,1,"2025/05/03 01:05:00","2025/05/03 01:02:24",VIC1,1,-0.01900000,1,0.00450312,1
D,FPP,REGION_FREQ_MEASURE,1,"2025/05/03 01:05:00","2025/05/03 01:02:28",NSW1,1,-0.00100000,1,0.00615380,1
D,FPP,REGION_FREQ_MEASURE,1,"2025/05/03 01:05:00","2025/05/03 01:02:28",QLD1,1,-0.00800000,1,0.00913082,1
D,FPP,REGION_FREQ_MEASURE,1,"2025/05/03 01:05:00","2025/05/03 01:02:28",SA1,1,-0.02300000,1,0.00761362,1
D,FPP,REGION_FREQ_MEASURE,1,"2025/05/03 01:05:00","2025/05/03 01:02:28",TAS1,1,0.11800000,1,-0.02552284,1
D,FPP,REGION_FREQ_MEASURE,1,"2025/05/03 01:05:00","2025/05/03 01:02:28",VIC1,1,-0.02900000,1,0.00994687,1
D,FPP,REGION_FREQ_MEASURE,1,"2025/05/03 01:05:00","2025/05/03 01:02:32",NSW1,1,-0.00300000,1,0.00545296,1
D,FPP,REGION_FREQ_MEASURE,1,"2025/05/03 01:05:00","2025/05/03 01:02:32",QLD1,1,-0.00500000,1,0.00821286,1
D,FPP,REGION_FREQ_MEASURE,1,"2025/05/03 01:05:00","2025/05/03 01:02:32",SA1,1,-0.00600000,1,0.00725504,1
D,FPP,REGION_FREQ_MEASURE,1,"2025/05/03 01:05:00","2025/05/03 01:02:32",TAS1,1,0.07900000,1,-0.03740665,1
D,FPP,REGION_FREQ_MEASURE,1,"2025/05/03 01:05:00","2025/05/03 01:02:32",VIC1,1,-0.00600000,1,0.00906979,1
D,FPP,REGION_FREQ_MEASURE,1,"2025/05/03 01:05:00","2025/05/03 01:02:36",NSW1,1,-0.01900000,1,0.00846341,1
D,FPP,REGION_FREQ_MEASURE,1,"2025/05/03 01:05:00","2025/05/03 01:02:36",QLD1,1,-0.01400000,1,0.00949889,1
D,FPP,REGION_FREQ_MEASURE,1,"2025/05/03 01:05:00","2025/05/03 01:02:36",SA1,1,-0.00100000,1,0.00586503,1
D,FPP,REGION_FREQ_MEASURE,1,"2025/05/03 01:05:00","2025/05/03 01:02:36",TAS1,1,0.01100000,1,-0.03153851,1
D,FPP,REGION_FREQ_MEASURE,1,"2025/05/03 01:05:00","2025/05/03 01:02:36",VIC1,1,-0.00600000,1,0.00838761,1
D,FPP,REGION_FREQ_MEASURE,1,"2025/05/03 01:05:00","2025/05/03 01:02:40",NSW1,1,-0.02500000,1,0.01213821,1
D,FPP,REGION_FREQ_MEASURE,1,"2025/05/03 01:05:00","2025/05/03 01:02:40",QLD1,1,-0.02600000,1,0.01316580,1
D,FPP,REGION_FREQ_MEASURE,1,"2025/05/03 01:05:00","2025/05/03 01:02:40",SA1,1,-0.00700000,1,0.00611725,1
D,FPP,REGION_FREQ_MEASURE,1,"2025/05/03 01:05:00","2025/05/03 01:02:40",TAS1,1,-0.00100000,1,-0.02430773,1
D,FPP,REGION_FREQ_MEASURE,1,"2025/05/03 01:05:00","2025/05/03 01:02:40",VIC1,1,-0.00900000,1,0.00852370,1
D,FPP,REGION_FREQ_MEASURE,1,"2025/05/03 01:05:00","2025/05/03 01:02:44",NSW1,1,-0.02600000,1,0.01521861,1
D,FPP,REGION_FREQ_MEASURE,1,"2025/05/03 01:05:00","2025/05/03 01:02:44",QLD1,1,-0.02900000,1,0.01668451,1
D,FPP,REGION_FREQ_MEASURE,1,"2025/05/03 01:05:00","2025/05/03 01:02:44",SA1,1,-0.02500000,1,0.01031342,1
D,FPP,REGION_FREQ_MEASURE,1,"2025/05/03 01:05:00","2025/05/03 01:02:44",TAS1,1,-0.01000000,1,-0.01668379,1
D,FPP,REGION_FREQ_MEASURE,1,"2025/05/03 01:05:00","2025/05/03 01:02:44",VIC1,1,-0.02200000,1,0.01151843,1
D,FPP,REGION_FREQ_MEASURE,1,"2025/05/03 01:05:00","2025/05/03 01:02:48",NSW1,1,-0.02000000,1,0.01628114,1
D,FPP,REGION_FREQ_MEASURE,1,"2025/05/03 01:05:00","2025/05/03 01:02:48",QLD1,1,-0.02000000,1,0.01742129,1
D,FPP,REGION_FREQ_MEASURE,1,"2025/05/03 01:05:00","2025/05/03 01:02:48",SA1,1,-0.03000000,1,0.01468822,1
D,FPP,REGION_FREQ_MEASURE,1,"2025/05/03 01:05:00","2025/05/03 01:02:48",TAS1,1,-0.03100000,1,-0.00608739,0
D,FPP,REGION_FREQ_MEASURE,1,"2025/05/03 01:05:00","2025/05/03 01:02:48",VIC1,1,-0.03200000,1,0.01606989,1
D,FPP,REGION_FREQ_MEASURE,1,"2025/05/03 01:05:00","2025/05/03 01:02:52",NSW1,1,-0.01700000,1,0.01644089,1
D,FPP,REGION_FREQ_MEASURE,1,"2025/05/03 01:05:00","2025/05/03 01:02:52",QLD1,1,-0.01900000,1,0.01777211,1
D,FPP,REGION_FREQ_MEASURE,1,"2025/05/03 01:05:00","2025/05/03 01:02:52",SA1,1,-0.02800000,1,0.01764639,1
D,FPP,REGION_FREQ_MEASURE,1,"2025/05/03 01:05:00","2025/05/03 01:02:52",TAS1,1,-0.05000000,1,0.00637647,1
D,FPP,REGION_FREQ_MEASURE,1,"2025/05/03 01:05:00","2025/05/03 01:02:52",VIC1,1,-0.02900000,1,0.01894325,1
D,FPP,REGION_FREQ_MEASURE,1,"2025/05/03 01:05:00","2025/05/03 01:02:56",NSW1,1,-0.03300000,1,0.02012069,1
D,FPP,REGION_FREQ_MEASURE,1,"2025/05/03 01:05:00","2025/05/03 01:02:56",QLD1,1,-0.03100000,1,0.02071164,1
D,FPP,REGION_FREQ_MEASURE,1,"2025/05/03 01:05:00","2025/05/03 01:02:56",SA1,1,-0.02000000,1,0.01816941,1
D,FPP,REGION_FREQ_MEASURE,1,"2025/05/03 01:05:00","2025/05/03 01:02:56",TAS1,1,-0.03700000,1,0.01318170,1
D,FPP,REGION_FREQ_MEASURE,1,"2025/05/03 01:05:00","2025/05/03 01:02:56",VIC1,1,-0.02100000,1,0.01940031,1
D,FPP,REGION_FREQ_MEASURE,1,"2025/05/03 01:05:00","2025/05/03 01:03:00",NSW1,1,-0.01400000,1,0.01876054,1
D,FPP,REGION_FREQ_MEASURE,1,"2025/05/03 01:05:00","2025/05/03 01:03:00",QLD1,1,-0.01900000,1,0.02033128,1
D,FPP,REGION_FREQ_MEASURE,1,"2025/05/03 01:05:00","2025/05/03 01:03:00",SA1,1,-0.02000000,1,0.01857621,1
D,FPP,REGION_FREQ_MEASURE,1,"2025/05/03 01:05:00","2025/05/03 01:03:00",TAS1,1,-0.00500000,1,0.01136354,1
D,FPP,REGION_FREQ_MEASURE,1,"2025/05/03 01:05:00","2025/05/03 01:03:00",VIC1,1,-0.01700000,1,0.01886691,1
D,FPP,REGION_FREQ_MEASURE,1,"2025/05/03 01:05:00","2025/05/03 01:03:04",NSW1,1,0.00800000,1,0.01281375,1
D,FPP,REGION_FREQ_MEASURE,1,"2025/05/03 01:05:00","2025/05/03 01:03:04",QLD1,1,0.00300000,1,0.01514655,1
D,FPP,REGION_FREQ_MEASURE,1,"2025/05/03 01:05:00","2025/05/03 01:03:04",SA1,1,-0.03100000,1,0.02133705,1
D,FPP,REGION_FREQ_MEASURE,1,"2025/05/03 01:05:00","2025/05/03 01:03:04",TAS1,1,-0.00300000,1,0.00950498,1
D,FPP,REGION_FREQ_MEASURE,1,"2025/05/03 01:05:00","2025/05/03 01:03:04",VIC1,1,-0.03300000,1,0.02200760,1
D,FPP,REGION_FREQ_MEASURE,1,"2025/05/03 01:05:00","2025/05/03 01:03:08",NSW1,1,0.01000000,1,0.00774403,1
D,FPP,REGION_FREQ_MEASURE,1,"2025/05/03 01:05:00","2025/05/03 01:03:08",QLD1,1,0.01200000,1,0.00911398,1
D,FPP,REGION_FREQ_MEASURE,1,"2025/05/03 01:05:00","2025/05/03 01:03:08",SA1,1,-0.00600000,1,0.01792882,1
D,FPP,REGION_FREQ_MEASURE,1,"2025/05/03 01:05:00","2025/05/03 01:03:08",TAS1,1,-0.00500000,1,0.00850387,1
D,FPP,REGION_FREQ_MEASURE,1,"2025/05/03 01:05:00","2025/05/03 01:03:08",VIC1,1,-0.01200000,1,0.01978369,1
D,FPP,REGION_FREQ_MEASURE,1,"2025/05/03 01:05:00","2025/05/03 01:03:12",NSW1,1,-0.00800000,1,0.00780091,1
D,FPP,REGION_FREQ_MEASURE,1,"2025/05/03 01:05:00","2025/05/03 01:03:12",QLD1,1,0.00100000,1,0.00686643,1
D,FPP,REGION_FREQ_MEASURE,1,"2025/05/03 01:05:00","2025/05/03 01:03:12",SA1,1,0.00700000,1,0.01238908,1
D,FPP,REGION_FREQ_MEASURE,1,"2025/05/03 01:05:00","2025/05/03 01:03:12",TAS1,1,0.01900000,1,0.00239190,0
D,FPP,REGION_FREQ_MEASURE,1,"2025/05/03 01:05:00","2025/05/03 01:03:12",VIC1,1,0.01200000,1,0.01272065,1
D,FPP,REGION_FREQ_MEASURE,1,"2025/05/03 01:05:00","2025/05/03 01:03:16",NSW1,1,-0.02200000,1,0.01095626,1
D,FPP,REGION_FREQ_MEASURE,1,"2025/05/03 01:05:00","2025/05/03 01:03:16",QLD1,1,-0.02500000,1,0.01089611,1
D,FPP,REGION_FREQ_MEASURE,1,"2025/05/03 01:05:00","2025/05/03 01:03:16",SA1,1,0.00700000,1,0.00808040,1
D,FPP,REGION_FREQ_MEASURE,1,"2025/05/03 01:05:00","2025/05/03 01:03:16",TAS1,1,0.02100000,1,-0.00280630,1
D,FPP,REGION_FREQ_MEASURE,1,"2025/05/03 01:05:00","2025/05/03 01:03:16",VIC1,1,0.00800000,1,0.00811606,1
D,FPP,REGION_FREQ_MEASURE,1,"2025/05/03 01:05:00","2025/05/03 01:03:20",NSW1,1,-0.02200000,1,0.01341042,1
D,FPP,REGION_FREQ_MEASURE,1,"2025/05/03 01:05:00","2025/05/03 01:03:20",QLD1,1,-0.02200000,1,0.01336364,1
D,FPP,REGION_FREQ_MEASURE,1,"2025/05/03 01:05:00","2025/05/03 01:03:20",SA1,1,-0.01800000,1,0.01028476,1
D,FPP,REGION_FREQ_MEASURE,1,"2025/05/03 01:05:00","2025/05/03 01:03:20",TAS1,1,0.00600000,1,-0.00351601,1
D,FPP,REGION_FREQ_MEASURE,1,"2025/05/03 01:05:00","2025/05/03 01:03:20",VIC1,1,-0.01200000,1,0.00897916,1
D,FPP,REGION_FREQ_MEASURE,1,"2025/05/03 01:05:00","2025/05/03 01:03:24",NSW1,1,-0.00300000,1,0.01109699,1
D,FPP,REGION_FREQ_MEASURE,1,"2025/05/03 01:05:00","2025/05/03 01:03:24",QLD1,1,-0.01200000,1,0.01306061,1
D,FPP,REGION_FREQ_MEASURE,1,"2025/05/03 01:05:00","2025/05/03 01:03:24",SA1,1,-0.02200000,1,0.01288815,1
D,FPP,REGION_FREQ_MEASURE,1,"2025/05/03 01:05:00","2025/05/03 01:03:24",TAS1,1,-0.00400000,1,-0.00184579,1
D,FPP,REGION_FREQ_MEASURE,1,"2025/05/03 01:05:00","2025/05/03 01:03:24",VIC1,1,-0.02400000,1,0.01231712,1
D,FPP,REGION_FREQ_MEASURE,1,"2025/05/03 01:05:00","2025/05/03 01:03:28",NSW1,1,-0.00500000,1,0.00974210,1
D,FPP,REGION_FREQ_MEASURE,1,"2025/05/03 01:05:00","2025/05/03 01:03:28",QLD1,1,-0.00200000,1,0.01060270,1
D,FPP,REGION_FREQ_MEASURE,1,"2025/05/03 01:05:00","2025/05/03 01:03:28",SA1,1,-0.01300000,1,0.01291301,1
D,FPP,REGION_FREQ_MEASURE,1,"2025/05/03 01:05:00","2025/05/03 01:03:28",TAS1,1,-0.00700000,1,0.00011994,1
D,FPP,REGION_FREQ_MEASURE,1,"2025/05/03 01:05:00","2025/05/03 01:03:28",VIC1,1,-0.01800000,1,0.01357998,1
D,FPP,REGION_FREQ_MEASURE,1,"2025/05/03 01:05:00","2025/05/03 01:03:32",NSW1,1,-0.00900000,1,0.00957719,1
D,FPP,REGION_FREQ_MEASURE,1,"2025/05/03 01:05:00","2025/05/03 01:03:32",QLD1,1,-0.00200000,1,0.00869099,1
D,FPP,REGION_FREQ_MEASURE,1,"2025/05/03 01:05:00","2025/05/03 01:03:32",SA1,1,-0.00300000,1,0.01071012,1
D,FPP,REGION_FREQ_MEASURE,1,"2025/05/03 01:05:00","2025/05/03 01:03:32",TAS1,1,0.00900000,1,-0.00190671,1
D,FPP,REGION_FREQ_MEASURE,1,"2025/05/03 01:05:00","2025/05/03 01:03:32",VIC1,1,-0.00400000,1,0.01145110,1
D,FPP,REGION_FREQ_MEASURE,1,"2025/05/03 01:05:00","2025/05/03 01:03:36",NSW1,1,-0.02500000,1,0.01300448,1
D,FPP,REGION_FREQ_MEASURE,1,"2025/05/03 01:05:00","2025/05/03 01:03:36",QLD1,1,-0.02200000,1,0.01164855,1
D,FPP,REGION_FREQ_MEASURE,1,"2025/05/03 01:05:00","2025/05/03 01:03:36",SA1,1,-0.00300000,1,0.00899676,1
D,FPP,REGION_FREQ_MEASURE,1,"2025/05/03 01:05:00","2025/05/03 01:03:36",TAS1,1,0.00200000,1,-0.00192744,1
D,FPP,REGION_FREQ_MEASURE,1,"2025/05/03 01:05:00","2025/05/03 01:03:36",VIC1,1,-0.00200000,1,0.00935086,1
D,FPP,REGION_FREQ_MEASURE,1,"2025/05/03 01:05:00","2025/05/03 01:03:40",NSW1,1,-0.01400000,1,0.01322571,1
D,FPP,REGION_FREQ_MEASURE,1,"2025/05/03 01:05:00","2025/05/03 01:03:40",QLD1,1,-0.01400000,1,0.01217109,1
D,FPP,REGION_FREQ_MEASURE,1,"2025/05/03 01:05:00","2025/05/03 01:03:40",SA1,1,-0.01500000,1,0.01033081,1
D,FPP,REGION_FREQ_MEASURE,1,"2025/05/03 01:05:00","2025/05/03 01:03:40",TAS1,1,-0.00400000,1,-0.00061023,1
D,FPP,REGION_FREQ_MEASURE,1,"2025/05/03 01:05:00","2025/05/03 01:03:40",VIC1,1,-0.00700000,1,0.00882845,1
D,FPP,REGION_FREQ_MEASURE,1,"2025/05/03 01:05:00","2025/05/03 01:03:44",NSW1,1,-0.00900000,1,0.01228666,1
D,FPP,REGION_FREQ_MEASURE,1,"2025/05/03 01:05:00","2025/05/03 01:03:44",QLD1,1,-0.01400000,1,0.01257751,1
D,FPP,REGION_FREQ_MEASURE,1,"2025/05/03 01:05:00","2025/05/03 01:03:44",SA1,1,-0.02400000,1,0.01336841,1
D,FPP,REGION_FREQ_MEASURE,1,"2025/05/03 01:05:00","2025/05/03 01:03:44",TAS1,1,-0.00600000,1,0.00085871,1
D,FPP,REGION_FREQ_MEASURE,1,"2025/05/03 01:05:00","2025/05/03 01:03:44",VIC1,1,-0.02500000,1,0.01242213,1
D,FPP,REGION_FREQ_MEASURE,1,"2025/05/03 01:05:00","2025/05/03 01:03:48",NSW1,1,0.00800000,1,0.00777851,1
D,FPP,REGION_FREQ_MEASURE,1,"2025/05/03 01:05:00","2025/05/03 01:03:48",QLD1,1,0.00800000,1,0.00800473,1
D,FPP,REGION_FREQ_MEASURE,1,"2025/05/03 01:05:00","2025/05/03 01:03:48",SA1,1,-0.01400000,1,0.01350876,1
D,FPP,REGION_FREQ_MEASURE,1,"2025/05/03 01:05:00","2025/05/03 01:03:48",TAS1,1,-0.00200000,1,0.00111233,1
D,FPP,REGION_FREQ_MEASURE,1,"2025/05/03 01:05:00","2025/05/03 01:03:48",VIC1,1,-0.01200000,1,0.01232832,1
D,FPP,REGION_FREQ_MEASURE,1,"2025/05/03 01:05:00","2025/05/03 01:03:52",NSW1,1,0.00500000,1,0.00493884,1
D,FPP,REGION_FREQ_MEASURE,1,"2025/05/03 01:05:00","2025/05/03 01:03:52",QLD1,1,0.01100000,1,0.00378146,1
D,FPP,REGION_FREQ_MEASURE,1,"2025/05/03 01:05:00","2025/05/03 01:03:52",SA1,1,-0.01400000,1,0.01361792,1
D,FPP,REGION_FREQ_MEASURE,1,"2025/05/03 01:05:00","2025/05/03 01:03:52",TAS1,1,0.00400000,1,-0.00002374,1
D,FPP,REGION_FREQ_MEASURE,1,"2025/05/03 01:05:00","2025/05/03 01:03:52",VIC1,1,-0.00800000,1,0.01136647,1
D,FPP,REGION_FREQ_MEASURE,1,"2025/05/03 01:05:00","2025/05/03 01:03:56",NSW1,1,-0.03300000,1,0.01117465,1
D,FPP,REGION_FREQ_MEASURE,1,"2025/05/03 01:05:00","2025/05/03 01:03:56",QLD1,1,-0.03300000,1,0.01027447,1
D,FPP,REGION_FREQ_MEASURE,1,"2025/05/03 01:05:00","2025/05/03 01:03:56",SA1,1,0.01400000,1,0.00748060,1
D,FPP,REGION_FREQ_MEASURE,1,"2025/05/03 01:05:00","2025/05/03 01:03:56",TAS1,1,0.01100000,1,-0.00246291,1
D,FPP,REGION_FREQ_MEASURE,1,"2025/05/03 01:05:00","2025/05/03 01:03:56",VIC1,1,0.01100000,1,0.00639614,1
D,FPP,REGION_FREQ_MEASURE,1,"2025/05/03 01:05:00","2025/05/03 01:04:00",NSW1,1,-0.02900000,1,0.01513584,1
D,FPP,REGION_FREQ_MEASURE,1,"2025/05/03 01:05:00","2025/05/03 01:04:00",QLD1,1,-0.03400000,1,0.01554681,1
D,FPP,REGION_FREQ_MEASURE,1,"2025/05/03 01:05:00","2025/05/03 01:04:00",SA1,1,-0.01000000,1,0.00804047,1
D,FPP,REGION_FREQ_MEASURE,1,"2025/05/03 01:05:00","2025/05/03 01:04:00",TAS1,1,0.01100000,1,-0.00436004,1
D,FPP,REGION_FREQ_MEASURE,1,"2025/05/03 01:05:00","2025/05/03 01:04:00",VIC1,1,0.00500000,1,0.00386366,1
D,FPP,REGION_FREQ_MEASURE,1,"2025/05/03 01:05:00","2025/05/03 01:04:04",NSW1,1,-0.02000000,1,0.01621676,1
D,FPP,REGION_FREQ_MEASURE,1,"2025/05/03 01:05:00","2025/05/03 01:04:04",QLD1,1,-0.03100000,1,0.01898085,1
D,FPP,REGION_FREQ_MEASURE,1,"2025/05/03 01:05:00","2025/05/03 01:04:04",SA1,1,-0.03900000,1,0.01492037,1
D,FPP,REGION_FREQ_MEASURE,1,"2025/05/03 01:05:00","2025/05/03 01:04:04",TAS1,1,-0.02100000,1,0.00127552,1
D,FPP,REGION_FREQ_MEASURE,1,"2025/05/03 01:05:00","2025/05/03 01:04:04",VIC1,1,-0.03600000,1,0.01100507,1
D,FPP,REGION_FREQ_MEASURE,1,"2025/05/03 01:05:00","2025/05/03 01:04:08",NSW1,1,-0.02400000,1,0.01794637,1
D,FPP,REGION_FREQ_MEASURE,1,"2025/05/03 01:05:00","2025/05/03 01:04:08",QLD1,1,-0.01700000,1,0.01854066,1
D,FPP,REGION_FREQ_MEASURE,1,"2025/05/03 01:05:00","2025/05/03 01:04:08",SA1,1,-0.02800000,1,0.01782695,1
D,FPP,REGION_FREQ_MEASURE,1,"2025/05/03 01:05:00","2025/05/03 01:04:08",TAS1,1,-0.04100000,1,0.01010318,1
D,FPP,REGION_FREQ_MEASURE,1,"2025/05/03 01:05:00","2025/05/03 01:04:08",VIC1,1,-0.02900000,1,0.01500394,1
D,FPP,REGION_FREQ_MEASURE,1,"2025/05/03 01:05:00","2025/05/03 01:04:12",NSW1,1,-0.04100000,1,0.02306940,1
D,FPP,REGION_FREQ_MEASURE,1,"2025/05/03 01:05:00","2025/05/03 01:04:12",QLD1,1,-0.04300000,1,0.02397607,1
D,FPP,REGION_FREQ_MEASURE,1,"2025/05/03 01:05:00","2025/05/03 01:04:12",SA1,1,-0.01600000,1,0.01742096,1
D,FPP,REGION_FREQ_MEASURE,1,"2025/05/03 01:05:00","2025/05/03 01:04:12",TAS1,1,-0.04600000,1,0.01808025,1
D,FPP,REGION_FREQ_MEASURE,1,"2025/05/03 01:05:00","2025/05/03 01:04:12",VIC1,1,-0.02100000,1,0.01633640,1
D,FPP,REGION_FREQ_MEASURE,1,"2025/05/03 01:05:00","2025/05/03 01:04:16",NSW1,1,-0.01500000,1,0.02127620,1
D,FPP,REGION_FREQ_MEASURE,1,"2025/05/03 01:05:00","2025/05/03 01:04:16",QLD1,1,-0.02000000,1,0.02309250,1
D,FPP,REGION_FREQ_MEASURE,1,"2025/05/03 01:05:00","2025/05/03 01:04:16",SA1,1,-0.03400000,1,0.02110519,1
D,FPP,REGION_FREQ_MEASURE,1,"2025/05/03 01:05:00","2025/05/03 01:04:16",TAS1,1,-0.02900000,1,0.02050686,1
D,FPP,REGION_FREQ_MEASURE,1,"2025/05/03 01:05:00","2025/05/03 01:04:16",VIC1,1,-0.02300000,1,0.01781720,1
D,FPP,REGION_FREQ_MEASURE,1,"2025/05/03 01:05:00","2025/05/03 01:04:20",NSW1,1,0.00200000,1,0.01610371,1
D,FPP,REGION_FREQ_MEASURE,1,"2025/05/03 01:05:00","2025/05/03 01:04:20",QLD1,1,0.00300000,1,0.01729417,1
D,FPP,REGION_FREQ_MEASURE,1,"2025/05/03 01:05:00","2025/05/03 01:04:20",SA1,1,-0.03200000,1,0.02352626,1
D,FPP,REGION_FREQ_MEASURE,1,"2025/05/03 01:05:00","2025/05/03 01:04:20",TAS1,1,-0.01000000,1,0.01817200,1
D,FPP,REGION_FREQ_MEASURE,1,"2025/05/03 01:05:00","2025/05/03 01:04:20",VIC1,1,-0.04400000,1,0.02363560,1
D,FPP,REGION_FREQ_MEASURE,1,"2025/05/03 01:05:00","2025/05/03 01:04:24",NSW1,1,0.02100000,1,0.00785844,0
D,FPP,REGION_FREQ_MEASURE,1,"2025/05/03 01:05:00","2025/05/03 01:04:24",QLD1,1,0.02100000,1,0.00878435,0
D,FPP,REGION_FREQ_MEASURE,1,"2025/05/03 01:05:00","2025/05/03 01:04:24",SA1,1,-0.00500000,1,0.01940931,1
D,FPP,REGION_FREQ_MEASURE,1,"2025/05/03 01:05:00","2025/05/03 01:04:24",TAS1,1,-0.00600000,1,0.01546711,1
D,FPP,REGION_FREQ_MEASURE,1,"2025/05/03 01:05:00","2025/05/03 01:04:24",VIC1,1,-0.01500000,1,0.02171658,1
D,FPP,REGION_FREQ_MEASURE,1,"2025/05/03 01:05:00","2025/05/03 01:04:28",NSW1,1,0.01500000,1,0.00277879,1
D,FPP,REGION_FREQ_MEASURE,1,"2025/05/03 01:05:00","2025/05/03 01:04:28",QLD1,1,0.01500000,1,0.00349894,1
D,FPP,REGION_FREQ_MEASURE,1,"2025/05/03 01:05:00","2025/05/03 01:04:28",SA1,1,0.00700000,1,0.01354057,1
D,FPP,REGION_FREQ_MEASURE,1,"2025/05/03 01:05:00","2025/05/03 01:04:28",TAS1,1,-0.01500000,1,0.01536331,1
D,FPP,REGION_FREQ_MEASURE,1,"2025/05/03 01:05:00","2025/05/03 01:04:28",VIC1,1,0.00200000,1,0.01644623,1
D,FPP,REGION_FREQ_MEASURE,1,"2025/05/03 01:05:00","2025/05/03 01:04:32",NSW1,1,0.01200000,1,-0.00050539,1
D,FPP,REGION_FREQ_MEASURE,1,"2025/05/03 01:05:00","2025/05/03 01:04:32",QLD1,1,0.01600000,1,-0.00083416,1
D,FPP,REGION_FREQ_MEASURE,1,"2025/05/03 01:05:00","2025/05/03 01:04:32",SA1,1,0.01800000,1,0.00653155,0
D,FPP,REGION_FREQ_MEASURE,1,"2025/05/03 01:05:00","2025/05/03 01:04:32",TAS1,1,-0.00300000,1,0.01261591,1
D,FPP,REGION_FREQ_MEASURE,1,"2025/05/03 01:05:00","2025/05/03 01:04:32",VIC1,1,0.02400000,1,0.00745818,0
D,FPP,REGION_FREQ_MEASURE,1,"2025/05/03 01:05:00","2025/05/03 01:04:36",NSW1,1,0.00800000,1,-0.00217086,1
D,FPP,REGION_FREQ_MEASURE,1,"2025/05/03 01:05:00","2025/05/03 01:04:36",QLD1,1,0.00900000,1,-0.00264879,1
D,FPP,REGION_FREQ_MEASURE,1,"2025/05/03 01:05:00","2025/05/03 01:04:36",SA1,1,0.01700000,1,0.00130232,0
D,FPP,REGION_FREQ_MEASURE,1,"2025/05/03 01:05:00","2025/05/03 01:04:36",TAS1,1,0.02300000,1,0.00470126,0
D,FPP,REGION_FREQ_MEASURE,1,"2025/05/03 01:05:00","2025/05/03 01:04:36",VIC1,1,0.01300000,1,0.00291192,1
D,FPP,REGION_FREQ_MEASURE,1,"2025/05/03 01:05:00","2025/05/03 01:04:40",NSW1,1,0.01100000,1,-0.00413289,1
D,FPP,REGION_FREQ_MEASURE,1,"2025/05/03 01:05:00","2025/05/03 01:04:40",QLD1,1,0.01100000,1,-0.00450461,1
D,FPP,REGION_FREQ_MEASURE,1,"2025/05/03 01:05:00","2025/05/03 01:04:40",SA1,1,0.00800000,1,-0.00076486,1
D,FPP,REGION_FREQ_MEASURE,1,"2025/05/03 01:05:00","2025/05/03 01:04:40",TAS1,1,0.03100000,1,-0.00323235,1
D,FPP,REGION_FREQ_MEASURE,1,"2025/05/03 01:05:00","2025/05/03 01:04:40",VIC1,1,0.01300000,1,-0.00062406,1
D,FPP,REGION_FREQ_MEASURE,1,"2025/05/03 01:05:00","2025/05/03 01:04:44",NSW1,1,0.02200000,1,-0.00810336,1
D,FPP,REGION_FREQ_MEASURE,1,"2025/05/03 01:05:00","2025/05/03 01:04:44",QLD1,1,0.01700000,1,-0.00728136,1
D,FPP,REGION_FREQ_MEASURE,1,"2025/05/03 01:05:00","2025/05/03 01:04:44",SA1,1,0.00800000,1,-0.00237267,1
D,FPP,REGION_FREQ_MEASURE,1,"2025/05/03 01:05:00","2025/05/03 01:04:44",TAS1,1,0.02000000,1,-0.00695849,1
D,FPP,REGION_FREQ_MEASURE,1,"2025/05/03 01:05:00","2025/05/03 01:04:44",VIC1,1,0.01000000,1,-0.00270760,1
D,FPP,REGION_FREQ_MEASURE,1,"2025/05/03 01:05:00","2025/05/03 01:04:48",NSW1,1,0.01800000,1,-0.01030261,1
D,FPP,REGION_FREQ_MEASURE,1,"2025/05/03 01:05:00","2025/05/03 01:04:48",QLD1,1,0.02300000,1,-0.01077439,1
D,FPP,REGION_FREQ_MEASURE,1,"2025/05/03 01:05:00","2025/05/03 01:04:48",SA1,1,0.01600000,1,-0.00540097,1
D,FPP,REGION_FREQ_MEASURE,1,"2025/05/03 01:05:00","2025/05/03 01:04:48",TAS1,1,0.00100000,1,-0.00563438,1
D,FPP,REGION_FREQ_MEASURE,1,"2025/05/03 01:05:00","2025/05/03 01:04:48",VIC1,1,0.01500000,1,-0.00543924,1
D,FPP,REGION_FREQ_MEASURE,1,"2025/05/03 01:05:00","2025/05/03 01:04:52",NSW1,1,0.01000000,1,-0.01023536,1
D,FPP,REGION_FREQ_MEASURE,1,"2025/05/03 01:05:00","2025/05/03 01:04:52",QLD1,1,0.01500000,1,-0.01171341,1
D,FPP,REGION_FREQ_MEASURE,1,"2025/05/03 01:05:00","2025/05/03 01:04:52",SA1,1,0.02100000,1,-0.00886742,1
D,FPP,REGION_FREQ_MEASURE,1,"2025/05/03 01:05:00","2025/05/03 01:04:52",TAS1,1,0.01100000,1,-0.00682674,1
D,FPP,REGION_FREQ_MEASURE,1,"2025/05/03 01:05:00","2025/05/03 01:04:52",VIC1,1,0.01900000,1,-0.00845274,1
D,FPP,REGION_FREQ_MEASURE,1,"2025/05/03 01:05:00","2025/05/03 01:04:56",NSW1,1,0.01800000,1,-0.01196084,1
D,FPP,REGION_FREQ_MEASURE,1,"2025/05/03 01:05:00","2025/05/03 01:04:56",QLD1,1,0.01200000,1,-0.01177710,1
D,FPP,REGION_FREQ_MEASURE,1,"2025/05/03 01:05:00","2025/05/03 01:04:56",SA1,1,0.01100000,1,-0.00934133,1
D,FPP,REGION_FREQ_MEASURE,1,"2025/05/03 01:05:00","2025/05/03 01:04:56",TAS1,1,0.02200000,1,-0.01019858,1
D,FPP,REGION_FREQ_MEASURE,1,"2025/05/03 01:05:00","2025/05/03 01:04:56",VIC1,1,0.01600000,1,-0.01012991,1
D,FPP,REGION_FREQ_MEASURE,1,"2025/05/03 01:05:00","2025/05/03 01:05:00",NSW1,1,0.01300000,1,-0.01219176,1
D,FPP,REGION_FREQ_MEASURE,1,"2025/05/03 01:05:00","2025/05/03 01:05:00",QLD1,1,0.01800000,1,-0.01315997,1
D,FPP,REGION_FREQ_MEASURE,1,"2025/05/03 01:05:00","2025/05/03 01:05:00",SA1,1,0.00800000,1,-0.00904326,1
D,FPP,REGION_FREQ_MEASURE,1,"2025/05/03 01:05:00","2025/05/03 01:05:00",TAS1,1,0.01100000,1,-0.01037667,1
D,FPP,REGION_FREQ_MEASURE,1,"2025/05/03 01:05:00","2025/05/03 01:05:00",VIC1,1,0.01400000,1,-0.01098993,1
I,FPP,RESIDUAL_CF,1,INTERVAL_DATETIME,CONSTRAINTID,VERSIONNO,BIDTYPE,RESIDUAL_CF,NEGATIVE_RESIDUAL_CF,RESIDUAL_DCF,RESIDUAL_CF_REASON_FLAG,CF_ABS_POSITIVE_PERF_TOTAL,CF_ABS_NEGATIVE_PERF_TOTAL,NCF_ABS_NEGATIVE_PERF_TOTAL
D,FPP,RESIDUAL_CF,1,"2025/05/03 01:05:00",F_I+NIL_MG_R5,1,RAISEREG,-0.49507333,-0.49507333,-0.24731362,0,75.80215,78.73262,78.73262
D,FPP,RESIDUAL_CF,1,"2025/05/03 01:05:00",F_MAIN++LREG_0210,1,LOWERREG,-0.04335002,-0.04335002,-0.28196824,0,78.36905,70.96583,70.96583
D,FPP,RESIDUAL_CF,1,"2025/05/03 01:05:00",F_T+LREG_0050,1,LOWERREG,-0.11298077,-0.11298077,-0.22422379,0,1.54994,10.47842,10.47842
D,FPP,RESIDUAL_CF,1,"2025/05/03 01:05:00",F_T+RREG_0050,1,RAISEREG,0.49992059,0.00000000,-0.32144596,0,5.03724,0.41655,0.41655
I,FPP,RESIDUAL_PERFORMANCE,1,INTERVAL_DATETIME,REGIONID,VERSIONNO,RAISE_PERFORMANCE,RAISE_REASON_FLAG,LOWER_PERFORMANCE,LOWER_REASON_FLAG
D,FPP,RESIDUAL_PERFORMANCE,1,"2025/05/03 01:05:00",NSW1,1,-33.30448,0,14.98681,0
D,FPP,RESIDUAL_PERFORMANCE,1,"2025/05/03 01:05:00",QLD1,1,-17.93233,0,4.46181,0
D,FPP,RESIDUAL_PERFORMANCE,1,"2025/05/03 01:05:00",SA1,1,1.23155,0,1.82832,0
D,FPP,RESIDUAL_PERFORMANCE,1,"2025/05/03 01:05:00",TAS1,1,2.51822,0,-1.18386,0
D,FPP,RESIDUAL_PERFORMANCE,1,"2025/05/03 01:05:00",VIC1,1,8.50862,0,-24.35331,0
I,FPP,FPP_RUN,1,INTERVAL_DATETIME,VERSIONNO,FPPRUN_DATETIME,RUN_STATUS,AUTHORISED_DATETIME
D,FPP,FPP_RUN,1,"2025/05/03 01:05:00",1,"2025/05/03 01:05:00",Completed,"2025/05/03 01:08:49"
C,"END OF REPORT",702
