C,SETP.WORLD,FPP_RUN,AEMO,PUBLIC,2025/05/02,03:28:55,0000000461526937,FPP,0000000461526937
I,FPP,CONSTRAINT_FREQ_MEASURE,1,INTERVAL_DATETIME,MEASUREMENT_DATETIME,CONSTRAINTID,VERSIONNO,BIDTYPE,FM_RAISE_HZ,FM_LOWER_HZ,USED_IN_RCR_FLAG,CORRELATION_FLAG
D,FPP,CONSTRAINT_FREQ_MEASURE,1,"2025/05/02 03:25:00","2025/05/02 03:20:04",F_MAIN++APD_TL_L5,1,LOWERREG,0.00000000,-0.02494909,1,0
D,FPP,CONSTRAINT_FREQ_MEASURE,1,"2025/05/02 03:25:00","2025/05/02 03:20:04",F_T+LREG_0050,1,LOWERREG,0.00000000,-0.02201038,1,0
D,FPP,CONSTRAINT_FREQ_MEASURE,1,"2025/05/02 03:25:00","2025/05/02 03:20:04",F_T+RREG_0050,1,RAISEREG,0.00000000,-0.02201038,1,0
D,FPP,CONSTRAINT_FREQ_MEASURE,1,"2025/05/02 03:25:00","2025/05/02 03:20:04",F_TASCAP_RREG_0220,1,RAISEREG,0.00000000,-0.02494909,1,0
D,FPP,CONSTRAINT_FREQ_MEASURE,1,"2025/05/02 03:25:00","2025/05/02 03:20:08",F_MAIN++APD_TL_L5,1,LOWERREG,0.00000000,-0.02380793,1,0
D,FPP,CONSTRAINT_FREQ_MEASURE,1,"2025/05/02 03:25:00","2025/05/02 03:20:08",F_T+LREG_0050,1,LOWERREG,0.00000000,-0.02023030,1,0
D,FPP,CONSTRAINT_FREQ_MEASURE,1,"2025/05/02 03:25:00","2025/05/02 03:20:08",F_T+RREG_0050,1,RAISEREG,0.00000000,-0.02023030,1,0
D,FPP,CONSTRAINT_FREQ_MEASURE,1,"2025/05/02 03:25:00","2025/05/02 03:20:08",F_TASCAP_RREG_0220,1,RAISEREG,0.00000000,-0.02380793,1,0
D,FPP,CONSTRAINT_FREQ_MEASURE,1,"2025/05/02 03:25:00","2025/05/02 03:20:12",F_MAIN++APD_TL_L5,1,LOWERREG,0.00000000,-0.02326712,1,0
D,FPP,CONSTRAINT_FREQ_MEASURE,1,"2025/05/02 03:25:00","2025/05/02 03:20:12",F_T+LREG_0050,1,LOWERREG,0.00000000,-0.01884579,1,0
D,FPP,CONSTRAINT_FREQ_MEASURE,1,"2025/05/02 03:25:00","2025/05/02 03:20:12",F_T+RREG_0050,1,RAISEREG,0.00000000,-0.01884579,1,0
D,FPP,CONSTRAINT_FREQ_MEASURE,1,"2025/05/02 03:25:00","2025/05/02 03:20:12",F_TASCAP_RREG_0220,1,RAISEREG,0.00000000,-0.02326712,1,0
D,FPP,CONSTRAINT_FREQ_MEASURE,1,"2025/05/02 03:25:00","2025/05/02 03:20:16",F_MAIN++APD_TL_L5,1,LOWERREG,0.00000000,-0.02320373,1,0
D,FPP,CONSTRAINT_FREQ_MEASURE,1,"2025/05/02 03:25:00","2025/05/02 03:20:16",F_T+LREG_0050,1,LOWERREG,0.00000000,-0.01665784,1,0
D,FPP,CONSTRAINT_FREQ_MEASURE,1,"2025/05/02 03:25:00","2025/05/02 03:20:16",F_T+RREG_0050,1,RAISEREG,0.00000000,-0.01665784,1,0
D,FPP,CONSTRAINT_FREQ_MEASURE,1,"2025/05/02 03:25:00","2025/05/02 03:20:16",F_TASCAP_RREG_0220,1,RAISEREG,0.00000000,-0.02320373,1,0
D,FPP,CONSTRAINT_FREQ_MEASURE,1,"2025/05/02 03:25:00","2025/05/02 03:20:20",F_MAIN++APD_TL_L5,1,LOWERREG,0.00000000,-0.02314787,1,0
D,FPP,CONSTRAINT_FREQ_MEASURE,1,"2025/05/02 03:25:00","2025/05/02 03:20:20",F_T+LREG_0050,1,LOWERREG,0.00000000,-0.01895610,1,0
D,FPP,CONSTRAINT_FREQ_MEASURE,1,"2025/05/02 03:25:00","2025/05/02 03:20:20",F_T+RREG_0050,1,RAISEREG,0.00000000,-0.01895610,1,0
D,FPP,CONSTRAINT_FREQ_MEASURE,1,"2025/05/02 03:25:00","2025/05/02 03:20:20",F_TASCAP_RREG_0220,1,RAISEREG,0.00000000,-0.02314787,1,0
D,FPP,CONSTRAINT_FREQ_MEASURE,1,"2025/05/02 03:25:00","2025/05/02 03:20:24",F_MAIN++APD_TL_L5,1,LOWERREG,0.00000000,-0.02321052,1,0
D,FPP,CONSTRAINT_FREQ_MEASURE,1,"2025/05/02 03:25:00","2025/05/02 03:20:24",F_T+LREG_0050,1,LOWERREG,0.00000000,-0.02429919,1,0
D,FPP,CONSTRAINT_FREQ_MEASURE,1,"2025/05/02 03:25:00","2025/05/02 03:20:24",F_T+RREG_0050,1,RAISEREG,0.00000000,-0.02429919,1,0
D,FPP,CONSTRAINT_FREQ_MEASURE,1,"2025/05/02 03:25:00","2025/05/02 03:20:24",F_TASCAP_RREG_0220,1,RAISEREG,0.00000000,-0.02321052,1,0
D,FPP,CONSTRAINT_FREQ_MEASURE,1,"2025/05/02 03:25:00","2025/05/02 03:20:28",F_MAIN++APD_TL_L5,1,LOWERREG,0.00000000,-0.02217291,1,0
D,FPP,CONSTRAINT_FREQ_MEASURE,1,"2025/05/02 03:25:00","2025/05/02 03:20:28",F_T+LREG_0050,1,LOWERREG,0.00000000,-0.02489937,1,0
D,FPP,CONSTRAINT_FREQ_MEASURE,1,"2025/05/02 03:25:00","2025/05/02 03:20:28",F_T+RREG_0050,1,RAISEREG,0.00000000,-0.02489937,1,0
D,FPP,CONSTRAINT_FREQ_MEASURE,1,"2025/05/02 03:25:00","2025/05/02 03:20:28",F_TASCAP_RREG_0220,1,RAISEREG,0.00000000,-0.02217291,1,0
D,FPP,CONSTRAINT_FREQ_MEASURE,1,"2025/05/02 03:25:00","2025/05/02 03:20:32",F_MAIN++APD_TL_L5,1,LOWERREG,0.00000000,-0.02132032,1,0
D,FPP,CONSTRAINT_FREQ_MEASURE,1,"2025/05/02 03:25:00","2025/05/02 03:20:32",F_T+LREG_0050,1,LOWERREG,0.00000000,-0.02069951,1,0
D,FPP,CONSTRAINT_FREQ_MEASURE,1,"2025/05/02 03:25:00","2025/05/02 03:20:32",F_T+RREG_0050,1,RAISEREG,0.00000000,-0.02069951,1,0
D,FPP,CONSTRAINT_FREQ_MEASURE,1,"2025/05/02 03:25:00","2025/05/02 03:20:32",F_TASCAP_RREG_0220,1,RAISEREG,0.00000000,-0.02132032,1,0
D,FPP,CONSTRAINT_FREQ_MEASURE,1,"2025/05/02 03:25:00","2025/05/02 03:20:36",F_MAIN++APD_TL_L5,1,LOWERREG,0.00000000,-0.02095859,1,0
D,FPP,CONSTRAINT_FREQ_MEASURE,1,"2025/05/02 03:25:00","2025/05/02 03:20:36",F_T+LREG_0050,1,LOWERREG,0.00000000,-0.01832184,1,0
D,FPP,CONSTRAINT_FREQ_MEASURE,1,"2025/05/02 03:25:00","2025/05/02 03:20:36",F_T+RREG_0050,1,RAISEREG,0.00000000,-0.01832184,1,0
D,FPP,CONSTRAINT_FREQ_MEASURE,1,"2025/05/02 03:25:00","2025/05/02 03:20:36",F_TASCAP_RREG_0220,1,RAISEREG,0.00000000,-0.02095859,1,0
D,FPP,CONSTRAINT_FREQ_MEASURE,1,"2025/05/02 03:25:00","2025/05/02 03:20:40",F_MAIN++APD_TL_L5,1,LOWERREG,0.00000000,-0.02161377,1,0
D,FPP,CONSTRAINT_FREQ_MEASURE,1,"2025/05/02 03:25:00","2025/05/02 03:20:40",F_T+LREG_0050,1,LOWERREG,0.00000000,-0.02047254,1,0
D,FPP,CONSTRAINT_FREQ_MEASURE,1,"2025/05/02 03:25:00","2025/05/02 03:20:40",F_T+RREG_0050,1,RAISEREG,0.00000000,-0.02047254,1,0
D,FPP,CONSTRAINT_FREQ_MEASURE,1,"2025/05/02 03:25:00","2025/05/02 03:20:40",F_TASCAP_RREG_0220,1,RAISEREG,0.00000000,-0.02161377,1,0
D,FPP,CONSTRAINT_FREQ_MEASURE,1,"2025/05/02 03:25:00","2025/05/02 03:20:44",F_MAIN++APD_TL_L5,1,LOWERREG,0.00000000,-0.01964735,1,0
D,FPP,CONSTRAINT_FREQ_MEASURE,1,"2025/05/02 03:25:00","2025/05/02 03:20:44",F_T+LREG_0050,1,LOWERREG,0.00000000,-0.02392309,1,0
D,FPP,CONSTRAINT_FREQ_MEASURE,1,"2025/05/02 03:25:00","2025/05/02 03:20:44",F_T+RREG_0050,1,RAISEREG,0.00000000,-0.02392309,1,0
D,FPP,CONSTRAINT_FREQ_MEASURE,1,"2025/05/02 03:25:00","2025/05/02 03:20:44",F_TASCAP_RREG_0220,1,RAISEREG,0.00000000,-0.01964735,1,0
D,FPP,CONSTRAINT_FREQ_MEASURE,1,"2025/05/02 03:25:00","2025/05/02 03:20:48",F_MAIN++APD_TL_L5,1,LOWERREG,0.00000000,-0.02040108,1,0
D,FPP,CONSTRAINT_FREQ_MEASURE,1,"2025/05/02 03:25:00","2025/05/02 03:20:48",F_T+LREG_0050,1,LOWERREG,0.00000000,-0.02705129,1,0
D,FPP,CONSTRAINT_FREQ_MEASURE,1,"2025/05/02 03:25:00","2025/05/02 03:20:48",F_T+RREG_0050,1,RAISEREG,0.00000000,-0.02705129,1,0
D,FPP,CONSTRAINT_FREQ_MEASURE,1,"2025/05/02 03:25:00","2025/05/02 03:20:48",F_TASCAP_RREG_0220,1,RAISEREG,0.00000000,-0.02040108,1,0
D,FPP,CONSTRAINT_FREQ_MEASURE,1,"2025/05/02 03:25:00","2025/05/02 03:20:52",F_MAIN++APD_TL_L5,1,LOWERREG,0.00000000,-0.01967017,1,0
D,FPP,CONSTRAINT_FREQ_MEASURE,1,"2025/05/02 03:25:00","2025/05/02 03:20:52",F_T+LREG_0050,1,LOWERREG,0.00000000,-0.02370656,1,0
D,FPP,CONSTRAINT_FREQ_MEASURE,1,"2025/05/02 03:25:00","2025/05/02 03:20:52",F_T+RREG_0050,1,RAISEREG,0.00000000,-0.02370656,1,0
D,FPP,CONSTRAINT_FREQ_MEASURE,1,"2025/05/02 03:25:00","2025/05/02 03:20:52",F_TASCAP_RREG_0220,1,RAISEREG,0.00000000,-0.01967017,1,0
D,FPP,CONSTRAINT_FREQ_MEASURE,1,"2025/05/02 03:25:00","2025/05/02 03:20:56",F_MAIN++APD_TL_L5,1,LOWERREG,0.00000000,-0.01968339,1,0
D,FPP,CONSTRAINT_FREQ_MEASURE,1,"2025/05/02 03:25:00","2025/05/02 03:20:56",F_T+LREG_0050,1,LOWERREG,0.00000000,-0.01443844,1,0
D,FPP,CONSTRAINT_FREQ_MEASURE,1,"2025/05/02 03:25:00","2025/05/02 03:20:56",F_T+RREG_0050,1,RAISEREG,0.00000000,-0.01443844,1,0
D,FPP,CONSTRAINT_FREQ_MEASURE,1,"2025/05/02 03:25:00","2025/05/02 03:20:56",F_TASCAP_RREG_0220,1,RAISEREG,0.00000000,-0.01968339,1,0
D,FPP,CONSTRAINT_FREQ_MEASURE,1,"2025/05/02 03:25:00","2025/05/02 03:21:00",F_MAIN++APD_TL_L5,1,LOWERREG,0.00000000,-0.01961455,1,0
D,FPP,CONSTRAINT_FREQ_MEASURE,1,"2025/05/02 03:25:00","2025/05/02 03:21:00",F_T+LREG_0050,1,LOWERREG,0.00000000,-0.00322990,1,0
D,FPP,CONSTRAINT_FREQ_MEASURE,1,"2025/05/02 03:25:00","2025/05/02 03:21:00",F_T+RREG_0050,1,RAISEREG,0.00000000,-0.00322990,1,0
D,FPP,CONSTRAINT_FREQ_MEASURE,1,"2025/05/02 03:25:00","2025/05/02 03:21:00",F_TASCAP_RREG_0220,1,RAISEREG,0.00000000,-0.01961455,1,0
D,FPP,CONSTRAINT_FREQ_MEASURE,1,"2025/05/02 03:25:00","2025/05/02 03:21:04",F_MAIN++APD_TL_L5,1,LOWERREG,0.00000000,-0.01983113,1,0
D,FPP,CONSTRAINT_FREQ_MEASURE,1,"2025/05/02 03:25:00","2025/05/02 03:21:04",F_T+LREG_0050,1,LOWERREG,0.00771008,0.00000000,1,0
D,FPP,CONSTRAINT_FREQ_MEASURE,1,"2025/05/02 03:25:00","2025/05/02 03:21:04",F_T+RREG_0050,1,RAISEREG,0.00771008,0.00000000,1,0
D,FPP,CONSTRAINT_FREQ_MEASURE,1,"2025/05/02 03:25:00","2025/05/02 03:21:04",F_TASCAP_RREG_0220,1,RAISEREG,0.00000000,-0.01983113,1,0
D,FPP,CONSTRAINT_FREQ_MEASURE,1,"2025/05/02 03:25:00","2025/05/02 03:21:08",F_MAIN++APD_TL_L5,1,LOWERREG,0.00000000,-0.01921018,1,0
D,FPP,CONSTRAINT_FREQ_MEASURE,1,"2025/05/02 03:25:00","2025/05/02 03:21:08",F_T+LREG_0050,1,LOWERREG,0.01733006,0.00000000,1,0
D,FPP,CONSTRAINT_FREQ_MEASURE,1,"2025/05/02 03:25:00","2025/05/02 03:21:08",F_T+RREG_0050,1,RAISEREG,0.01733006,0.00000000,1,0
D,FPP,CONSTRAINT_FREQ_MEASURE,1,"2025/05/02 03:25:00","2025/05/02 03:21:08",F_TASCAP_RREG_0220,1,RAISEREG,0.00000000,-0.01921018,1,0
D,FPP,CONSTRAINT_FREQ_MEASURE,1,"2025/05/02 03:25:00","2025/05/02 03:21:12",F_MAIN++APD_TL_L5,1,LOWERREG,0.00000000,-0.01995511,1,0
D,FPP,CONSTRAINT_FREQ_MEASURE,1,"2025/05/02 03:25:00","2025/05/02 03:21:12",F_T+LREG_0050,1,LOWERREG,0.02281227,0.00000000,1,0
D,FPP,CONSTRAINT_FREQ_MEASURE,1,"2025/05/02 03:25:00","2025/05/02 03:21:12",F_T+RREG_0050,1,RAISEREG,0.02281227,0.00000000,1,0
D,FPP,CONSTRAINT_FREQ_MEASURE,1,"2025/05/02 03:25:00","2025/05/02 03:21:12",F_TASCAP_RREG_0220,1,RAISEREG,0.00000000,-0.01995511,1,0
D,FPP,CONSTRAINT_FREQ_MEASURE,1,"2025/05/02 03:25:00","2025/05/02 03:21:16",F_MAIN++APD_TL_L5,1,LOWERREG,0.00000000,-0.01921548,1,0
D,FPP,CONSTRAINT_FREQ_MEASURE,1,"2025/05/02 03:25:00","2025/05/02 03:21:16",F_T+LREG_0050,1,LOWERREG,0.02352065,0.00000000,1,0
D,FPP,CONSTRAINT_FREQ_MEASURE,1,"2025/05/02 03:25:00","2025/05/02 03:21:16",F_T+RREG_0050,1,RAISEREG,0.02352065,0.00000000,1,0
D,FPP,CONSTRAINT_FREQ_MEASURE,1,"2025/05/02 03:25:00","2025/05/02 03:21:16",F_TASCAP_RREG_0220,1,RAISEREG,0.00000000,-0.01921548,1,0
D,FPP,CONSTRAINT_FREQ_MEASURE,1,"2025/05/02 03:25:00","2025/05/02 03:21:20",F_MAIN++APD_TL_L5,1,LOWERREG,0.00000000,-0.01933388,1,0
D,FPP,CONSTRAINT_FREQ_MEASURE,1,"2025/05/02 03:25:00","2025/05/02 03:21:20",F_T+LREG_0050,1,LOWERREG,0.02096051,0.00000000,1,0
D,FPP,CONSTRAINT_FREQ_MEASURE,1,"2025/05/02 03:25:00","2025/05/02 03:21:20",F_T+RREG_0050,1,RAISEREG,0.02096051,0.00000000,1,0
D,FPP,CONSTRAINT_FREQ_MEASURE,1,"2025/05/02 03:25:00","2025/05/02 03:21:20",F_TASCAP_RREG_0220,1,RAISEREG,0.00000000,-0.01933388,1,0
D,FPP,CONSTRAINT_FREQ_MEASURE,1,"2025/05/02 03:25:00","2025/05/02 03:21:24",F_MAIN++APD_TL_L5,1,LOWERREG,0.00000000,-0.01875733,1,0
D,FPP,CONSTRAINT_FREQ_MEASURE,1,"2025/05/02 03:25:00","2025/05/02 03:21:24",F_T+LREG_0050,1,LOWERREG,0.01896929,0.00000000,1,0
D,FPP,CONSTRAINT_FREQ_MEASURE,1,"2025/05/02 03:25:00","2025/05/02 03:21:24",F_T+RREG_0050,1,RAISEREG,0.01896929,0.00000000,1,0
D,FPP,CONSTRAINT_FREQ_MEASURE,1,"2025/05/02 03:25:00","2025/05/02 03:21:24",F_TASCAP_RREG_0220,1,RAISEREG,0.00000000,-0.01875733,1,0
D,FPP,CONSTRAINT_FREQ_MEASURE,1,"2025/05/02 03:25:00","2025/05/02 03:21:28",F_MAIN++APD_TL_L5,1,LOWERREG,0.00000000,-0.01810703,1,0
D,FPP,CONSTRAINT_FREQ_MEASURE,1,"2025/05/02 03:25:00","2025/05/02 03:21:28",F_T+LREG_0050,1,LOWERREG,0.01208723,0.00000000,1,0
D,FPP,CONSTRAINT_FREQ_MEASURE,1,"2025/05/02 03:25:00","2025/05/02 03:21:28",F_T+RREG_0050,1,RAISEREG,0.01208723,0.00000000,1,0
D,FPP,CONSTRAINT_FREQ_MEASURE,1,"2025/05/02 03:25:00","2025/05/02 03:21:28",F_TASCAP_RREG_0220,1,RAISEREG,0.00000000,-0.01810703,1,0
D,FPP,CONSTRAINT_FREQ_MEASURE,1,"2025/05/02 03:25:00","2025/05/02 03:21:32",F_MAIN++APD_TL_L5,1,LOWERREG,0.00000000,-0.01937131,1,0
D,FPP,CONSTRAINT_FREQ_MEASURE,1,"2025/05/02 03:25:00","2025/05/02 03:21:32",F_T+LREG_0050,1,LOWERREG,0.00184562,0.00000000,1,0
D,FPP,CONSTRAINT_FREQ_MEASURE,1,"2025/05/02 03:25:00","2025/05/02 03:21:32",F_T+RREG_0050,1,RAISEREG,0.00184562,0.00000000,1,0
D,FPP,CONSTRAINT_FREQ_MEASURE,1,"2025/05/02 03:25:00","2025/05/02 03:21:32",F_TASCAP_RREG_0220,1,RAISEREG,0.00000000,-0.01937131,1,0
D,FPP,CONSTRAINT_FREQ_MEASURE,1,"2025/05/02 03:25:00","2025/05/02 03:21:36",F_MAIN++APD_TL_L5,1,LOWERREG,0.00000000,-0.01959448,1,0
D,FPP,CONSTRAINT_FREQ_MEASURE,1,"2025/05/02 03:25:00","2025/05/02 03:21:36",F_T+LREG_0050,1,LOWERREG,0.00000000,-0.00500896,1,0
D,FPP,CONSTRAINT_FREQ_MEASURE,1,"2025/05/02 03:25:00","2025/05/02 03:21:36",F_T+RREG_0050,1,RAISEREG,0.00000000,-0.00500896,1,0
D,FPP,CONSTRAINT_FREQ_MEASURE,1,"2025/05/02 03:25:00","2025/05/02 03:21:36",F_TASCAP_RREG_0220,1,RAISEREG,0.00000000,-0.01959448,1,0
D,FPP,CONSTRAINT_FREQ_MEASURE,1,"2025/05/02 03:25:00","2025/05/02 03:21:40",F_MAIN++APD_TL_L5,1,LOWERREG,0.00000000,-0.02075799,1,0
D,FPP,CONSTRAINT_FREQ_MEASURE,1,"2025/05/02 03:25:00","2025/05/02 03:21:40",F_T+LREG_0050,1,LOWERREG,0.00000000,-0.00678475,1,0
D,FPP,CONSTRAINT_FREQ_MEASURE,1,"2025/05/02 03:25:00","2025/05/02 03:21:40",F_T+RREG_0050,1,RAISEREG,0.00000000,-0.00678475,1,0
D,FPP,CONSTRAINT_FREQ_MEASURE,1,"2025/05/02 03:25:00","2025/05/02 03:21:40",F_TASCAP_RREG_0220,1,RAISEREG,0.00000000,-0.02075799,1,0
D,FPP,CONSTRAINT_FREQ_MEASURE,1,"2025/05/02 03:25:00","2025/05/02 03:21:44",F_MAIN++APD_TL_L5,1,LOWERREG,0.00000000,-0.02103829,1,0
D,FPP,CONSTRAINT_FREQ_MEASURE,1,"2025/05/02 03:25:00","2025/05/02 03:21:44",F_T+LREG_0050,1,LOWERREG,0.00000000,-0.00527703,1,0
D,FPP,CONSTRAINT_FREQ_MEASURE,1,"2025/05/02 03:25:00","2025/05/02 03:21:44",F_T+RREG_0050,1,RAISEREG,0.00000000,-0.00527703,1,0
D,FPP,CONSTRAINT_FREQ_MEASURE,1,"2025/05/02 03:25:00","2025/05/02 03:21:44",F_TASCAP_RREG_0220,1,RAISEREG,0.00000000,-0.02103829,1,0
D,FPP,CONSTRAINT_FREQ_MEASURE,1,"2025/05/02 03:25:00","2025/05/02 03:21:48",F_MAIN++APD_TL_L5,1,LOWERREG,0.00000000,-0.02077235,1,0
D,FPP,CONSTRAINT_FREQ_MEASURE,1,"2025/05/02 03:25:00","2025/05/02 03:21:48",F_T+LREG_0050,1,LOWERREG,0.00000000,-0.00588213,1,0
D,FPP,CONSTRAINT_FREQ_MEASURE,1,"2025/05/02 03:25:00","2025/05/02 03:21:48",F_T+RREG_0050,1,RAISEREG,0.00000000,-0.00588213,1,0
D,FPP,CONSTRAINT_FREQ_MEASURE,1,"2025/05/02 03:25:00","2025/05/02 03:21:48",F_TASCAP_RREG_0220,1,RAISEREG,0.00000000,-0.02077235,1,0
D,FPP,CONSTRAINT_FREQ_MEASURE,1,"2025/05/02 03:25:00","2025/05/02 03:21:52",F_MAIN++APD_TL_L5,1,LOWERREG,0.00000000,-0.02126333,1,0
D,FPP,CONSTRAINT_FREQ_MEASURE,1,"2025/05/02 03:25:00","2025/05/02 03:21:52",F_T+LREG_0050,1,LOWERREG,0.00000000,-0.00746388,1,0
D,FPP,CONSTRAINT_FREQ_MEASURE,1,"2025/05/02 03:25:00","2025/05/02 03:21:52",F_T+RREG_0050,1,RAISEREG,0.00000000,-0.00746388,1,0
D,FPP,CONSTRAINT_FREQ_MEASURE,1,"2025/05/02 03:25:00","2025/05/02 03:21:52",F_TASCAP_RREG_0220,1,RAISEREG,0.00000000,-0.02126333,1,0
D,FPP,CONSTRAINT_FREQ_MEASURE,1,"2025/05/02 03:25:00","2025/05/02 03:21:56",F_MAIN++APD_TL_L5,1,LOWERREG,0.00000000,-0.02210010,1,0
D,FPP,CONSTRAINT_FREQ_MEASURE,1,"2025/05/02 03:25:00","2025/05/02 03:21:56",F_T+LREG_0050,1,LOWERREG,0.00000000,-0.01002746,1,0
D,FPP,CONSTRAINT_FREQ_MEASURE,1,"2025/05/02 03:25:00","2025/05/02 03:21:56",F_T+RREG_0050,1,RAISEREG,0.00000000,-0.01002746,1,0
D,FPP,CONSTRAINT_FREQ_MEASURE,1,"2025/05/02 03:25:00","2025/05/02 03:21:56",F_TASCAP_RREG_0220,1,RAISEREG,0.00000000,-0.02210010,1,0
D,FPP,CONSTRAINT_FREQ_MEASURE,1,"2025/05/02 03:25:00","2025/05/02 03:22:00",F_MAIN++APD_TL_L5,1,LOWERREG,0.00000000,-0.02350880,1,0
D,FPP,CONSTRAINT_FREQ_MEASURE,1,"2025/05/02 03:25:00","2025/05/02 03:22:00",F_T+LREG_0050,1,LOWERREG,0.00000000,-0.01313247,1,0
D,FPP,CONSTRAINT_FREQ_MEASURE,1,"2025/05/02 03:25:00","2025/05/02 03:22:00",F_T+RREG_0050,1,RAISEREG,0.00000000,-0.01313247,1,0
D,FPP,CONSTRAINT_FREQ_MEASURE,1,"2025/05/02 03:25:00","2025/05/02 03:22:00",F_TASCAP_RREG_0220,1,RAISEREG,0.00000000,-0.02350880,1,0
D,FPP,CONSTRAINT_FREQ_MEASURE,1,"2025/05/02 03:25:00","2025/05/02 03:22:04",F_MAIN++APD_TL_L5,1,LOWERREG,0.00000000,-0.02291779,1,0
D,FPP,CONSTRAINT_FREQ_MEASURE,1,"2025/05/02 03:25:00","2025/05/02 03:22:04",F_T+LREG_0050,1,LOWERREG,0.00000000,-0.01888081,1,0
D,FPP,CONSTRAINT_FREQ_MEASURE,1,"2025/05/02 03:25:00","2025/05/02 03:22:04",F_T+RREG_0050,1,RAISEREG,0.00000000,-0.01888081,1,0
D,FPP,CONSTRAINT_FREQ_MEASURE,1,"2025/05/02 03:25:00","2025/05/02 03:22:04",F_TASCAP_RREG_0220,1,RAISEREG,0.00000000,-0.02291779,1,0
D,FPP,CONSTRAINT_FREQ_MEASURE,1,"2025/05/02 03:25:00","2025/05/02 03:22:08",F_MAIN++APD_TL_L5,1,LOWERREG,0.00000000,-0.02337445,1,0
D,FPP,CONSTRAINT_FREQ_MEASURE,1,"2025/05/02 03:25:00","2025/05/02 03:22:08",F_T+LREG_0050,1,LOWERREG,0.00000000,-0.02424063,1,0
D,FPP,CONSTRAINT_FREQ_MEASURE,1,"2025/05/02 03:25:00","2025/05/02 03:22:08",F_T+RREG_0050,1,RAISEREG,0.00000000,-0.02424063,1,0
D,FPP,CONSTRAINT_FREQ_MEASURE,1,"2025/05/02 03:25:00","2025/05/02 03:22:08",F_TASCAP_RREG_0220,1,RAISEREG,0.00000000,-0.02337445,1,0
D,FPP,CONSTRAINT_FREQ_MEASURE,1,"2025/05/02 03:25:00","2025/05/02 03:22:12",F_MAIN++APD_TL_L5,1,LOWERREG,0.00000000,-0.02354472,1,0
D,FPP,CONSTRAINT_FREQ_MEASURE,1,"2025/05/02 03:25:00","2025/05/02 03:22:12",F_T+LREG_0050,1,LOWERREG,0.00000000,-0.02418716,1,0
D,FPP,CONSTRAINT_FREQ_MEASURE,1,"2025/05/02 03:25:00","2025/05/02 03:22:12",F_T+RREG_0050,1,RAISEREG,0.00000000,-0.02418716,1,0
D,FPP,CONSTRAINT_FREQ_MEASURE,1,"2025/05/02 03:25:00","2025/05/02 03:22:12",F_TASCAP_RREG_0220,1,RAISEREG,0.00000000,-0.02354472,1,0
D,FPP,CONSTRAINT_FREQ_MEASURE,1,"2025/05/02 03:25:00","2025/05/02 03:22:16",F_MAIN++APD_TL_L5,1,LOWERREG,0.00000000,-0.02483374,1,0
D,FPP,CONSTRAINT_FREQ_MEASURE,1,"2025/05/02 03:25:00","2025/05/02 03:22:16",F_T+LREG_0050,1,LOWERREG,0.00000000,-0.01970112,1,0
D,FPP,CONSTRAINT_FREQ_MEASURE,1,"2025/05/02 03:25:00","2025/05/02 03:22:16",F_T+RREG_0050,1,RAISEREG,0.00000000,-0.01970112,1,0
D,FPP,CONSTRAINT_FREQ_MEASURE,1,"2025/05/02 03:25:00","2025/05/02 03:22:16",F_TASCAP_RREG_0220,1,RAISEREG,0.00000000,-0.02483374,1,0
D,FPP,CONSTRAINT_FREQ_MEASURE,1,"2025/05/02 03:25:00","2025/05/02 03:22:20",F_MAIN++APD_TL_L5,1,LOWERREG,0.00000000,-0.02545217,1,0
D,FPP,CONSTRAINT_FREQ_MEASURE,1,"2025/05/02 03:25:00","2025/05/02 03:22:20",F_T+LREG_0050,1,LOWERREG,0.00000000,-0.02221198,1,0
D,FPP,CONSTRAINT_FREQ_MEASURE,1,"2025/05/02 03:25:00","2025/05/02 03:22:20",F_T+RREG_0050,1,RAISEREG,0.00000000,-0.02221198,1,0
D,FPP,CONSTRAINT_FREQ_MEASURE,1,"2025/05/02 03:25:00","2025/05/02 03:22:20",F_TASCAP_RREG_0220,1,RAISEREG,0.00000000,-0.02545217,1,0
D,FPP,CONSTRAINT_FREQ_MEASURE,1,"2025/05/02 03:25:00","2025/05/02 03:22:24",F_MAIN++APD_TL_L5,1,LOWERREG,0.00000000,-0.02546999,1,0
D,FPP,CONSTRAINT_FREQ_MEASURE,1,"2025/05/02 03:25:00","2025/05/02 03:22:24",F_T+LREG_0050,1,LOWERREG,0.00000000,-0.03127598,1,0
D,FPP,CONSTRAINT_FREQ_MEASURE,1,"2025/05/02 03:25:00","2025/05/02 03:22:24",F_T+RREG_0050,1,RAISEREG,0.00000000,-0.03127598,1,0
D,FPP,CONSTRAINT_FREQ_MEASURE,1,"2025/05/02 03:25:00","2025/05/02 03:22:24",F_TASCAP_RREG_0220,1,RAISEREG,0.00000000,-0.02546999,1,0
D,FPP,CONSTRAINT_FREQ_MEASURE,1,"2025/05/02 03:25:00","2025/05/02 03:22:28",F_MAIN++APD_TL_L5,1,LOWERREG,0.00000000,-0.02535079,1,0
D,FPP,CONSTRAINT_FREQ_MEASURE,1,"2025/05/02 03:25:00","2025/05/02 03:22:28",F_T+LREG_0050,1,LOWERREG,0.00000000,-0.03165910,1,0
D,FPP,CONSTRAINT_FREQ_MEASURE,1,"2025/05/02 03:25:00","2025/05/02 03:22:28",F_T+RREG_0050,1,RAISEREG,0.00000000,-0.03165910,1,0
D,FPP,CONSTRAINT_FREQ_MEASURE,1,"2025/05/02 03:25:00","2025/05/02 03:22:28",F_TASCAP_RREG_0220,1,RAISEREG,0.00000000,-0.02535079,1,0
D,FPP,CONSTRAINT_FREQ_MEASURE,1,"2025/05/02 03:25:00","2025/05/02 03:22:32",F_MAIN++APD_TL_L5,1,LOWERREG,0.00000000,-0.02447318,1,0
D,FPP,CONSTRAINT_FREQ_MEASURE,1,"2025/05/02 03:25:00","2025/05/02 03:22:32",F_T+LREG_0050,1,LOWERREG,0.00000000,-0.02351263,1,0
D,FPP,CONSTRAINT_FREQ_MEASURE,1,"2025/05/02 03:25:00","2025/05/02 03:22:32",F_T+RREG_0050,1,RAISEREG,0.00000000,-0.02351263,1,0
D,FPP,CONSTRAINT_FREQ_MEASURE,1,"2025/05/02 03:25:00","2025/05/02 03:22:32",F_TASCAP_RREG_0220,1,RAISEREG,0.00000000,-0.02447318,1,0
D,FPP,CONSTRAINT_FREQ_MEASURE,1,"2025/05/02 03:25:00","2025/05/02 03:22:36",F_MAIN++APD_TL_L5,1,LOWERREG,0.00000000,-0.02464851,1,0
D,FPP,CONSTRAINT_FREQ_MEASURE,1,"2025/05/02 03:25:00","2025/05/02 03:22:36",F_T+LREG_0050,1,LOWERREG,0.00000000,-0.01717649,1,0
D,FPP,CONSTRAINT_FREQ_MEASURE,1,"2025/05/02 03:25:00","2025/05/02 03:22:36",F_T+RREG_0050,1,RAISEREG,0.00000000,-0.01717649,1,0
D,FPP,CONSTRAINT_FREQ_MEASURE,1,"2025/05/02 03:25:00","2025/05/02 03:22:36",F_TASCAP_RREG_0220,1,RAISEREG,0.00000000,-0.02464851,1,0
D,FPP,CONSTRAINT_FREQ_MEASURE,1,"2025/05/02 03:25:00","2025/05/02 03:22:40",F_MAIN++APD_TL_L5,1,LOWERREG,0.00000000,-0.02370880,1,0
D,FPP,CONSTRAINT_FREQ_MEASURE,1,"2025/05/02 03:25:00","2025/05/02 03:22:40",F_T+LREG_0050,1,LOWERREG,0.00000000,-0.01513727,1,0
D,FPP,CONSTRAINT_FREQ_MEASURE,1,"2025/05/02 03:25:00","2025/05/02 03:22:40",F_T+RREG_0050,1,RAISEREG,0.00000000,-0.01513727,1,0
D,FPP,CONSTRAINT_FREQ_MEASURE,1,"2025/05/02 03:25:00","2025/05/02 03:22:40",F_TASCAP_RREG_0220,1,RAISEREG,0.00000000,-0.02370880,1,0
D,FPP,CONSTRAINT_FREQ_MEASURE,1,"2025/05/02 03:25:00","2025/05/02 03:22:44",F_MAIN++APD_TL_L5,1,LOWERREG,0.00000000,-0.02217219,1,0
D,FPP,CONSTRAINT_FREQ_MEASURE,1,"2025/05/02 03:25:00","2025/05/02 03:22:44",F_T+LREG_0050,1,LOWERREG,0.00000000,-0.01555121,1,0
D,FPP,CONSTRAINT_FREQ_MEASURE,1,"2025/05/02 03:25:00","2025/05/02 03:22:44",F_T+RREG_0050,1,RAISEREG,0.00000000,-0.01555121,1,0
D,FPP,CONSTRAINT_FREQ_MEASURE,1,"2025/05/02 03:25:00","2025/05/02 03:22:44",F_TASCAP_RREG_0220,1,RAISEREG,0.00000000,-0.02217219,1,0
D,FPP,CONSTRAINT_FREQ_MEASURE,1,"2025/05/02 03:25:00","2025/05/02 03:22:48",F_MAIN++APD_TL_L5,1,LOWERREG,0.00000000,-0.02106658,1,0
D,FPP,CONSTRAINT_FREQ_MEASURE,1,"2025/05/02 03:25:00","2025/05/02 03:22:48",F_T+LREG_0050,1,LOWERREG,0.00000000,-0.01965094,1,0
D,FPP,CONSTRAINT_FREQ_MEASURE,1,"2025/05/02 03:25:00","2025/05/02 03:22:48",F_T+RREG_0050,1,RAISEREG,0.00000000,-0.01965094,1,0
D,FPP,CONSTRAINT_FREQ_MEASURE,1,"2025/05/02 03:25:00","2025/05/02 03:22:48",F_TASCAP_RREG_0220,1,RAISEREG,0.00000000,-0.02106658,1,0
D,FPP,CONSTRAINT_FREQ_MEASURE,1,"2025/05/02 03:25:00","2025/05/02 03:22:52",F_MAIN++APD_TL_L5,1,LOWERREG,0.00000000,-0.02236884,1,0
D,FPP,CONSTRAINT_FREQ_MEASURE,1,"2025/05/02 03:25:00","2025/05/02 03:22:52",F_T+LREG_0050,1,LOWERREG,0.00000000,-0.02128406,1,0
D,FPP,CONSTRAINT_FREQ_MEASURE,1,"2025/05/02 03:25:00","2025/05/02 03:22:52",F_T+RREG_0050,1,RAISEREG,0.00000000,-0.02128406,1,0
D,FPP,CONSTRAINT_FREQ_MEASURE,1,"2025/05/02 03:25:00","2025/05/02 03:22:52",F_TASCAP_RREG_0220,1,RAISEREG,0.00000000,-0.02236884,1,0
D,FPP,CONSTRAINT_FREQ_MEASURE,1,"2025/05/02 03:25:00","2025/05/02 03:22:56",F_MAIN++APD_TL_L5,1,LOWERREG,0.00000000,-0.02395248,1,0
D,FPP,CONSTRAINT_FREQ_MEASURE,1,"2025/05/02 03:25:00","2025/05/02 03:22:56",F_T+LREG_0050,1,LOWERREG,0.00000000,-0.02122094,1,0
D,FPP,CONSTRAINT_FREQ_MEASURE,1,"2025/05/02 03:25:00","2025/05/02 03:22:56",F_T+RREG_0050,1,RAISEREG,0.00000000,-0.02122094,1,0
D,FPP,CONSTRAINT_FREQ_MEASURE,1,"2025/05/02 03:25:00","2025/05/02 03:22:56",F_TASCAP_RREG_0220,1,RAISEREG,0.00000000,-0.02395248,1,0
D,FPP,CONSTRAINT_FREQ_MEASURE,1,"2025/05/02 03:25:00","2025/05/02 03:23:00",F_MAIN++APD_TL_L5,1,LOWERREG,0.00000000,-0.02389629,1,0
D,FPP,CONSTRAINT_FREQ_MEASURE,1,"2025/05/02 03:25:00","2025/05/02 03:23:00",F_T+LREG_0050,1,LOWERREG,0.00000000,-0.02117184,1,0
D,FPP,CONSTRAINT_FREQ_MEASURE,1,"2025/05/02 03:25:00","2025/05/02 03:23:00",F_T+RREG_0050,1,RAISEREG,0.00000000,-0.02117184,1,0
D,FPP,CONSTRAINT_FREQ_MEASURE,1,"2025/05/02 03:25:00","2025/05/02 03:23:00",F_TASCAP_RREG_0220,1,RAISEREG,0.00000000,-0.02389629,1,0
D,FPP,CONSTRAINT_FREQ_MEASURE,1,"2025/05/02 03:25:00","2025/05/02 03:23:04",F_MAIN++APD_TL_L5,1,LOWERREG,0.00000000,-0.02507647,1,0
D,FPP,CONSTRAINT_FREQ_MEASURE,1,"2025/05/02 03:25:00","2025/05/02 03:23:04",F_T+LREG_0050,1,LOWERREG,0.00000000,-0.02313365,1,0
D,FPP,CONSTRAINT_FREQ_MEASURE,1,"2025/05/02 03:25:00","2025/05/02 03:23:04",F_T+RREG_0050,1,RAISEREG,0.00000000,-0.02313365,1,0
D,FPP,CONSTRAINT_FREQ_MEASURE,1,"2025/05/02 03:25:00","2025/05/02 03:23:04",F_TASCAP_RREG_0220,1,RAISEREG,0.00000000,-0.02507647,1,0
D,FPP,CONSTRAINT_FREQ_MEASURE,1,"2025/05/02 03:25:00","2025/05/02 03:23:08",F_MAIN++APD_TL_L5,1,LOWERREG,0.00000000,-0.02531287,1,0
D,FPP,CONSTRAINT_FREQ_MEASURE,1,"2025/05/02 03:25:00","2025/05/02 03:23:08",F_T+LREG_0050,1,LOWERREG,0.00000000,-0.02354839,1,0
D,FPP,CONSTRAINT_FREQ_MEASURE,1,"2025/05/02 03:25:00","2025/05/02 03:23:08",F_T+RREG_0050,1,RAISEREG,0.00000000,-0.02354839,1,0
D,FPP,CONSTRAINT_FREQ_MEASURE,1,"2025/05/02 03:25:00","2025/05/02 03:23:08",F_TASCAP_RREG_0220,1,RAISEREG,0.00000000,-0.02531287,1,0
D,FPP,CONSTRAINT_FREQ_MEASURE,1,"2025/05/02 03:25:00","2025/05/02 03:23:12",F_MAIN++APD_TL_L5,1,LOWERREG,0.00000000,-0.02677603,1,0
D,FPP,CONSTRAINT_FREQ_MEASURE,1,"2025/05/02 03:25:00","2025/05/02 03:23:12",F_T+LREG_0050,1,LOWERREG,0.00000000,-0.02320430,1,0
D,FPP,CONSTRAINT_FREQ_MEASURE,1,"2025/05/02 03:25:00","2025/05/02 03:23:12",F_T+RREG_0050,1,RAISEREG,0.00000000,-0.02320430,1,0
D,FPP,CONSTRAINT_FREQ_MEASURE,1,"2025/05/02 03:25:00","2025/05/02 03:23:12",F_TASCAP_RREG_0220,1,RAISEREG,0.00000000,-0.02677603,1,0
D,FPP,CONSTRAINT_FREQ_MEASURE,1,"2025/05/02 03:25:00","2025/05/02 03:23:16",F_MAIN++APD_TL_L5,1,LOWERREG,0.00000000,-0.02690298,1,0
D,FPP,CONSTRAINT_FREQ_MEASURE,1,"2025/05/02 03:25:00","2025/05/02 03:23:16",F_T+LREG_0050,1,LOWERREG,0.00000000,-0.02227001,1,0
D,FPP,CONSTRAINT_FREQ_MEASURE,1,"2025/05/02 03:25:00","2025/05/02 03:23:16",F_T+RREG_0050,1,RAISEREG,0.00000000,-0.02227001,1,0
D,FPP,CONSTRAINT_FREQ_MEASURE,1,"2025/05/02 03:25:00","2025/05/02 03:23:16",F_TASCAP_RREG_0220,1,RAISEREG,0.00000000,-0.02690298,1,0
D,FPP,CONSTRAINT_FREQ_MEASURE,1,"2025/05/02 03:25:00","2025/05/02 03:23:20",F_MAIN++APD_TL_L5,1,LOWERREG,0.00000000,-0.02974907,1,0
D,FPP,CONSTRAINT_FREQ_MEASURE,1,"2025/05/02 03:25:00","2025/05/02 03:23:20",F_T+LREG_0050,1,LOWERREG,0.00000000,-0.02021001,1,0
D,FPP,CONSTRAINT_FREQ_MEASURE,1,"2025/05/02 03:25:00","2025/05/02 03:23:20",F_T+RREG_0050,1,RAISEREG,0.00000000,-0.02021001,1,0
D,FPP,CONSTRAINT_FREQ_MEASURE,1,"2025/05/02 03:25:00","2025/05/02 03:23:20",F_TASCAP_RREG_0220,1,RAISEREG,0.00000000,-0.02974907,1,0
D,FPP,CONSTRAINT_FREQ_MEASURE,1,"2025/05/02 03:25:00","2025/05/02 03:23:24",F_MAIN++APD_TL_L5,1,LOWERREG,0.00000000,-0.03169086,1,0
D,FPP,CONSTRAINT_FREQ_MEASURE,1,"2025/05/02 03:25:00","2025/05/02 03:23:24",F_T+LREG_0050,1,LOWERREG,0.00000000,-0.01616334,1,0
D,FPP,CONSTRAINT_FREQ_MEASURE,1,"2025/05/02 03:25:00","2025/05/02 03:23:24",F_T+RREG_0050,1,RAISEREG,0.00000000,-0.01616334,1,0
D,FPP,CONSTRAINT_FREQ_MEASURE,1,"2025/05/02 03:25:00","2025/05/02 03:23:24",F_TASCAP_RREG_0220,1,RAISEREG,0.00000000,-0.03169086,1,0
D,FPP,CONSTRAINT_FREQ_MEASURE,1,"2025/05/02 03:25:00","2025/05/02 03:23:28",F_MAIN++APD_TL_L5,1,LOWERREG,0.00000000,-0.03131878,1,0
D,FPP,CONSTRAINT_FREQ_MEASURE,1,"2025/05/02 03:25:00","2025/05/02 03:23:28",F_T+LREG_0050,1,LOWERREG,0.00000000,-0.01946038,1,0
D,FPP,CONSTRAINT_FREQ_MEASURE,1,"2025/05/02 03:25:00","2025/05/02 03:23:28",F_T+RREG_0050,1,RAISEREG,0.00000000,-0.01946038,1,0
D,FPP,CONSTRAINT_FREQ_MEASURE,1,"2025/05/02 03:25:00","2025/05/02 03:23:28",F_TASCAP_RREG_0220,1,RAISEREG,0.00000000,-0.03131878,1,0
D,FPP,CONSTRAINT_FREQ_MEASURE,1,"2025/05/02 03:25:00","2025/05/02 03:23:32",F_MAIN++APD_TL_L5,1,LOWERREG,0.00000000,-0.03049174,1,0
D,FPP,CONSTRAINT_FREQ_MEASURE,1,"2025/05/02 03:25:00","2025/05/02 03:23:32",F_T+LREG_0050,1,LOWERREG,0.00000000,-0.03113585,1,0
D,FPP,CONSTRAINT_FREQ_MEASURE,1,"2025/05/02 03:25:00","2025/05/02 03:23:32",F_T+RREG_0050,1,RAISEREG,0.00000000,-0.03113585,1,0
D,FPP,CONSTRAINT_FREQ_MEASURE,1,"2025/05/02 03:25:00","2025/05/02 03:23:32",F_TASCAP_RREG_0220,1,RAISEREG,0.00000000,-0.03049174,1,0
D,FPP,CONSTRAINT_FREQ_MEASURE,1,"2025/05/02 03:25:00","2025/05/02 03:23:36",F_MAIN++APD_TL_L5,1,LOWERREG,0.00000000,-0.02972004,1,0
D,FPP,CONSTRAINT_FREQ_MEASURE,1,"2025/05/02 03:25:00","2025/05/02 03:23:36",F_T+LREG_0050,1,LOWERREG,0.00000000,-0.03421677,1,0
D,FPP,CONSTRAINT_FREQ_MEASURE,1,"2025/05/02 03:25:00","2025/05/02 03:23:36",F_T+RREG_0050,1,RAISEREG,0.00000000,-0.03421677,1,0
D,FPP,CONSTRAINT_FREQ_MEASURE,1,"2025/05/02 03:25:00","2025/05/02 03:23:36",F_TASCAP_RREG_0220,1,RAISEREG,0.00000000,-0.02972004,1,0
D,FPP,CONSTRAINT_FREQ_MEASURE,1,"2025/05/02 03:25:00","2025/05/02 03:23:40",F_MAIN++APD_TL_L5,1,LOWERREG,0.00000000,-0.02967430,1,0
D,FPP,CONSTRAINT_FREQ_MEASURE,1,"2025/05/02 03:25:00","2025/05/02 03:23:40",F_T+LREG_0050,1,LOWERREG,0.00000000,-0.03283527,1,0
D,FPP,CONSTRAINT_FREQ_MEASURE,1,"2025/05/02 03:25:00","2025/05/02 03:23:40",F_T+RREG_0050,1,RAISEREG,0.00000000,-0.03283527,1,0
D,FPP,CONSTRAINT_FREQ_MEASURE,1,"2025/05/02 03:25:00","2025/05/02 03:23:40",F_TASCAP_RREG_0220,1,RAISEREG,0.00000000,-0.02967430,1,0
D,FPP,CONSTRAINT_FREQ_MEASURE,1,"2025/05/02 03:25:00","2025/05/02 03:23:44",F_MAIN++APD_TL_L5,1,LOWERREG,0.00000000,-0.02870398,1,0
D,FPP,CONSTRAINT_FREQ_MEASURE,1,"2025/05/02 03:25:00","2025/05/02 03:23:44",F_T+LREG_0050,1,LOWERREG,0.00000000,-0.02998299,1,0
D,FPP,CONSTRAINT_FREQ_MEASURE,1,"2025/05/02 03:25:00","2025/05/02 03:23:44",F_T+RREG_0050,1,RAISEREG,0.00000000,-0.02998299,1,0
D,FPP,CONSTRAINT_FREQ_MEASURE,1,"2025/05/02 03:25:00","2025/05/02 03:23:44",F_TASCAP_RREG_0220,1,RAISEREG,0.00000000,-0.02870398,1,0
D,FPP,CONSTRAINT_FREQ_MEASURE,1,"2025/05/02 03:25:00","2025/05/02 03:23:48",F_MAIN++APD_TL_L5,1,LOWERREG,0.00000000,-0.02711839,1,0
D,FPP,CONSTRAINT_FREQ_MEASURE,1,"2025/05/02 03:25:00","2025/05/02 03:23:48",F_T+LREG_0050,1,LOWERREG,0.00000000,-0.02287566,1,0
D,FPP,CONSTRAINT_FREQ_MEASURE,1,"2025/05/02 03:25:00","2025/05/02 03:23:48",F_T+RREG_0050,1,RAISEREG,0.00000000,-0.02287566,1,0
D,FPP,CONSTRAINT_FREQ_MEASURE,1,"2025/05/02 03:25:00","2025/05/02 03:23:48",F_TASCAP_RREG_0220,1,RAISEREG,0.00000000,-0.02711839,1,0
D,FPP,CONSTRAINT_FREQ_MEASURE,1,"2025/05/02 03:25:00","2025/05/02 03:23:52",F_MAIN++APD_TL_L5,1,LOWERREG,0.00000000,-0.02628630,1,0
D,FPP,CONSTRAINT_FREQ_MEASURE,1,"2025/05/02 03:25:00","2025/05/02 03:23:52",F_T+LREG_0050,1,LOWERREG,0.00000000,-0.02068107,1,0
D,FPP,CONSTRAINT_FREQ_MEASURE,1,"2025/05/02 03:25:00","2025/05/02 03:23:52",F_T+RREG_0050,1,RAISEREG,0.00000000,-0.02068107,1,0
D,FPP,CONSTRAINT_FREQ_MEASURE,1,"2025/05/02 03:25:00","2025/05/02 03:23:52",F_TASCAP_RREG_0220,1,RAISEREG,0.00000000,-0.02628630,1,0
D,FPP,CONSTRAINT_FREQ_MEASURE,1,"2025/05/02 03:25:00","2025/05/02 03:23:56",F_MAIN++APD_TL_L5,1,LOWERREG,0.00000000,-0.02707233,1,0
D,FPP,CONSTRAINT_FREQ_MEASURE,1,"2025/05/02 03:25:00","2025/05/02 03:23:56",F_T+LREG_0050,1,LOWERREG,0.00000000,-0.02097417,1,0
D,FPP,CONSTRAINT_FREQ_MEASURE,1,"2025/05/02 03:25:00","2025/05/02 03:23:56",F_T+RREG_0050,1,RAISEREG,0.00000000,-0.02097417,1,0
D,FPP,CONSTRAINT_FREQ_MEASURE,1,"2025/05/02 03:25:00","2025/05/02 03:23:56",F_TASCAP_RREG_0220,1,RAISEREG,0.00000000,-0.02707233,1,0
D,FPP,CONSTRAINT_FREQ_MEASURE,1,"2025/05/02 03:25:00","2025/05/02 03:24:00",F_MAIN++APD_TL_L5,1,LOWERREG,0.00000000,-0.02799701,1,0
D,FPP,CONSTRAINT_FREQ_MEASURE,1,"2025/05/02 03:25:00","2025/05/02 03:24:00",F_T+LREG_0050,1,LOWERREG,0.00000000,-0.02409102,1,0
D,FPP,CONSTRAINT_FREQ_MEASURE,1,"2025/05/02 03:25:00","2025/05/02 03:24:00",F_T+RREG_0050,1,RAISEREG,0.00000000,-0.02409102,1,0
D,FPP,CONSTRAINT_FREQ_MEASURE,1,"2025/05/02 03:25:00","2025/05/02 03:24:00",F_TASCAP_RREG_0220,1,RAISEREG,0.00000000,-0.02799701,1,0
D,FPP,CONSTRAINT_FREQ_MEASURE,1,"2025/05/02 03:25:00","2025/05/02 03:24:04",F_MAIN++APD_TL_L5,1,LOWERREG,0.00000000,-0.02776473,1,0
D,FPP,CONSTRAINT_FREQ_MEASURE,1,"2025/05/02 03:25:00","2025/05/02 03:24:04",F_T+LREG_0050,1,LOWERREG,0.00000000,-0.03051524,1,0
D,FPP,CONSTRAINT_FREQ_MEASURE,1,"2025/05/02 03:25:00","2025/05/02 03:24:04",F_T+RREG_0050,1,RAISEREG,0.00000000,-0.03051524,1,0
D,FPP,CONSTRAINT_FREQ_MEASURE,1,"2025/05/02 03:25:00","2025/05/02 03:24:04",F_TASCAP_RREG_0220,1,RAISEREG,0.00000000,-0.02776473,1,0
D,FPP,CONSTRAINT_FREQ_MEASURE,1,"2025/05/02 03:25:00","2025/05/02 03:24:08",F_MAIN++APD_TL_L5,1,LOWERREG,0.00000000,-0.02718357,1,0
D,FPP,CONSTRAINT_FREQ_MEASURE,1,"2025/05/02 03:25:00","2025/05/02 03:24:08",F_T+LREG_0050,1,LOWERREG,0.00000000,-0.03551185,1,0
D,FPP,CONSTRAINT_FREQ_MEASURE,1,"2025/05/02 03:25:00","2025/05/02 03:24:08",F_T+RREG_0050,1,RAISEREG,0.00000000,-0.03551185,1,0
D,FPP,CONSTRAINT_FREQ_MEASURE,1,"2025/05/02 03:25:00","2025/05/02 03:24:08",F_TASCAP_RREG_0220,1,RAISEREG,0.00000000,-0.02718357,1,0
D,FPP,CONSTRAINT_FREQ_MEASURE,1,"2025/05/02 03:25:00","2025/05/02 03:24:12",F_MAIN++APD_TL_L5,1,LOWERREG,0.00000000,-0.02487266,1,0
D,FPP,CONSTRAINT_FREQ_MEASURE,1,"2025/05/02 03:25:00","2025/05/02 03:24:12",F_T+LREG_0050,1,LOWERREG,0.00000000,-0.03562033,1,0
D,FPP,CONSTRAINT_FREQ_MEASURE,1,"2025/05/02 03:25:00","2025/05/02 03:24:12",F_T+RREG_0050,1,RAISEREG,0.00000000,-0.03562033,1,0
D,FPP,CONSTRAINT_FREQ_MEASURE,1,"2025/05/02 03:25:00","2025/05/02 03:24:12",F_TASCAP_RREG_0220,1,RAISEREG,0.00000000,-0.02487266,1,0
D,FPP,CONSTRAINT_FREQ_MEASURE,1,"2025/05/02 03:25:00","2025/05/02 03:24:16",F_MAIN++APD_TL_L5,1,LOWERREG,0.00000000,-0.02377543,1,0
D,FPP,CONSTRAINT_FREQ_MEASURE,1,"2025/05/02 03:25:00","2025/05/02 03:24:16",F_T+LREG_0050,1,LOWERREG,0.00000000,-0.03103803,1,0
D,FPP,CONSTRAINT_FREQ_MEASURE,1,"2025/05/02 03:25:00","2025/05/02 03:24:16",F_T+RREG_0050,1,RAISEREG,0.00000000,-0.03103803,1,0
D,FPP,CONSTRAINT_FREQ_MEASURE,1,"2025/05/02 03:25:00","2025/05/02 03:24:16",F_TASCAP_RREG_0220,1,RAISEREG,0.00000000,-0.02377543,1,0
D,FPP,CONSTRAINT_FREQ_MEASURE,1,"2025/05/02 03:25:00","2025/05/02 03:24:20",F_MAIN++APD_TL_L5,1,LOWERREG,0.00000000,-0.02454010,1,0
D,FPP,CONSTRAINT_FREQ_MEASURE,1,"2025/05/02 03:25:00","2025/05/02 03:24:20",F_T+LREG_0050,1,LOWERREG,0.00000000,-0.02280736,1,0
D,FPP,CONSTRAINT_FREQ_MEASURE,1,"2025/05/02 03:25:00","2025/05/02 03:24:20",F_T+RREG_0050,1,RAISEREG,0.00000000,-0.02280736,1,0
D,FPP,CONSTRAINT_FREQ_MEASURE,1,"2025/05/02 03:25:00","2025/05/02 03:24:20",F_TASCAP_RREG_0220,1,RAISEREG,0.00000000,-0.02454010,1,0
D,FPP,CONSTRAINT_FREQ_MEASURE,1,"2025/05/02 03:25:00","2025/05/02 03:24:24",F_MAIN++APD_TL_L5,1,LOWERREG,0.00000000,-0.02487470,1,0
D,FPP,CONSTRAINT_FREQ_MEASURE,1,"2025/05/02 03:25:00","2025/05/02 03:24:24",F_T+LREG_0050,1,LOWERREG,0.00000000,-0.01907239,1,0
D,FPP,CONSTRAINT_FREQ_MEASURE,1,"2025/05/02 03:25:00","2025/05/02 03:24:24",F_T+RREG_0050,1,RAISEREG,0.00000000,-0.01907239,1,0
D,FPP,CONSTRAINT_FREQ_MEASURE,1,"2025/05/02 03:25:00","2025/05/02 03:24:24",F_TASCAP_RREG_0220,1,RAISEREG,0.00000000,-0.02487470,1,0
D,FPP,CONSTRAINT_FREQ_MEASURE,1,"2025/05/02 03:25:00","2025/05/02 03:24:28",F_MAIN++APD_TL_L5,1,LOWERREG,0.00000000,-0.02450365,1,0
D,FPP,CONSTRAINT_FREQ_MEASURE,1,"2025/05/02 03:25:00","2025/05/02 03:24:28",F_T+LREG_0050,1,LOWERREG,0.00000000,-0.01816741,1,0
D,FPP,CONSTRAINT_FREQ_MEASURE,1,"2025/05/02 03:25:00","2025/05/02 03:24:28",F_T+RREG_0050,1,RAISEREG,0.00000000,-0.01816741,1,0
D,FPP,CONSTRAINT_FREQ_MEASURE,1,"2025/05/02 03:25:00","2025/05/02 03:24:28",F_TASCAP_RREG_0220,1,RAISEREG,0.00000000,-0.02450365,1,0
D,FPP,CONSTRAINT_FREQ_MEASURE,1,"2025/05/02 03:25:00","2025/05/02 03:24:32",F_MAIN++APD_TL_L5,1,LOWERREG,0.00000000,-0.02496288,1,0
D,FPP,CONSTRAINT_FREQ_MEASURE,1,"2025/05/02 03:25:00","2025/05/02 03:24:32",F_T+LREG_0050,1,LOWERREG,0.00000000,-0.01346354,1,0
D,FPP,CONSTRAINT_FREQ_MEASURE,1,"2025/05/02 03:25:00","2025/05/02 03:24:32",F_T+RREG_0050,1,RAISEREG,0.00000000,-0.01346354,1,0
D,FPP,CONSTRAINT_FREQ_MEASURE,1,"2025/05/02 03:25:00","2025/05/02 03:24:32",F_TASCAP_RREG_0220,1,RAISEREG,0.00000000,-0.02496288,1,0
D,FPP,CONSTRAINT_FREQ_MEASURE,1,"2025/05/02 03:25:00","2025/05/02 03:24:36",F_MAIN++APD_TL_L5,1,LOWERREG,0.00000000,-0.02532033,1,0
D,FPP,CONSTRAINT_FREQ_MEASURE,1,"2025/05/02 03:25:00","2025/05/02 03:24:36",F_T+LREG_0050,1,LOWERREG,0.00000000,-0.01136053,1,0
D,FPP,CONSTRAINT_FREQ_MEASURE,1,"2025/05/02 03:25:00","2025/05/02 03:24:36",F_T+RREG_0050,1,RAISEREG,0.00000000,-0.01136053,1,0
D,FPP,CONSTRAINT_FREQ_MEASURE,1,"2025/05/02 03:25:00","2025/05/02 03:24:36",F_TASCAP_RREG_0220,1,RAISEREG,0.00000000,-0.02532033,1,0
D,FPP,CONSTRAINT_FREQ_MEASURE,1,"2025/05/02 03:25:00","2025/05/02 03:24:40",F_MAIN++APD_TL_L5,1,LOWERREG,0.00000000,-0.02574121,1,0
D,FPP,CONSTRAINT_FREQ_MEASURE,1,"2025/05/02 03:25:00","2025/05/02 03:24:40",F_T+LREG_0050,1,LOWERREG,0.00000000,-0.01261375,1,0
D,FPP,CONSTRAINT_FREQ_MEASURE,1,"2025/05/02 03:25:00","2025/05/02 03:24:40",F_T+RREG_0050,1,RAISEREG,0.00000000,-0.01261375,1,0
D,FPP,CONSTRAINT_FREQ_MEASURE,1,"2025/05/02 03:25:00","2025/05/02 03:24:40",F_TASCAP_RREG_0220,1,RAISEREG,0.00000000,-0.02574121,1,0
D,FPP,CONSTRAINT_FREQ_MEASURE,1,"2025/05/02 03:25:00","2025/05/02 03:24:44",F_MAIN++APD_TL_L5,1,LOWERREG,0.00000000,-0.02546016,1,0
D,FPP,CONSTRAINT_FREQ_MEASURE,1,"2025/05/02 03:25:00","2025/05/02 03:24:44",F_T+LREG_0050,1,LOWERREG,0.00000000,-0.01514403,1,0
D,FPP,CONSTRAINT_FREQ_MEASURE,1,"2025/05/02 03:25:00","2025/05/02 03:24:44",F_T+RREG_0050,1,RAISEREG,0.00000000,-0.01514403,1,0
D,FPP,CONSTRAINT_FREQ_MEASURE,1,"2025/05/02 03:25:00","2025/05/02 03:24:44",F_TASCAP_RREG_0220,1,RAISEREG,0.00000000,-0.02546016,1,0
D,FPP,CONSTRAINT_FREQ_MEASURE,1,"2025/05/02 03:25:00","2025/05/02 03:24:48",F_MAIN++APD_TL_L5,1,LOWERREG,0.00000000,-0.02657302,1,0
D,FPP,CONSTRAINT_FREQ_MEASURE,1,"2025/05/02 03:25:00","2025/05/02 03:24:48",F_T+LREG_0050,1,LOWERREG,0.00000000,-0.01866758,1,0
D,FPP,CONSTRAINT_FREQ_MEASURE,1,"2025/05/02 03:25:00","2025/05/02 03:24:48",F_T+RREG_0050,1,RAISEREG,0.00000000,-0.01866758,1,0
D,FPP,CONSTRAINT_FREQ_MEASURE,1,"2025/05/02 03:25:00","2025/05/02 03:24:48",F_TASCAP_RREG_0220,1,RAISEREG,0.00000000,-0.02657302,1,0
D,FPP,CONSTRAINT_FREQ_MEASURE,1,"2025/05/02 03:25:00","2025/05/02 03:24:52",F_MAIN++APD_TL_L5,1,LOWERREG,0.00000000,-0.02772726,1,0
D,FPP,CONSTRAINT_FREQ_MEASURE,1,"2025/05/02 03:25:00","2025/05/02 03:24:52",F_T+LREG_0050,1,LOWERREG,0.00000000,-0.01651923,1,0
D,FPP,CONSTRAINT_FREQ_MEASURE,1,"2025/05/02 03:25:00","2025/05/02 03:24:52",F_T+RREG_0050,1,RAISEREG,0.00000000,-0.01651923,1,0
D,FPP,CONSTRAINT_FREQ_MEASURE,1,"2025/05/02 03:25:00","2025/05/02 03:24:52",F_TASCAP_RREG_0220,1,RAISEREG,0.00000000,-0.02772726,1,0
D,FPP,CONSTRAINT_FREQ_MEASURE,1,"2025/05/02 03:25:00","2025/05/02 03:24:56",F_MAIN++APD_TL_L5,1,LOWERREG,0.00000000,-0.02890311,1,0
D,FPP,CONSTRAINT_FREQ_MEASURE,1,"2025/05/02 03:25:00","2025/05/02 03:24:56",F_T+LREG_0050,1,LOWERREG,0.00000000,-0.00929273,1,0
D,FPP,CONSTRAINT_FREQ_MEASURE,1,"2025/05/02 03:25:00","2025/05/02 03:24:56",F_T+RREG_0050,1,RAISEREG,0.00000000,-0.00929273,1,0
D,FPP,CONSTRAINT_FREQ_MEASURE,1,"2025/05/02 03:25:00","2025/05/02 03:24:56",F_TASCAP_RREG_0220,1,RAISEREG,0.00000000,-0.02890311,1,0
D,FPP,CONSTRAINT_FREQ_MEASURE,1,"2025/05/02 03:25:00","2025/05/02 03:25:00",F_MAIN++APD_TL_L5,1,LOWERREG,0.00000000,-0.02985702,1,0
D,FPP,CONSTRAINT_FREQ_MEASURE,1,"2025/05/02 03:25:00","2025/05/02 03:25:00",F_T+LREG_0050,1,LOWERREG,0.00000000,-0.00144990,1,0
D,FPP,CONSTRAINT_FREQ_MEASURE,1,"2025/05/02 03:25:00","2025/05/02 03:25:00",F_T+RREG_0050,1,RAISEREG,0.00000000,-0.00144990,1,0
D,FPP,CONSTRAINT_FREQ_MEASURE,1,"2025/05/02 03:25:00","2025/05/02 03:25:00",F_TASCAP_RREG_0220,1,RAISEREG,0.00000000,-0.02985702,1,0
I,FPP,FPP_RCR,1,INTERVAL_DATETIME,CONSTRAINTID,VERSIONNO,BIDTYPE,RCR,RCR_REASON_FLAG
D,FPP,FPP_RCR,1,"2025/05/02 03:25:00",F_MAIN++APD_TL_L5,1,LOWERREG,356.80890,0
D,FPP,FPP_RCR,1,"2025/05/02 03:25:00",F_T+LREG_0050,1,LOWERREG,21.73520,0
D,FPP,FPP_RCR,1,"2025/05/02 03:25:00",F_T+RREG_0050,1,RAISEREG,19.72065,0
D,FPP,FPP_RCR,1,"2025/05/02 03:25:00",F_TASCAP_RREG_0220,1,RAISEREG,0.00000,1
I,FPP,FPP_USAGE,1,INTERVAL_DATETIME,CONSTRAINTID,VERSIONNO,BIDTYPE,REGULATION_MW,USED_MW,USAGE,USAGE_REASON_FLAG,USAGE_VALUE
D,FPP,FPP_USAGE,1,"2025/05/02 03:25:00",F_MAIN++APD_TL_L5,1,LOWERREG,302.69172000,118.21083000,0.39053209,0,0.39053209
D,FPP,FPP_USAGE,1,"2025/05/02 03:25:00",F_T+LREG_0050,1,LOWERREG,50.00000000,1.38498000,0.02769960,0,0.02769960
D,FPP,FPP_USAGE,1,"2025/05/02 03:25:00",F_T+RREG_0050,1,RAISEREG,50.00000000,17.26902000,0.34538040,0,0.34538040
D,FPP,FPP_USAGE,1,"2025/05/02 03:25:00",F_TASCAP_RREG_0220,1,RAISEREG,170.00000000,2.38969000,0.00000000,1,0.00000000
I,FPP,REGION_FREQ_MEASURE,1,INTERVAL_DATETIME,MEASUREMENT_DATETIME,REGIONID,VERSIONNO,FREQ_DEVIATION_HZ,HZ_QUALITY_FLAG,FREQ_MEASURE_HZ,FM_ALIGNMENT_FLAG
D,FPP,REGION_FREQ_MEASURE,1,"2025/05/02 03:25:00","2025/05/02 03:20:04",NSW1,1,0.02700000,1,-0.02576394,1
D,FPP,REGION_FREQ_MEASURE,1,"2025/05/02 03:25:00","2025/05/02 03:20:04",QLD1,1,0.02200000,1,-0.02426175,1
D,FPP,REGION_FREQ_MEASURE,1,"2025/05/02 03:25:00","2025/05/02 03:20:04",SA1,1,0.03100000,1,-0.02512101,1
D,FPP,REGION_FREQ_MEASURE,1,"2025/05/02 03:25:00","2025/05/02 03:20:04",TAS1,1,0.00900000,1,-0.02201038,1
D,FPP,REGION_FREQ_MEASURE,1,"2025/05/02 03:25:00","2025/05/02 03:20:04",VIC1,1,0.03200000,1,-0.02451454,1
D,FPP,REGION_FREQ_MEASURE,1,"2025/05/02 03:25:00","2025/05/02 03:20:08",NSW1,1,0.01900000,1,-0.02426084,1
D,FPP,REGION_FREQ_MEASURE,1,"2025/05/02 03:25:00","2025/05/02 03:20:08",QLD1,1,0.02000000,1,-0.02331469,1
D,FPP,REGION_FREQ_MEASURE,1,"2025/05/02 03:25:00","2025/05/02 03:20:08",SA1,1,0.01600000,1,-0.02309412,1
D,FPP,REGION_FREQ_MEASURE,1,"2025/05/02 03:25:00","2025/05/02 03:20:08",TAS1,1,0.01400000,1,-0.02023030,1
D,FPP,REGION_FREQ_MEASURE,1,"2025/05/02 03:25:00","2025/05/02 03:20:08",VIC1,1,0.02200000,1,-0.02395575,1
D,FPP,REGION_FREQ_MEASURE,1,"2025/05/02 03:25:00","2025/05/02 03:20:12",NSW1,1,0.02100000,1,-0.02353621,1
D,FPP,REGION_FREQ_MEASURE,1,"2025/05/02 03:25:00","2025/05/02 03:20:12",QLD1,1,0.01700000,1,-0.02191143,1
D,FPP,REGION_FREQ_MEASURE,1,"2025/05/02 03:25:00","2025/05/02 03:20:12",SA1,1,0.02300000,1,-0.02307320,1
D,FPP,REGION_FREQ_MEASURE,1,"2025/05/02 03:25:00","2025/05/02 03:20:12",TAS1,1,0.01400000,1,-0.01884579,1
D,FPP,REGION_FREQ_MEASURE,1,"2025/05/02 03:25:00","2025/05/02 03:20:12",VIC1,1,0.02700000,1,-0.02463225,1
D,FPP,REGION_FREQ_MEASURE,1,"2025/05/02 03:25:00","2025/05/02 03:20:16",NSW1,1,0.02600000,1,-0.02408372,1
D,FPP,REGION_FREQ_MEASURE,1,"2025/05/02 03:25:00","2025/05/02 03:20:16",QLD1,1,0.02500000,1,-0.02259778,1
D,FPP,REGION_FREQ_MEASURE,1,"2025/05/02 03:25:00","2025/05/02 03:20:16",SA1,1,0.01900000,1,-0.02216804,1
D,FPP,REGION_FREQ_MEASURE,1,"2025/05/02 03:25:00","2025/05/02 03:20:16",TAS1,1,0.00900000,1,-0.01665784,1
D,FPP,REGION_FREQ_MEASURE,1,"2025/05/02 03:25:00","2025/05/02 03:20:16",VIC1,1,0.01700000,1,-0.02293619,1
D,FPP,REGION_FREQ_MEASURE,1,"2025/05/02 03:25:00","2025/05/02 03:20:20",NSW1,1,0.02400000,1,-0.02406512,1
D,FPP,REGION_FREQ_MEASURE,1,"2025/05/02 03:25:00","2025/05/02 03:20:20",QLD1,1,0.02200000,1,-0.02246494,1
D,FPP,REGION_FREQ_MEASURE,1,"2025/05/02 03:25:00","2025/05/02 03:20:20",SA1,1,0.02800000,1,-0.02346403,1
D,FPP,REGION_FREQ_MEASURE,1,"2025/05/02 03:25:00","2025/05/02 03:20:20",TAS1,1,0.02700000,1,-0.01895610,1
D,FPP,REGION_FREQ_MEASURE,1,"2025/05/02 03:25:00","2025/05/02 03:20:20",VIC1,1,0.02100000,1,-0.02250593,1
D,FPP,REGION_FREQ_MEASURE,1,"2025/05/02 03:25:00","2025/05/02 03:20:24",NSW1,1,0.02200000,1,-0.02360620,1
D,FPP,REGION_FREQ_MEASURE,1,"2025/05/02 03:25:00","2025/05/02 03:20:24",QLD1,1,0.02300000,1,-0.02258384,1
D,FPP,REGION_FREQ_MEASURE,1,"2025/05/02 03:25:00","2025/05/02 03:20:24",SA1,1,0.02400000,1,-0.02358313,1
D,FPP,REGION_FREQ_MEASURE,1,"2025/05/02 03:25:00","2025/05/02 03:20:24",TAS1,1,0.04300000,1,-0.02429919,1
D,FPP,REGION_FREQ_MEASURE,1,"2025/05/02 03:25:00","2025/05/02 03:20:24",VIC1,1,0.02600000,1,-0.02328239,1
D,FPP,REGION_FREQ_MEASURE,1,"2025/05/02 03:25:00","2025/05/02 03:20:28",NSW1,1,0.01600000,1,-0.02191593,1
D,FPP,REGION_FREQ_MEASURE,1,"2025/05/02 03:25:00","2025/05/02 03:20:28",QLD1,1,0.01600000,1,-0.02112076,1
D,FPP,REGION_FREQ_MEASURE,1,"2025/05/02 03:25:00","2025/05/02 03:20:28",SA1,1,0.02400000,1,-0.02367577,1
D,FPP,REGION_FREQ_MEASURE,1,"2025/05/02 03:25:00","2025/05/02 03:20:28",TAS1,1,0.02700000,1,-0.02489937,1
D,FPP,REGION_FREQ_MEASURE,1,"2025/05/02 03:25:00","2025/05/02 03:20:28",VIC1,1,0.02400000,1,-0.02344186,1
D,FPP,REGION_FREQ_MEASURE,1,"2025/05/02 03:25:00","2025/05/02 03:20:32",NSW1,1,0.01800000,1,-0.02104572,1
D,FPP,REGION_FREQ_MEASURE,1,"2025/05/02 03:25:00","2025/05/02 03:20:32",QLD1,1,0.01600000,1,-0.01998281,1
D,FPP,REGION_FREQ_MEASURE,1,"2025/05/02 03:25:00","2025/05/02 03:20:32",SA1,1,0.02100000,1,-0.02308115,1
D,FPP,REGION_FREQ_MEASURE,1,"2025/05/02 03:25:00","2025/05/02 03:20:32",TAS1,1,0.00600000,1,-0.02069951,1
D,FPP,REGION_FREQ_MEASURE,1,"2025/05/02 03:25:00","2025/05/02 03:20:32",VIC1,1,0.02100000,1,-0.02289922,1
D,FPP,REGION_FREQ_MEASURE,1,"2025/05/02 03:25:00","2025/05/02 03:20:36",NSW1,1,0.02200000,1,-0.02125778,1
D,FPP,REGION_FREQ_MEASURE,1,"2025/05/02 03:25:00","2025/05/02 03:20:36",QLD1,1,0.02300000,1,-0.02065330,1
D,FPP,REGION_FREQ_MEASURE,1,"2025/05/02 03:25:00","2025/05/02 03:20:36",SA1,1,0.01300000,1,-0.02084089,1
D,FPP,REGION_FREQ_MEASURE,1,"2025/05/02 03:25:00","2025/05/02 03:20:36",TAS1,1,0.01000000,1,-0.01832184,1
D,FPP,REGION_FREQ_MEASURE,1,"2025/05/02 03:25:00","2025/05/02 03:20:36",VIC1,1,0.01400000,1,-0.02092162,1
D,FPP,REGION_FREQ_MEASURE,1,"2025/05/02 03:25:00","2025/05/02 03:20:40",NSW1,1,0.02600000,1,-0.02231161,1
D,FPP,REGION_FREQ_MEASURE,1,"2025/05/02 03:25:00","2025/05/02 03:20:40",QLD1,1,0.02800000,1,-0.02228590,1
D,FPP,REGION_FREQ_MEASURE,1,"2025/05/02 03:25:00","2025/05/02 03:20:40",SA1,1,0.01900000,1,-0.02043180,1
D,FPP,REGION_FREQ_MEASURE,1,"2025/05/02 03:25:00","2025/05/02 03:20:40",TAS1,1,0.02800000,1,-0.02047254,1
D,FPP,REGION_FREQ_MEASURE,1,"2025/05/02 03:25:00","2025/05/02 03:20:40",VIC1,1,0.01700000,1,-0.02005015,1
D,FPP,REGION_FREQ_MEASURE,1,"2025/05/02 03:25:00","2025/05/02 03:20:44",NSW1,1,0.00800000,1,-0.01913125,1
D,FPP,REGION_FREQ_MEASURE,1,"2025/05/02 03:25:00","2025/05/02 03:20:44",QLD1,1,0.00800000,1,-0.01911126,1
D,FPP,REGION_FREQ_MEASURE,1,"2025/05/02 03:25:00","2025/05/02 03:20:44",SA1,1,0.02300000,1,-0.02100251,1
D,FPP,REGION_FREQ_MEASURE,1,"2025/05/02 03:25:00","2025/05/02 03:20:44",TAS1,1,0.03600000,1,-0.02392309,1
D,FPP,REGION_FREQ_MEASURE,1,"2025/05/02 03:25:00","2025/05/02 03:20:44",VIC1,1,0.02300000,1,-0.02070567,1
D,FPP,REGION_FREQ_MEASURE,1,"2025/05/02 03:25:00","2025/05/02 03:20:48",NSW1,1,0.02400000,1,-0.02021319,1
D,FPP,REGION_FREQ_MEASURE,1,"2025/05/02 03:25:00","2025/05/02 03:20:48",QLD1,1,0.02100000,1,-0.01953098,1
D,FPP,REGION_FREQ_MEASURE,1,"2025/05/02 03:25:00","2025/05/02 03:20:48",SA1,1,0.01700000,1,-0.02011306,1
D,FPP,REGION_FREQ_MEASURE,1,"2025/05/02 03:25:00","2025/05/02 03:20:48",TAS1,1,0.03800000,1,-0.02705129,1
D,FPP,REGION_FREQ_MEASURE,1,"2025/05/02 03:25:00","2025/05/02 03:20:48",VIC1,1,0.02600000,1,-0.02188219,1
D,FPP,REGION_FREQ_MEASURE,1,"2025/05/02 03:25:00","2025/05/02 03:20:52",NSW1,1,0.01900000,1,-0.01994359,1
D,FPP,REGION_FREQ_MEASURE,1,"2025/05/02 03:25:00","2025/05/02 03:20:52",QLD1,1,0.02300000,1,-0.02030187,1
D,FPP,REGION_FREQ_MEASURE,1,"2025/05/02 03:25:00","2025/05/02 03:20:52",SA1,1,0.01300000,1,-0.01853238,1
D,FPP,REGION_FREQ_MEASURE,1,"2025/05/02 03:25:00","2025/05/02 03:20:52",TAS1,1,0.01200000,1,-0.02370656,1
D,FPP,REGION_FREQ_MEASURE,1,"2025/05/02 03:25:00","2025/05/02 03:20:52",VIC1,1,0.00800000,1,-0.01879726,1
D,FPP,REGION_FREQ_MEASURE,1,"2025/05/02 03:25:00","2025/05/02 03:20:56",NSW1,1,0.02000000,1,-0.01995613,1
D,FPP,REGION_FREQ_MEASURE,1,"2025/05/02 03:25:00","2025/05/02 03:20:56",QLD1,1,0.01700000,1,-0.01956812,1
D,FPP,REGION_FREQ_MEASURE,1,"2025/05/02 03:25:00","2025/05/02 03:20:56",SA1,1,0.01900000,1,-0.01863630,1
D,FPP,REGION_FREQ_MEASURE,1,"2025/05/02 03:25:00","2025/05/02 03:20:56",TAS1,1,-0.01800000,1,-0.01443844,0
D,FPP,REGION_FREQ_MEASURE,1,"2025/05/02 03:25:00","2025/05/02 03:20:56",VIC1,1,0.02300000,1,-0.01973120,1
D,FPP,REGION_FREQ_MEASURE,1,"2025/05/02 03:25:00","2025/05/02 03:21:00",NSW1,1,0.01900000,1,-0.01974366,1
D,FPP,REGION_FREQ_MEASURE,1,"2025/05/02 03:25:00","2025/05/02 03:21:00",QLD1,1,0.02100000,1,-0.01988632,1
D,FPP,REGION_FREQ_MEASURE,1,"2025/05/02 03:25:00","2025/05/02 03:21:00",SA1,1,0.01900000,1,-0.01871712,1
D,FPP,REGION_FREQ_MEASURE,1,"2025/05/02 03:25:00","2025/05/02 03:21:00",TAS1,1,-0.03600000,1,-0.00322990,0
D,FPP,REGION_FREQ_MEASURE,1,"2025/05/02 03:25:00","2025/05/02 03:21:00",VIC1,1,0.01800000,1,-0.01934649,1
D,FPP,REGION_FREQ_MEASURE,1,"2025/05/02 03:25:00","2025/05/02 03:21:04",NSW1,1,0.02100000,1,-0.02002285,1
D,FPP,REGION_FREQ_MEASURE,1,"2025/05/02 03:25:00","2025/05/02 03:21:04",QLD1,1,0.02300000,1,-0.02057825,1
D,FPP,REGION_FREQ_MEASURE,1,"2025/05/02 03:25:00","2025/05/02 03:21:04",SA1,1,0.01700000,1,-0.01833554,1
D,FPP,REGION_FREQ_MEASURE,1,"2025/05/02 03:25:00","2025/05/02 03:21:04",TAS1,1,-0.04600000,1,0.00771008,1
D,FPP,REGION_FREQ_MEASURE,1,"2025/05/02 03:25:00","2025/05/02 03:21:04",VIC1,1,0.01800000,1,-0.01904727,1
D,FPP,REGION_FREQ_MEASURE,1,"2025/05/02 03:25:00","2025/05/02 03:21:08",NSW1,1,0.01600000,1,-0.01912888,1
D,FPP,REGION_FREQ_MEASURE,1,"2025/05/02 03:25:00","2025/05/02 03:21:08",QLD1,1,0.01500000,1,-0.01933864,1
D,FPP,REGION_FREQ_MEASURE,1,"2025/05/02 03:25:00","2025/05/02 03:21:08",SA1,1,0.02100000,1,-0.01892764,1
D,FPP,REGION_FREQ_MEASURE,1,"2025/05/02 03:25:00","2025/05/02 03:21:08",TAS1,1,-0.05100000,1,0.01733006,1
D,FPP,REGION_FREQ_MEASURE,1,"2025/05/02 03:25:00","2025/05/02 03:21:08",VIC1,1,0.02000000,1,-0.01925899,1
D,FPP,REGION_FREQ_MEASURE,1,"2025/05/02 03:25:00","2025/05/02 03:21:12",NSW1,1,0.02600000,1,-0.02065580,1
D,FPP,REGION_FREQ_MEASURE,1,"2025/05/02 03:25:00","2025/05/02 03:21:12",QLD1,1,0.02200000,1,-0.01993005,1
D,FPP,REGION_FREQ_MEASURE,1,"2025/05/02 03:25:00","2025/05/02 03:21:12",SA1,1,0.01600000,1,-0.01827705,1
D,FPP,REGION_FREQ_MEASURE,1,"2025/05/02 03:25:00","2025/05/02 03:21:12",TAS1,1,-0.04200000,1,0.02281227,1
D,FPP,REGION_FREQ_MEASURE,1,"2025/05/02 03:25:00","2025/05/02 03:21:12",VIC1,1,0.02000000,1,-0.01942366,1
D,FPP,REGION_FREQ_MEASURE,1,"2025/05/02 03:25:00","2025/05/02 03:21:16",NSW1,1,0.01600000,1,-0.01962118,1
D,FPP,REGION_FREQ_MEASURE,1,"2025/05/02 03:25:00","2025/05/02 03:21:16",QLD1,1,0.01900000,1,-0.01972337,1
D,FPP,REGION_FREQ_MEASURE,1,"2025/05/02 03:25:00","2025/05/02 03:21:16",SA1,1,0.01200000,1,-0.01688215,1
D,FPP,REGION_FREQ_MEASURE,1,"2025/05/02 03:25:00","2025/05/02 03:21:16",TAS1,1,-0.02600000,1,0.02352065,1
D,FPP,REGION_FREQ_MEASURE,1,"2025/05/02 03:25:00","2025/05/02 03:21:16",VIC1,1,0.01600000,1,-0.01866285,1
D,FPP,REGION_FREQ_MEASURE,1,"2025/05/02 03:25:00","2025/05/02 03:21:20",NSW1,1,0.02000000,1,-0.01970536,1
D,FPP,REGION_FREQ_MEASURE,1,"2025/05/02 03:25:00","2025/05/02 03:21:20",QLD1,1,0.01500000,1,-0.01867373,1
D,FPP,REGION_FREQ_MEASURE,1,"2025/05/02 03:25:00","2025/05/02 03:21:20",SA1,1,0.02100000,1,-0.01779723,1
D,FPP,REGION_FREQ_MEASURE,1,"2025/05/02 03:25:00","2025/05/02 03:21:20",TAS1,1,-0.01200000,1,0.02096051,1
D,FPP,REGION_FREQ_MEASURE,1,"2025/05/02 03:25:00","2025/05/02 03:21:20",VIC1,1,0.02500000,1,-0.02007111,1
D,FPP,REGION_FREQ_MEASURE,1,"2025/05/02 03:25:00","2025/05/02 03:21:24",NSW1,1,0.01800000,1,-0.01932639,1
D,FPP,REGION_FREQ_MEASURE,1,"2025/05/02 03:25:00","2025/05/02 03:21:24",QLD1,1,0.01900000,1,-0.01874623,1
D,FPP,REGION_FREQ_MEASURE,1,"2025/05/02 03:25:00","2025/05/02 03:21:24",SA1,1,0.01000000,1,-0.01606451,1
D,FPP,REGION_FREQ_MEASURE,1,"2025/05/02 03:25:00","2025/05/02 03:21:24",TAS1,1,-0.01200000,1,0.01896929,1
D,FPP,REGION_FREQ_MEASURE,1,"2025/05/02 03:25:00","2025/05/02 03:21:24",VIC1,1,0.01400000,1,-0.01872197,1
D,FPP,REGION_FREQ_MEASURE,1,"2025/05/02 03:25:00","2025/05/02 03:21:28",NSW1,1,0.01300000,1,-0.01792053,1
D,FPP,REGION_FREQ_MEASURE,1,"2025/05/02 03:25:00","2025/05/02 03:21:28",QLD1,1,0.01600000,1,-0.01813596,1
D,FPP,REGION_FREQ_MEASURE,1,"2025/05/02 03:25:00","2025/05/02 03:21:28",SA1,1,0.01900000,1,-0.01671684,1
D,FPP,REGION_FREQ_MEASURE,1,"2025/05/02 03:25:00","2025/05/02 03:21:28",TAS1,1,0.01200000,1,0.01208723,1
D,FPP,REGION_FREQ_MEASURE,1,"2025/05/02 03:25:00","2025/05/02 03:21:28",VIC1,1,0.01900000,1,-0.01878375,1
D,FPP,REGION_FREQ_MEASURE,1,"2025/05/02 03:25:00","2025/05/02 03:21:32",NSW1,1,0.03100000,1,-0.02082708,1
D,FPP,REGION_FREQ_MEASURE,1,"2025/05/02 03:25:00","2025/05/02 03:21:32",QLD1,1,0.02000000,1,-0.01855019,1
D,FPP,REGION_FREQ_MEASURE,1,"2025/05/02 03:25:00","2025/05/02 03:21:32",SA1,1,0.01900000,1,-0.01722421,1
D,FPP,REGION_FREQ_MEASURE,1,"2025/05/02 03:25:00","2025/05/02 03:21:32",TAS1,1,0.03400000,1,0.00184562,0
D,FPP,REGION_FREQ_MEASURE,1,"2025/05/02 03:25:00","2025/05/02 03:21:32",VIC1,1,0.01900000,1,-0.01883181,1
D,FPP,REGION_FREQ_MEASURE,1,"2025/05/02 03:25:00","2025/05/02 03:21:36",NSW1,1,0.02300000,1,-0.02130995,1
D,FPP,REGION_FREQ_MEASURE,1,"2025/05/02 03:25:00","2025/05/02 03:21:36",QLD1,1,0.02600000,1,-0.02020570,1
D,FPP,REGION_FREQ_MEASURE,1,"2025/05/02 03:25:00","2025/05/02 03:21:36",SA1,1,0.00800000,1,-0.01517439,1
D,FPP,REGION_FREQ_MEASURE,1,"2025/05/02 03:25:00","2025/05/02 03:21:36",TAS1,1,0.02900000,1,-0.00500896,1
D,FPP,REGION_FREQ_MEASURE,1,"2025/05/02 03:25:00","2025/05/02 03:21:36",VIC1,1,0.01300000,1,-0.01753585,1
D,FPP,REGION_FREQ_MEASURE,1,"2025/05/02 03:25:00","2025/05/02 03:21:40",NSW1,1,0.02200000,1,-0.02146329,1
D,FPP,REGION_FREQ_MEASURE,1,"2025/05/02 03:25:00","2025/05/02 03:21:40",QLD1,1,0.02300000,1,-0.02082666,1
D,FPP,REGION_FREQ_MEASURE,1,"2025/05/02 03:25:00","2025/05/02 03:21:40",SA1,1,0.03300000,1,-0.01913564,1
D,FPP,REGION_FREQ_MEASURE,1,"2025/05/02 03:25:00","2025/05/02 03:21:40",TAS1,1,0.01300000,1,-0.00678475,1
D,FPP,REGION_FREQ_MEASURE,1,"2025/05/02 03:25:00","2025/05/02 03:21:40",VIC1,1,0.02900000,1,-0.02008344,1
D,FPP,REGION_FREQ_MEASURE,1,"2025/05/02 03:25:00","2025/05/02 03:21:44",NSW1,1,0.02200000,1,-0.02158256,1
D,FPP,REGION_FREQ_MEASURE,1,"2025/05/02 03:25:00","2025/05/02 03:21:44",QLD1,1,0.02200000,1,-0.02108740,1
D,FPP,REGION_FREQ_MEASURE,1,"2025/05/02 03:25:00","2025/05/02 03:21:44",SA1,1,0.01900000,1,-0.01910550,1
D,FPP,REGION_FREQ_MEASURE,1,"2025/05/02 03:25:00","2025/05/02 03:21:44",TAS1,1,0.00000000,1,-0.00527703,1
D,FPP,REGION_FREQ_MEASURE,1,"2025/05/02 03:25:00","2025/05/02 03:21:44",VIC1,1,0.02300000,1,-0.02073156,1
D,FPP,REGION_FREQ_MEASURE,1,"2025/05/02 03:25:00","2025/05/02 03:21:48",NSW1,1,0.02000000,1,-0.02123088,1
D,FPP,REGION_FREQ_MEASURE,1,"2025/05/02 03:25:00","2025/05/02 03:21:48",QLD1,1,0.02100000,1,-0.02106798,1
D,FPP,REGION_FREQ_MEASURE,1,"2025/05/02 03:25:00","2025/05/02 03:21:48",SA1,1,0.01700000,1,-0.01863761,1
D,FPP,REGION_FREQ_MEASURE,1,"2025/05/02 03:25:00","2025/05/02 03:21:48",TAS1,1,0.00800000,1,-0.00588213,1
D,FPP,REGION_FREQ_MEASURE,1,"2025/05/02 03:25:00","2025/05/02 03:21:48",VIC1,1,0.01900000,1,-0.02034677,1
D,FPP,REGION_FREQ_MEASURE,1,"2025/05/02 03:25:00","2025/05/02 03:21:52",NSW1,1,0.02400000,1,-0.02184624,1
D,FPP,REGION_FREQ_MEASURE,1,"2025/05/02 03:25:00","2025/05/02 03:21:52",QLD1,1,0.02300000,1,-0.02149732,1
D,FPP,REGION_FREQ_MEASURE,1,"2025/05/02 03:25:00","2025/05/02 03:21:52",SA1,1,0.02100000,1,-0.01916259,1
D,FPP,REGION_FREQ_MEASURE,1,"2025/05/02 03:25:00","2025/05/02 03:21:52",TAS1,1,0.01300000,1,-0.00746388,1
D,FPP,REGION_FREQ_MEASURE,1,"2025/05/02 03:25:00","2025/05/02 03:21:52",VIC1,1,0.02200000,1,-0.02071415,1
D,FPP,REGION_FREQ_MEASURE,1,"2025/05/02 03:25:00","2025/05/02 03:21:56",NSW1,1,0.02700000,1,-0.02299152,1
D,FPP,REGION_FREQ_MEASURE,1,"2025/05/02 03:25:00","2025/05/02 03:21:56",QLD1,1,0.02600000,1,-0.02249792,1
D,FPP,REGION_FREQ_MEASURE,1,"2025/05/02 03:25:00","2025/05/02 03:21:56",SA1,1,0.02100000,1,-0.01957090,1
D,FPP,REGION_FREQ_MEASURE,1,"2025/05/02 03:25:00","2025/05/02 03:21:56",TAS1,1,0.01900000,1,-0.01002746,1
D,FPP,REGION_FREQ_MEASURE,1,"2025/05/02 03:25:00","2025/05/02 03:21:56",VIC1,1,0.02200000,1,-0.02099989,1
D,FPP,REGION_FREQ_MEASURE,1,"2025/05/02 03:25:00","2025/05/02 03:22:00",NSW1,1,0.02900000,1,-0.02432674,1
D,FPP,REGION_FREQ_MEASURE,1,"2025/05/02 03:25:00","2025/05/02 03:22:00",QLD1,1,0.02900000,1,-0.02394283,1
D,FPP,REGION_FREQ_MEASURE,1,"2025/05/02 03:25:00","2025/05/02 03:22:00",SA1,1,0.02800000,1,-0.02144403,1
D,FPP,REGION_FREQ_MEASURE,1,"2025/05/02 03:25:00","2025/05/02 03:22:00",TAS1,1,0.02400000,1,-0.01313247,1
D,FPP,REGION_FREQ_MEASURE,1,"2025/05/02 03:25:00","2025/05/02 03:22:00",VIC1,1,0.02700000,1,-0.02233325,1
D,FPP,REGION_FREQ_MEASURE,1,"2025/05/02 03:25:00","2025/05/02 03:22:04",NSW1,1,0.01700000,1,-0.02269858,1
D,FPP,REGION_FREQ_MEASURE,1,"2025/05/02 03:25:00","2025/05/02 03:22:04",QLD1,1,0.02100000,1,-0.02328887,1
D,FPP,REGION_FREQ_MEASURE,1,"2025/05/02 03:25:00","2025/05/02 03:22:04",SA1,1,0.02600000,1,-0.02245647,1
D,FPP,REGION_FREQ_MEASURE,1,"2025/05/02 03:25:00","2025/05/02 03:22:04",TAS1,1,0.03900000,1,-0.01888081,1
D,FPP,REGION_FREQ_MEASURE,1,"2025/05/02 03:25:00","2025/05/02 03:22:04",VIC1,1,0.02500000,1,-0.02292586,1
D,FPP,REGION_FREQ_MEASURE,1,"2025/05/02 03:25:00","2025/05/02 03:22:08",NSW1,1,0.02500000,1,-0.02321001,1
D,FPP,REGION_FREQ_MEASURE,1,"2025/05/02 03:25:00","2025/05/02 03:22:08",QLD1,1,0.02200000,1,-0.02300245,1
D,FPP,REGION_FREQ_MEASURE,1,"2025/05/02 03:25:00","2025/05/02 03:22:08",SA1,1,0.02400000,1,-0.02279948,1
D,FPP,REGION_FREQ_MEASURE,1,"2025/05/02 03:25:00","2025/05/02 03:22:08",TAS1,1,0.04300000,1,-0.02424063,1
D,FPP,REGION_FREQ_MEASURE,1,"2025/05/02 03:25:00","2025/05/02 03:22:08",VIC1,1,0.02900000,1,-0.02427567,1
D,FPP,REGION_FREQ_MEASURE,1,"2025/05/02 03:25:00","2025/05/02 03:22:12",NSW1,1,0.02600000,1,-0.02383001,1
D,FPP,REGION_FREQ_MEASURE,1,"2025/05/02 03:25:00","2025/05/02 03:22:12",QLD1,1,0.02900000,1,-0.02433524,1
D,FPP,REGION_FREQ_MEASURE,1,"2025/05/02 03:25:00","2025/05/02 03:22:12",SA1,1,0.01800000,1,-0.02173293,1
D,FPP,REGION_FREQ_MEASURE,1,"2025/05/02 03:25:00","2025/05/02 03:22:12",TAS1,1,0.02400000,1,-0.02418716,1
D,FPP,REGION_FREQ_MEASURE,1,"2025/05/02 03:25:00","2025/05/02 03:22:12",VIC1,1,0.01700000,1,-0.02265885,1
D,FPP,REGION_FREQ_MEASURE,1,"2025/05/02 03:25:00","2025/05/02 03:22:16",NSW1,1,0.03000000,1,-0.02520112,1
D,FPP,REGION_FREQ_MEASURE,1,"2025/05/02 03:25:00","2025/05/02 03:22:16",QLD1,1,0.03000000,1,-0.02559408,1
D,FPP,REGION_FREQ_MEASURE,1,"2025/05/02 03:25:00","2025/05/02 03:22:16",SA1,1,0.03100000,1,-0.02379228,1
D,FPP,REGION_FREQ_MEASURE,1,"2025/05/02 03:25:00","2025/05/02 03:22:16",TAS1,1,0.00400000,1,-0.01970112,1
D,FPP,REGION_FREQ_MEASURE,1,"2025/05/02 03:25:00","2025/05/02 03:22:16",VIC1,1,0.02700000,1,-0.02362355,1
D,FPP,REGION_FREQ_MEASURE,1,"2025/05/02 03:25:00","2025/05/02 03:22:20",NSW1,1,0.02700000,1,-0.02560087,1
D,FPP,REGION_FREQ_MEASURE,1,"2025/05/02 03:25:00","2025/05/02 03:22:20",QLD1,1,0.02900000,1,-0.02635095,1
D,FPP,REGION_FREQ_MEASURE,1,"2025/05/02 03:25:00","2025/05/02 03:22:20",SA1,1,0.02700000,1,-0.02450511,1
D,FPP,REGION_FREQ_MEASURE,1,"2025/05/02 03:25:00","2025/05/02 03:22:20",TAS1,1,0.03100000,1,-0.02221198,1
D,FPP,REGION_FREQ_MEASURE,1,"2025/05/02 03:25:00","2025/05/02 03:22:20",VIC1,1,0.02700000,1,-0.02437387,1
D,FPP,REGION_FREQ_MEASURE,1,"2025/05/02 03:25:00","2025/05/02 03:22:24",NSW1,1,0.02400000,1,-0.02524512,1
D,FPP,REGION_FREQ_MEASURE,1,"2025/05/02 03:25:00","2025/05/02 03:22:24",QLD1,1,0.02200000,1,-0.02538407,1
D,FPP,REGION_FREQ_MEASURE,1,"2025/05/02 03:25:00","2025/05/02 03:22:24",SA1,1,0.03000000,1,-0.02572620,1
D,FPP,REGION_FREQ_MEASURE,1,"2025/05/02 03:25:00","2025/05/02 03:22:24",TAS1,1,0.06300000,1,-0.03127598,1
D,FPP,REGION_FREQ_MEASURE,1,"2025/05/02 03:25:00","2025/05/02 03:22:24",VIC1,1,0.03100000,1,-0.02584634,1
D,FPP,REGION_FREQ_MEASURE,1,"2025/05/02 03:25:00","2025/05/02 03:22:28",NSW1,1,0.02400000,1,-0.02496843,1
D,FPP,REGION_FREQ_MEASURE,1,"2025/05/02 03:25:00","2025/05/02 03:22:28",QLD1,1,0.02400000,1,-0.02507650,1
D,FPP,REGION_FREQ_MEASURE,1,"2025/05/02 03:25:00","2025/05/02 03:22:28",SA1,1,0.03000000,1,-0.02667593,1
D,FPP,REGION_FREQ_MEASURE,1,"2025/05/02 03:25:00","2025/05/02 03:22:28",TAS1,1,0.03300000,1,-0.03165910,1
D,FPP,REGION_FREQ_MEASURE,1,"2025/05/02 03:25:00","2025/05/02 03:22:28",VIC1,1,0.02600000,1,-0.02588049,1
D,FPP,REGION_FREQ_MEASURE,1,"2025/05/02 03:25:00","2025/05/02 03:22:32",NSW1,1,0.02100000,1,-0.02408656,1
D,FPP,REGION_FREQ_MEASURE,1,"2025/05/02 03:25:00","2025/05/02 03:22:32",QLD1,1,0.02000000,1,-0.02394839,1
D,FPP,REGION_FREQ_MEASURE,1,"2025/05/02 03:25:00","2025/05/02 03:22:32",SA1,1,0.02400000,1,-0.02608128,1
D,FPP,REGION_FREQ_MEASURE,1,"2025/05/02 03:25:00","2025/05/02 03:22:32",TAS1,1,-0.00500000,1,-0.02351263,1
D,FPP,REGION_FREQ_MEASURE,1,"2025/05/02 03:25:00","2025/05/02 03:22:32",VIC1,1,0.02300000,1,-0.02524038,1
D,FPP,REGION_FREQ_MEASURE,1,"2025/05/02 03:25:00","2025/05/02 03:22:36",NSW1,1,0.02600000,1,-0.02451177,1
D,FPP,REGION_FREQ_MEASURE,1,"2025/05/02 03:25:00","2025/05/02 03:22:36",QLD1,1,0.02900000,1,-0.02507097,1
D,FPP,REGION_FREQ_MEASURE,1,"2025/05/02 03:25:00","2025/05/02 03:22:36",SA1,1,0.02000000,1,-0.02472988,1
D,FPP,REGION_FREQ_MEASURE,1,"2025/05/02 03:25:00","2025/05/02 03:22:36",TAS1,1,-0.00500000,1,-0.01717649,1
D,FPP,REGION_FREQ_MEASURE,1,"2025/05/02 03:25:00","2025/05/02 03:22:36",VIC1,1,0.02100000,1,-0.02429807,1
D,FPP,REGION_FREQ_MEASURE,1,"2025/05/02 03:25:00","2025/05/02 03:22:40",NSW1,1,0.01900000,1,-0.02328693,1
D,FPP,REGION_FREQ_MEASURE,1,"2025/05/02 03:25:00","2025/05/02 03:22:40",QLD1,1,0.01900000,1,-0.02372187,1
D,FPP,REGION_FREQ_MEASURE,1,"2025/05/02 03:25:00","2025/05/02 03:22:40",SA1,1,0.02500000,1,-0.02478991,1
D,FPP,REGION_FREQ_MEASURE,1,"2025/05/02 03:25:00","2025/05/02 03:22:40",TAS1,1,0.00800000,1,-0.01513727,1
D,FPP,REGION_FREQ_MEASURE,1,"2025/05/02 03:25:00","2025/05/02 03:22:40",VIC1,1,0.02300000,1,-0.02400961,1
D,FPP,REGION_FREQ_MEASURE,1,"2025/05/02 03:25:00","2025/05/02 03:22:44",NSW1,1,0.01500000,1,-0.02144539,1
D,FPP,REGION_FREQ_MEASURE,1,"2025/05/02 03:25:00","2025/05/02 03:22:44",QLD1,1,0.01100000,1,-0.02089479,1
D,FPP,REGION_FREQ_MEASURE,1,"2025/05/02 03:25:00","2025/05/02 03:22:44",SA1,1,0.02300000,1,-0.02439215,1
D,FPP,REGION_FREQ_MEASURE,1,"2025/05/02 03:25:00","2025/05/02 03:22:44",TAS1,1,0.01700000,1,-0.01555121,1
D,FPP,REGION_FREQ_MEASURE,1,"2025/05/02 03:25:00","2025/05/02 03:22:44",VIC1,1,0.02500000,1,-0.02422970,1
D,FPP,REGION_FREQ_MEASURE,1,"2025/05/02 03:25:00","2025/05/02 03:22:48",NSW1,1,0.02000000,1,-0.02112419,1
D,FPP,REGION_FREQ_MEASURE,1,"2025/05/02 03:25:00","2025/05/02 03:22:48",QLD1,1,0.01400000,1,-0.01936261,1
D,FPP,REGION_FREQ_MEASURE,1,"2025/05/02 03:25:00","2025/05/02 03:22:48",SA1,1,0.01700000,1,-0.02274945,1
D,FPP,REGION_FREQ_MEASURE,1,"2025/05/02 03:25:00","2025/05/02 03:22:48",TAS1,1,0.03400000,1,-0.01965094,1
D,FPP,REGION_FREQ_MEASURE,1,"2025/05/02 03:25:00","2025/05/02 03:22:48",VIC1,1,0.01700000,1,-0.02262310,1
D,FPP,REGION_FREQ_MEASURE,1,"2025/05/02 03:25:00","2025/05/02 03:22:52",NSW1,1,0.03200000,1,-0.02354104,1
D,FPP,REGION_FREQ_MEASURE,1,"2025/05/02 03:25:00","2025/05/02 03:22:52",QLD1,1,0.03100000,1,-0.02194870,1
D,FPP,REGION_FREQ_MEASURE,1,"2025/05/02 03:25:00","2025/05/02 03:22:52",SA1,1,0.01700000,1,-0.02147179,1
D,FPP,REGION_FREQ_MEASURE,1,"2025/05/02 03:25:00","2025/05/02 03:22:52",TAS1,1,0.02700000,1,-0.02128406,1
D,FPP,REGION_FREQ_MEASURE,1,"2025/05/02 03:25:00","2025/05/02 03:22:52",VIC1,1,0.01700000,1,-0.02137352,1
D,FPP,REGION_FREQ_MEASURE,1,"2025/05/02 03:25:00","2025/05/02 03:22:56",NSW1,1,0.03000000,1,-0.02497636,1
D,FPP,REGION_FREQ_MEASURE,1,"2025/05/02 03:25:00","2025/05/02 03:22:56",QLD1,1,0.03200000,1,-0.02418232,1
D,FPP,REGION_FREQ_MEASURE,1,"2025/05/02 03:25:00","2025/05/02 03:22:56",SA1,1,0.02800000,1,-0.02292250,1
D,FPP,REGION_FREQ_MEASURE,1,"2025/05/02 03:25:00","2025/05/02 03:22:56",TAS1,1,0.02100000,1,-0.02122094,1
D,FPP,REGION_FREQ_MEASURE,1,"2025/05/02 03:25:00","2025/05/02 03:22:56",VIC1,1,0.02600000,1,-0.02240163,1
D,FPP,REGION_FREQ_MEASURE,1,"2025/05/02 03:25:00","2025/05/02 03:23:00",NSW1,1,0.01900000,1,-0.02364828,1
D,FPP,REGION_FREQ_MEASURE,1,"2025/05/02 03:25:00","2025/05/02 03:23:00",QLD1,1,0.01800000,1,-0.02280847,1
D,FPP,REGION_FREQ_MEASURE,1,"2025/05/02 03:25:00","2025/05/02 03:23:00",SA1,1,0.03400000,1,-0.02538417,1
D,FPP,REGION_FREQ_MEASURE,1,"2025/05/02 03:25:00","2025/05/02 03:23:00",TAS1,1,0.02100000,1,-0.02117184,1
D,FPP,REGION_FREQ_MEASURE,1,"2025/05/02 03:25:00","2025/05/02 03:23:00",VIC1,1,0.03500000,1,-0.02520127,1
D,FPP,REGION_FREQ_MEASURE,1,"2025/05/02 03:25:00","2025/05/02 03:23:04",NSW1,1,0.03400000,1,-0.02594866,1
D,FPP,REGION_FREQ_MEASURE,1,"2025/05/02 03:25:00","2025/05/02 03:23:04",QLD1,1,0.02900000,1,-0.02418437,1
D,FPP,REGION_FREQ_MEASURE,1,"2025/05/02 03:25:00","2025/05/02 03:23:04",SA1,1,0.02300000,1,-0.02485435,1
D,FPP,REGION_FREQ_MEASURE,1,"2025/05/02 03:25:00","2025/05/02 03:23:04",TAS1,1,0.03000000,1,-0.02313365,1
D,FPP,REGION_FREQ_MEASURE,1,"2025/05/02 03:25:00","2025/05/02 03:23:04",VIC1,1,0.02400000,1,-0.02493432,1
D,FPP,REGION_FREQ_MEASURE,1,"2025/05/02 03:25:00","2025/05/02 03:23:08",NSW1,1,0.02700000,1,-0.02618229,1
D,FPP,REGION_FREQ_MEASURE,1,"2025/05/02 03:25:00","2025/05/02 03:23:08",QLD1,1,0.03300000,1,-0.02614340,1
D,FPP,REGION_FREQ_MEASURE,1,"2025/05/02 03:25:00","2025/05/02 03:23:08",SA1,1,0.02000000,1,-0.02377561,1
D,FPP,REGION_FREQ_MEASURE,1,"2025/05/02 03:25:00","2025/05/02 03:23:08",TAS1,1,0.02500000,1,-0.02354839,1
D,FPP,REGION_FREQ_MEASURE,1,"2025/05/02 03:25:00","2025/05/02 03:23:08",VIC1,1,0.01800000,1,-0.02339336,1
D,FPP,REGION_FREQ_MEASURE,1,"2025/05/02 03:25:00","2025/05/02 03:23:12",NSW1,1,0.03300000,1,-0.02769734,1
D,FPP,REGION_FREQ_MEASURE,1,"2025/05/02 03:25:00","2025/05/02 03:23:12",QLD1,1,0.02300000,1,-0.02544487,1
D,FPP,REGION_FREQ_MEASURE,1,"2025/05/02 03:25:00","2025/05/02 03:23:12",SA1,1,0.04000000,1,-0.02738103,1
D,FPP,REGION_FREQ_MEASURE,1,"2025/05/02 03:25:00","2025/05/02 03:23:12",TAS1,1,0.02200000,1,-0.02320430,1
D,FPP,REGION_FREQ_MEASURE,1,"2025/05/02 03:25:00","2025/05/02 03:23:12",VIC1,1,0.03900000,1,-0.02686150,1
D,FPP,REGION_FREQ_MEASURE,1,"2025/05/02 03:25:00","2025/05/02 03:23:16",NSW1,1,0.03100000,1,-0.02843126,1
D,FPP,REGION_FREQ_MEASURE,1,"2025/05/02 03:25:00","2025/05/02 03:23:16",QLD1,1,0.03200000,1,-0.02690157,1
D,FPP,REGION_FREQ_MEASURE,1,"2025/05/02 03:25:00","2025/05/02 03:23:16",SA1,1,0.01700000,1,-0.02507413,1
D,FPP,REGION_FREQ_MEASURE,1,"2025/05/02 03:25:00","2025/05/02 03:23:16",TAS1,1,0.01900000,1,-0.02227001,1
D,FPP,REGION_FREQ_MEASURE,1,"2025/05/02 03:25:00","2025/05/02 03:23:16",VIC1,1,0.01900000,1,-0.02511450,1
D,FPP,REGION_FREQ_MEASURE,1,"2025/05/02 03:25:00","2025/05/02 03:23:20",NSW1,1,0.04200000,1,-0.03144654,1
D,FPP,REGION_FREQ_MEASURE,1,"2025/05/02 03:25:00","2025/05/02 03:23:20",QLD1,1,0.03900000,1,-0.02959011,1
D,FPP,REGION_FREQ_MEASURE,1,"2025/05/02 03:25:00","2025/05/02 03:23:20",SA1,1,0.04000000,1,-0.02839099,1
D,FPP,REGION_FREQ_MEASURE,1,"2025/05/02 03:25:00","2025/05/02 03:23:20",TAS1,1,0.01300000,1,-0.02021001,1
D,FPP,REGION_FREQ_MEASURE,1,"2025/05/02 03:25:00","2025/05/02 03:23:20",VIC1,1,0.03700000,1,-0.02775572,1
D,FPP,REGION_FREQ_MEASURE,1,"2025/05/02 03:25:00","2025/05/02 03:23:24",NSW1,1,0.04200000,1,-0.03379175,1
D,FPP,REGION_FREQ_MEASURE,1,"2025/05/02 03:25:00","2025/05/02 03:23:24",QLD1,1,0.04400000,1,-0.03279231,1
D,FPP,REGION_FREQ_MEASURE,1,"2025/05/02 03:25:00","2025/05/02 03:23:24",SA1,1,0.02900000,1,-0.02852633,1
D,FPP,REGION_FREQ_MEASURE,1,"2025/05/02 03:25:00","2025/05/02 03:23:24",TAS1,1,0.00200000,1,-0.01616334,1
D,FPP,REGION_FREQ_MEASURE,1,"2025/05/02 03:25:00","2025/05/02 03:23:24",VIC1,1,0.02900000,1,-0.02803223,1
D,FPP,REGION_FREQ_MEASURE,1,"2025/05/02 03:25:00","2025/05/02 03:23:28",NSW1,1,0.02300000,1,-0.03139358,1
D,FPP,REGION_FREQ_MEASURE,1,"2025/05/02 03:25:00","2025/05/02 03:23:28",QLD1,1,0.02800000,1,-0.03172735,1
D,FPP,REGION_FREQ_MEASURE,1,"2025/05/02 03:25:00","2025/05/02 03:23:28",SA1,1,0.04100000,1,-0.03129826,1
D,FPP,REGION_FREQ_MEASURE,1,"2025/05/02 03:25:00","2025/05/02 03:23:28",TAS1,1,0.03100000,1,-0.01946038,1
D,FPP,REGION_FREQ_MEASURE,1,"2025/05/02 03:25:00","2025/05/02 03:23:28",VIC1,1,0.04000000,1,-0.03069173,1
D,FPP,REGION_FREQ_MEASURE,1,"2025/05/02 03:25:00","2025/05/02 03:23:32",NSW1,1,0.02300000,1,-0.02952834,1
D,FPP,REGION_FREQ_MEASURE,1,"2025/05/02 03:25:00","2025/05/02 03:23:32",QLD1,1,0.02500000,1,-0.03023238,1
D,FPP,REGION_FREQ_MEASURE,1,"2025/05/02 03:25:00","2025/05/02 03:23:32",SA1,1,0.03400000,1,-0.03189865,1
D,FPP,REGION_FREQ_MEASURE,1,"2025/05/02 03:25:00","2025/05/02 03:23:32",TAS1,1,0.07200000,1,-0.03113585,1
D,FPP,REGION_FREQ_MEASURE,1,"2025/05/02 03:25:00","2025/05/02 03:23:32",VIC1,1,0.03600000,1,-0.03187135,1
D,FPP,REGION_FREQ_MEASURE,1,"2025/05/02 03:25:00","2025/05/02 03:23:36",NSW1,1,0.02800000,1,-0.02918871,1
D,FPP,REGION_FREQ_MEASURE,1,"2025/05/02 03:25:00","2025/05/02 03:23:36",QLD1,1,0.03100000,1,-0.03040296,1
D,FPP,REGION_FREQ_MEASURE,1,"2025/05/02 03:25:00","2025/05/02 03:23:36",SA1,1,0.02200000,1,-0.02969895,1
D,FPP,REGION_FREQ_MEASURE,1,"2025/05/02 03:25:00","2025/05/02 03:23:36",TAS1,1,0.04500000,1,-0.03421677,1
D,FPP,REGION_FREQ_MEASURE,1,"2025/05/02 03:25:00","2025/05/02 03:23:36",VIC1,1,0.02200000,1,-0.02967772,1
D,FPP,REGION_FREQ_MEASURE,1,"2025/05/02 03:25:00","2025/05/02 03:23:40",NSW1,1,0.03100000,1,-0.02959122,1
D,FPP,REGION_FREQ_MEASURE,1,"2025/05/02 03:25:00","2025/05/02 03:23:40",QLD1,1,0.02800000,1,-0.02986897,1
D,FPP,REGION_FREQ_MEASURE,1,"2025/05/02 03:25:00","2025/05/02 03:23:40",SA1,1,0.03000000,1,-0.02976585,1
D,FPP,REGION_FREQ_MEASURE,1,"2025/05/02 03:25:00","2025/05/02 03:23:40",TAS1,1,0.02800000,1,-0.03283527,1
D,FPP,REGION_FREQ_MEASURE,1,"2025/05/02 03:25:00","2025/05/02 03:23:40",VIC1,1,0.02900000,1,-0.02952712,1
D,FPP,REGION_FREQ_MEASURE,1,"2025/05/02 03:25:00","2025/05/02 03:23:44",NSW1,1,0.02200000,1,-0.02790428,1
D,FPP,REGION_FREQ_MEASURE,1,"2025/05/02 03:25:00","2025/05/02 03:23:44",QLD1,1,0.02600000,1,-0.02900920,1
D,FPP,REGION_FREQ_MEASURE,1,"2025/05/02 03:25:00","2025/05/02 03:23:44",SA1,1,0.02700000,1,-0.02915122,1
D,FPP,REGION_FREQ_MEASURE,1,"2025/05/02 03:25:00","2025/05/02 03:23:44",TAS1,1,0.02000000,1,-0.02998299,1
D,FPP,REGION_FREQ_MEASURE,1,"2025/05/02 03:25:00","2025/05/02 03:23:44",VIC1,1,0.02900000,1,-0.02940998,1
D,FPP,REGION_FREQ_MEASURE,1,"2025/05/02 03:25:00","2025/05/02 03:23:48",NSW1,1,0.01800000,1,-0.02570333,1
D,FPP,REGION_FREQ_MEASURE,1,"2025/05/02 03:25:00","2025/05/02 03:23:48",QLD1,1,0.01800000,1,-0.02656271,1
D,FPP,REGION_FREQ_MEASURE,1,"2025/05/02 03:25:00","2025/05/02 03:23:48",SA1,1,0.03000000,1,-0.02933984,1
D,FPP,REGION_FREQ_MEASURE,1,"2025/05/02 03:25:00","2025/05/02 03:23:48",TAS1,1,-0.00200000,1,-0.02287566,1
D,FPP,REGION_FREQ_MEASURE,1,"2025/05/02 03:25:00","2025/05/02 03:23:48",VIC1,1,0.02900000,1,-0.02931887,1
D,FPP,REGION_FREQ_MEASURE,1,"2025/05/02 03:25:00","2025/05/02 03:23:52",NSW1,1,0.02400000,1,-0.02532481,1
D,FPP,REGION_FREQ_MEASURE,1,"2025/05/02 03:25:00","2025/05/02 03:23:52",QLD1,1,0.02300000,1,-0.02577100,1
D,FPP,REGION_FREQ_MEASURE,1,"2025/05/02 03:25:00","2025/05/02 03:23:52",SA1,1,0.02300000,1,-0.02793099,1
D,FPP,REGION_FREQ_MEASURE,1,"2025/05/02 03:25:00","2025/05/02 03:23:52",TAS1,1,0.01300000,1,-0.02068107,1
D,FPP,REGION_FREQ_MEASURE,1,"2025/05/02 03:25:00","2025/05/02 03:23:52",VIC1,1,0.02300000,1,-0.02791468,1
D,FPP,REGION_FREQ_MEASURE,1,"2025/05/02 03:25:00","2025/05/02 03:23:56",NSW1,1,0.03300000,1,-0.02703041,1
D,FPP,REGION_FREQ_MEASURE,1,"2025/05/02 03:25:00","2025/05/02 03:23:56",QLD1,1,0.03300000,1,-0.02737744,1
D,FPP,REGION_FREQ_MEASURE,1,"2025/05/02 03:25:00","2025/05/02 03:23:56",SA1,1,0.02300000,1,-0.02683521,1
D,FPP,REGION_FREQ_MEASURE,1,"2025/05/02 03:25:00","2025/05/02 03:23:56",TAS1,1,0.02200000,1,-0.02097417,1
D,FPP,REGION_FREQ_MEASURE,1,"2025/05/02 03:25:00","2025/05/02 03:23:56",VIC1,1,0.02300000,1,-0.02682253,1
D,FPP,REGION_FREQ_MEASURE,1,"2025/05/02 03:25:00","2025/05/02 03:24:00",NSW1,1,0.03000000,1,-0.02769032,1
D,FPP,REGION_FREQ_MEASURE,1,"2025/05/02 03:25:00","2025/05/02 03:24:00",QLD1,1,0.03400000,1,-0.02884912,1
D,FPP,REGION_FREQ_MEASURE,1,"2025/05/02 03:25:00","2025/05/02 03:24:00",SA1,1,0.03000000,1,-0.02753850,1
D,FPP,REGION_FREQ_MEASURE,1,"2025/05/02 03:25:00","2025/05/02 03:24:00",TAS1,1,0.03500000,1,-0.02409102,1
D,FPP,REGION_FREQ_MEASURE,1,"2025/05/02 03:25:00","2025/05/02 03:24:00",VIC1,1,0.03000000,1,-0.02752863,1
D,FPP,REGION_FREQ_MEASURE,1,"2025/05/02 03:25:00","2025/05/02 03:24:04",NSW1,1,0.02300000,1,-0.02664803,1
D,FPP,REGION_FREQ_MEASURE,1,"2025/05/02 03:25:00","2025/05/02 03:24:04",QLD1,1,0.02400000,1,-0.02777154,1
D,FPP,REGION_FREQ_MEASURE,1,"2025/05/02 03:25:00","2025/05/02 03:24:04",SA1,1,0.03600000,1,-0.02941883,1
D,FPP,REGION_FREQ_MEASURE,1,"2025/05/02 03:25:00","2025/05/02 03:24:04",TAS1,1,0.05300000,1,-0.03051524,1
D,FPP,REGION_FREQ_MEASURE,1,"2025/05/02 03:25:00","2025/05/02 03:24:04",VIC1,1,0.03400000,1,-0.02896671,1
D,FPP,REGION_FREQ_MEASURE,1,"2025/05/02 03:25:00","2025/05/02 03:24:08",NSW1,1,0.02600000,1,-0.02650402,1
D,FPP,REGION_FREQ_MEASURE,1,"2025/05/02 03:25:00","2025/05/02 03:24:08",QLD1,1,0.02300000,1,-0.02671120,1
D,FPP,REGION_FREQ_MEASURE,1,"2025/05/02 03:25:00","2025/05/02 03:24:08",SA1,1,0.02700000,1,-0.02888131,1
D,FPP,REGION_FREQ_MEASURE,1,"2025/05/02 03:25:00","2025/05/02 03:24:08",TAS1,1,0.05300000,1,-0.03551185,1
D,FPP,REGION_FREQ_MEASURE,1,"2025/05/02 03:25:00","2025/05/02 03:24:08",VIC1,1,0.02600000,1,-0.02830744,1
D,FPP,REGION_FREQ_MEASURE,1,"2025/05/02 03:25:00","2025/05/02 03:24:12",NSW1,1,0.01600000,1,-0.02416979,1
D,FPP,REGION_FREQ_MEASURE,1,"2025/05/02 03:25:00","2025/05/02 03:24:12",QLD1,1,0.01600000,1,-0.02433093,1
D,FPP,REGION_FREQ_MEASURE,1,"2025/05/02 03:25:00","2025/05/02 03:24:12",SA1,1,0.02000000,1,-0.02690769,1
D,FPP,REGION_FREQ_MEASURE,1,"2025/05/02 03:25:00","2025/05/02 03:24:12",TAS1,1,0.03600000,1,-0.03562033,1
D,FPP,REGION_FREQ_MEASURE,1,"2025/05/02 03:25:00","2025/05/02 03:24:12",VIC1,1,0.01800000,1,-0.02601690,1
D,FPP,REGION_FREQ_MEASURE,1,"2025/05/02 03:25:00","2025/05/02 03:24:16",NSW1,1,0.02100000,1,-0.02346539,1
D,FPP,REGION_FREQ_MEASURE,1,"2025/05/02 03:25:00","2025/05/02 03:24:16",QLD1,1,0.01700000,1,-0.02270183,1
D,FPP,REGION_FREQ_MEASURE,1,"2025/05/02 03:25:00","2025/05/02 03:24:16",SA1,1,0.02000000,1,-0.02537265,1
D,FPP,REGION_FREQ_MEASURE,1,"2025/05/02 03:25:00","2025/05/02 03:24:16",TAS1,1,0.01500000,1,-0.03103803,1
D,FPP,REGION_FREQ_MEASURE,1,"2025/05/02 03:25:00","2025/05/02 03:24:16",VIC1,1,0.02200000,1,-0.02512426,1
D,FPP,REGION_FREQ_MEASURE,1,"2025/05/02 03:25:00","2025/05/02 03:24:20",NSW1,1,0.03200000,1,-0.02536197,1
D,FPP,REGION_FREQ_MEASURE,1,"2025/05/02 03:25:00","2025/05/02 03:24:20",QLD1,1,0.03400000,1,-0.02521253,1
D,FPP,REGION_FREQ_MEASURE,1,"2025/05/02 03:25:00","2025/05/02 03:24:20",SA1,1,0.01500000,1,-0.02306762,1
D,FPP,REGION_FREQ_MEASURE,1,"2025/05/02 03:25:00","2025/05/02 03:24:20",TAS1,1,-0.00600000,1,-0.02280736,1
D,FPP,REGION_FREQ_MEASURE,1,"2025/05/02 03:25:00","2025/05/02 03:24:20",VIC1,1,0.01500000,1,-0.02287442,1
D,FPP,REGION_FREQ_MEASURE,1,"2025/05/02 03:25:00","2025/05/02 03:24:24",NSW1,1,0.02400000,1,-0.02505931,1
D,FPP,REGION_FREQ_MEASURE,1,"2025/05/02 03:25:00","2025/05/02 03:24:24",QLD1,1,0.02500000,1,-0.02516530,1
D,FPP,REGION_FREQ_MEASURE,1,"2025/05/02 03:25:00","2025/05/02 03:24:24",SA1,1,0.03100000,1,-0.02483037,1
D,FPP,REGION_FREQ_MEASURE,1,"2025/05/02 03:25:00","2025/05/02 03:24:24",TAS1,1,0.00600000,1,-0.01907239,1
D,FPP,REGION_FREQ_MEASURE,1,"2025/05/02 03:25:00","2025/05/02 03:24:24",VIC1,1,0.02900000,1,-0.02423566,1
D,FPP,REGION_FREQ_MEASURE,1,"2025/05/02 03:25:00","2025/05/02 03:24:28",NSW1,1,0.02100000,1,-0.02415724,1
D,FPP,REGION_FREQ_MEASURE,1,"2025/05/02 03:25:00","2025/05/02 03:24:28",QLD1,1,0.02300000,1,-0.02468412,1
D,FPP,REGION_FREQ_MEASURE,1,"2025/05/02 03:25:00","2025/05/02 03:24:28",SA1,1,0.02600000,1,-0.02509029,1
D,FPP,REGION_FREQ_MEASURE,1,"2025/05/02 03:25:00","2025/05/02 03:24:28",TAS1,1,0.01500000,1,-0.01816741,1
D,FPP,REGION_FREQ_MEASURE,1,"2025/05/02 03:25:00","2025/05/02 03:24:28",VIC1,1,0.02600000,1,-0.02462774,1
D,FPP,REGION_FREQ_MEASURE,1,"2025/05/02 03:25:00","2025/05/02 03:24:32",NSW1,1,0.02800000,1,-0.02501119,1
D,FPP,REGION_FREQ_MEASURE,1,"2025/05/02 03:25:00","2025/05/02 03:24:32",QLD1,1,0.02700000,1,-0.02519876,1
D,FPP,REGION_FREQ_MEASURE,1,"2025/05/02 03:25:00","2025/05/02 03:24:32",SA1,1,0.02600000,1,-0.02529245,1
D,FPP,REGION_FREQ_MEASURE,1,"2025/05/02 03:25:00","2025/05/02 03:24:32",TAS1,1,-0.00300000,1,-0.01346354,1
D,FPP,REGION_FREQ_MEASURE,1,"2025/05/02 03:25:00","2025/05/02 03:24:32",VIC1,1,0.02400000,1,-0.02448824,1
D,FPP,REGION_FREQ_MEASURE,1,"2025/05/02 03:25:00","2025/05/02 03:24:36",NSW1,1,0.03100000,1,-0.02634204,1
D,FPP,REGION_FREQ_MEASURE,1,"2025/05/02 03:25:00","2025/05/02 03:24:36",QLD1,1,0.02900000,1,-0.02604348,1
D,FPP,REGION_FREQ_MEASURE,1,"2025/05/02 03:25:00","2025/05/02 03:24:36",SA1,1,0.01900000,1,-0.02389413,1
D,FPP,REGION_FREQ_MEASURE,1,"2025/05/02 03:25:00","2025/05/02 03:24:36",TAS1,1,0.00400000,1,-0.01136053,1
D,FPP,REGION_FREQ_MEASURE,1,"2025/05/02 03:25:00","2025/05/02 03:24:36",VIC1,1,0.01900000,1,-0.02326863,1
D,FPP,REGION_FREQ_MEASURE,1,"2025/05/02 03:25:00","2025/05/02 03:24:40",NSW1,1,0.02500000,1,-0.02604381,1
D,FPP,REGION_FREQ_MEASURE,1,"2025/05/02 03:25:00","2025/05/02 03:24:40",QLD1,1,0.02600000,1,-0.02603382,1
D,FPP,REGION_FREQ_MEASURE,1,"2025/05/02 03:25:00","2025/05/02 03:24:40",SA1,1,0.03100000,1,-0.02547321,1
D,FPP,REGION_FREQ_MEASURE,1,"2025/05/02 03:25:00","2025/05/02 03:24:40",TAS1,1,0.01700000,1,-0.01261375,1
D,FPP,REGION_FREQ_MEASURE,1,"2025/05/02 03:25:00","2025/05/02 03:24:40",VIC1,1,0.03100000,1,-0.02498671,1
D,FPP,REGION_FREQ_MEASURE,1,"2025/05/02 03:25:00","2025/05/02 03:24:44",NSW1,1,0.02300000,1,-0.02536741,1
D,FPP,REGION_FREQ_MEASURE,1,"2025/05/02 03:25:00","2025/05/02 03:24:44",QLD1,1,0.02700000,1,-0.02624853,1
D,FPP,REGION_FREQ_MEASURE,1,"2025/05/02 03:25:00","2025/05/02 03:24:44",SA1,1,0.02300000,1,-0.02492361,1
D,FPP,REGION_FREQ_MEASURE,1,"2025/05/02 03:25:00","2025/05/02 03:24:44",TAS1,1,0.02400000,1,-0.01514403,1
D,FPP,REGION_FREQ_MEASURE,1,"2025/05/02 03:25:00","2025/05/02 03:24:44",VIC1,1,0.02400000,1,-0.02476744,1
D,FPP,REGION_FREQ_MEASURE,1,"2025/05/02 03:25:00","2025/05/02 03:24:48",NSW1,1,0.03300000,1,-0.02706354,1
D,FPP,REGION_FREQ_MEASURE,1,"2025/05/02 03:25:00","2025/05/02 03:24:48",QLD1,1,0.03200000,1,-0.02752663,1
D,FPP,REGION_FREQ_MEASURE,1,"2025/05/02 03:25:00","2025/05/02 03:24:48",SA1,1,0.02600000,1,-0.02516281,1
D,FPP,REGION_FREQ_MEASURE,1,"2025/05/02 03:25:00","2025/05/02 03:24:48",TAS1,1,0.03100000,1,-0.01866758,1
D,FPP,REGION_FREQ_MEASURE,1,"2025/05/02 03:25:00","2025/05/02 03:24:48",VIC1,1,0.02600000,1,-0.02504134,1
D,FPP,REGION_FREQ_MEASURE,1,"2025/05/02 03:25:00","2025/05/02 03:24:52",NSW1,1,0.03400000,1,-0.02860498,1
D,FPP,REGION_FREQ_MEASURE,1,"2025/05/02 03:25:00","2025/05/02 03:24:52",QLD1,1,0.03500000,1,-0.02918738,1
D,FPP,REGION_FREQ_MEASURE,1,"2025/05/02 03:25:00","2025/05/02 03:24:52",SA1,1,0.02600000,1,-0.02534885,1
D,FPP,REGION_FREQ_MEASURE,1,"2025/05/02 03:25:00","2025/05/02 03:24:52",TAS1,1,0.00900000,1,-0.01651923,1
D,FPP,REGION_FREQ_MEASURE,1,"2025/05/02 03:25:00","2025/05/02 03:24:52",VIC1,1,0.02600000,1,-0.02525438,1
D,FPP,REGION_FREQ_MEASURE,1,"2025/05/02 03:25:00","2025/05/02 03:24:56",NSW1,1,0.03300000,1,-0.02958165,1
D,FPP,REGION_FREQ_MEASURE,1,"2025/05/02 03:25:00","2025/05/02 03:24:56",QLD1,1,0.03100000,1,-0.02959018,1
D,FPP,REGION_FREQ_MEASURE,1,"2025/05/02 03:25:00","2025/05/02 03:24:56",SA1,1,0.03500000,1,-0.02749355,1
D,FPP,REGION_FREQ_MEASURE,1,"2025/05/02 03:25:00","2025/05/02 03:24:56",TAS1,1,-0.01600000,1,-0.00929273,0
D,FPP,REGION_FREQ_MEASURE,1,"2025/05/02 03:25:00","2025/05/02 03:24:56",VIC1,1,0.03500000,1,-0.02742007,1
D,FPP,REGION_FREQ_MEASURE,1,"2025/05/02 03:25:00","2025/05/02 03:25:00",NSW1,1,0.03100000,1,-0.02989684,1
D,FPP,REGION_FREQ_MEASURE,1,"2025/05/02 03:25:00","2025/05/02 03:25:00",QLD1,1,0.03400000,1,-0.03057014,1
D,FPP,REGION_FREQ_MEASURE,1,"2025/05/02 03:25:00","2025/05/02 03:25:00",SA1,1,0.03500000,1,-0.02916165,1
D,FPP,REGION_FREQ_MEASURE,1,"2025/05/02 03:25:00","2025/05/02 03:25:00",TAS1,1,-0.02600000,1,-0.00144990,0
D,FPP,REGION_FREQ_MEASURE,1,"2025/05/02 03:25:00","2025/05/02 03:25:00",VIC1,1,0.03500000,1,-0.02910450,1
I,FPP,RESIDUAL_CF,1,INTERVAL_DATETIME,CONSTRAINTID,VERSIONNO,BIDTYPE,RESIDUAL_CF,NEGATIVE_RESIDUAL_CF,RESIDUAL_DCF,RESIDUAL_CF_REASON_FLAG,CF_ABS_POSITIVE_PERF_TOTAL,CF_ABS_NEGATIVE_PERF_TOTAL,NCF_ABS_NEGATIVE_PERF_TOTAL
D,FPP,RESIDUAL_CF,1,"2025/05/02 03:25:00",F_MAIN++APD_TL_L5,1,LOWERREG,-0.62054659,-0.62054659,-0.28196824,0,448.67396,441.18990,441.18990
D,FPP,RESIDUAL_CF,1,"2025/05/02 03:25:00",F_T+LREG_0050,1,LOWERREG,0.82173776,0.00000000,-0.22422379,0,20.78494,24.20456,24.20456
D,FPP,RESIDUAL_CF,1,"2025/05/02 03:25:00",F_T+RREG_0050,1,RAISEREG,-0.81634801,-0.81634801,-0.32144596,0,2.36005,1.76731,1.76731
D,FPP,RESIDUAL_CF,1,"2025/05/02 03:25:00",F_TASCAP_RREG_0220,1,RAISEREG,0.00000000,0.00000000,-0.24320973,8,0.00000,0.00000,0.00000
I,FPP,RESIDUAL_PERFORMANCE,1,INTERVAL_DATETIME,REGIONID,VERSIONNO,RAISE_PERFORMANCE,RAISE_REASON_FLAG,LOWER_PERFORMANCE,LOWER_REASON_FLAG
D,FPP,RESIDUAL_PERFORMANCE,1,"2025/05/02 03:25:00",NSW1,1,,8,-115.45355,0
D,FPP,RESIDUAL_PERFORMANCE,1,"2025/05/02 03:25:00",QLD1,1,,8,-52.20882,0
D,FPP,RESIDUAL_PERFORMANCE,1,"2025/05/02 03:25:00",SA1,1,,8,-6.74397,0
D,FPP,RESIDUAL_PERFORMANCE,1,"2025/05/02 03:25:00",TAS1,1,-1.44274,0,17.07977,0
D,FPP,RESIDUAL_PERFORMANCE,1,"2025/05/02 03:25:00",VIC1,1,,8,-99.37255,0
I,FPP,FPP_RUN,1,INTERVAL_DATETIME,VERSIONNO,FPPRUN_DATETIME,RUN_STATUS,AUTHORISED_DATETIME
D,FPP,FPP_RUN,1,"2025/05/02 03:25:00",1,"2025/05/02 03:25:00",Completed,"2025/05/02 03:28:51"
C,"END OF REPORT",702
