C,SETP.WORLD,FPP_PUBLIC_RATES,AEMO,PUBLIC,2025/05/02,23:43:31,0000000461645016,FPP,0000000461645015
I,FPP,EST_PERF_COST_RATE,1,INTERVAL_DATETIME,CONSTRAINTID,VERSIONNO,BIDTYPE,RELEVANT_REGIONS,FPP_PAYMENT_RATE,FPP_RECOVERY_RATE,USED_FCAS_RATE,UNUSED_FCAS_RATE
D,FPP,EST_PERF_COST_RATE,1,"2025/05/02 23:40:00",F_MAIN++LREG_0210,1,LOWERREG,"NSW1,QLD1,SA1,VIC1",0.35449218,0.31540312,0.12357765,0.06932405
D,FPP,EST_PERF_COST_RATE,1,"2025/05/02 23:40:00",F_T+LREG_0050,1,LOWERREG,TAS1,0.27722846,1.77764488,1.53519748,0.24491688
D,FPP,EST_PERF_COST_RATE,1,"2025/05/02 23:40:00",F_T+RREG_0050,1,RAISEREG,TAS1,26.51604100,2.69427174,0.04781447,1.18769327
D,FPP,EST_PERF_COST_RATE,1,"2025/05/02 23:40:00",F_TASCAP_RREG_0220,1,RAISEREG,"NSW1,QLD1,SA1,VIC1",0.00000000,0.00000000,0.00000000,0.03231802
I,FPP,EST_RESIDUAL_COST_RATE,1,INTERVAL_DATETIME,CONSTRAINTID,VERSIONNO,BIDTYPE,RELEVANT_REGIONS,FPP,USED_FCAS,UNUSED_FCAS
D,FPP,EST_RESIDUAL_COST_RATE,1,"2025/05/02 23:40:00",F_MAIN++LREG_0210,1,LOWERREG,"NSW1,QLD1,SA1,VIC1",-0.01669790,-0.00654238,-0.00305529
D,FPP,EST_RESIDUAL_COST_RATE,1,"2025/05/02 23:40:00",F_T+LREG_0050,1,LOWERREG,TAS1,0.01379601,0.00000000,-0.01271476
D,FPP,EST_RESIDUAL_COST_RATE,1,"2025/05/02 23:40:00",F_T+RREG_0050,1,RAISEREG,TAS1,-0.03991866,-0.00070843,-0.07503026
D,FPP,EST_RESIDUAL_COST_RATE,1,"2025/05/02 23:40:00",F_TASCAP_RREG_0220,1,RAISEREG,"NSW1,QLD1,SA1,VIC1",0.00000000,0.00000000,-0.00155799
I,FPP,FCAS_SUMMARY,1,RUN_DATETIME,RUNNO,INTERVAL_DATETIME,CONSTRAINTID,VERSIONNO,BIDTYPE,RELEVANT_REGIONS,REGULATION_MW,CONSTRAINT_MARGINAL_VALUE,P_REGULATION,BASE_COST,TSFCAS,TOTAL_FPP,RCR,USAGE,USAGE_VALUE
D,FPP,FCAS_SUMMARY,1,"2025/05/02 23:40:00",1,"2025/05/02 23:40:00",F_MAIN++LREG_0210,1,LOWERREG,"NSW1,QLD1,SA1,VIC1",169.21175000,3.55000000,3.55000000,50.05847604,50.05847604,80.66996629,272.68721,0.63140527,0.63140527
D,FPP,FCAS_SUMMARY,1,"2025/05/02 23:40:00",1,"2025/05/02 23:40:00",F_T+LREG_0050,1,LOWERREG,TAS1,50.00000000,2.54000000,2.54000000,10.58333333,10.58333333,6.01183498,28.40237,0.49057320,0.49057320
D,FPP,FCAS_SUMMARY,1,"2025/05/02 23:40:00",1,"2025/05/02 23:40:00",F_T+RREG_0050,1,RAISEREG,TAS1,50.00000000,5.38000000,5.38000000,22.41666667,22.41666667,12.63144645,28.17423,0.01000000,0.01000000
D,FPP,FCAS_SUMMARY,1,"2025/05/02 23:40:00",1,"2025/05/02 23:40:00",F_TASCAP_RREG_0220,1,RAISEREG,"NSW1,QLD1,SA1,VIC1",170.00000000,0.77000000,0.77000000,10.90833333,10.90833333,0.00000000,0.00000,0.00000000,0.00000000
C,"END OF REPORT",17
