C,SETP.WORLD,FPP_RUN,AEMO,PUBLIC,2025/05/01,21:03:20,0000000461491740,FPP,0000000461491740
I,FPP,CONSTRAINT_FREQ_MEASURE,1,INTERVAL_DATETIME,MEASUREMENT_DATETIME,CONSTRAINTID,VERSIONNO,BIDTYPE,FM_RAISE_HZ,FM_LOWER_HZ,USED_IN_RCR_FLAG,CORRELATION_FLAG
D,FPP,CONSTRAINT_FREQ_MEASURE,1,"2025/05/01 21:00:00","2025/05/01 20:55:04",F_I+NIL_APD_TL_L5,1,LOWERREG,0.01800544,0.00000000,1,0
D,FPP,CONSTRAINT_FREQ_MEASURE,1,"2025/05/01 21:00:00","2025/05/01 20:55:04",F_T+LREG_0050,1,LOWERREG,0.00771396,0.00000000,1,0
D,FPP,CONSTRAINT_FREQ_MEASURE,1,"2025/05/01 21:00:00","2025/05/01 20:55:04",F_T+RREG_0050,1,RAISEREG,0.00771396,0.00000000,1,0
D,FPP,CONSTRAINT_FREQ_MEASURE,1,"2025/05/01 21:00:00","2025/05/01 20:55:04",F_TASCAP_RREG_0220,1,RAISEREG,0.01857319,0.00000000,1,0
D,FPP,CONSTRAINT_FREQ_MEASURE,1,"2025/05/01 21:00:00","2025/05/01 20:55:08",F_I+NIL_APD_TL_L5,1,LOWERREG,0.02069699,0.00000000,1,0
D,FPP,CONSTRAINT_FREQ_MEASURE,1,"2025/05/01 21:00:00","2025/05/01 20:55:08",F_T+LREG_0050,1,LOWERREG,0.00844419,0.00000000,1,0
D,FPP,CONSTRAINT_FREQ_MEASURE,1,"2025/05/01 21:00:00","2025/05/01 20:55:08",F_T+RREG_0050,1,RAISEREG,0.00844419,0.00000000,1,0
D,FPP,CONSTRAINT_FREQ_MEASURE,1,"2025/05/01 21:00:00","2025/05/01 20:55:08",F_TASCAP_RREG_0220,1,RAISEREG,0.02137294,0.00000000,1,0
D,FPP,CONSTRAINT_FREQ_MEASURE,1,"2025/05/01 21:00:00","2025/05/01 20:55:12",F_I+NIL_APD_TL_L5,1,LOWERREG,0.02294226,0.00000000,1,0
D,FPP,CONSTRAINT_FREQ_MEASURE,1,"2025/05/01 21:00:00","2025/05/01 20:55:12",F_T+LREG_0050,1,LOWERREG,0.01301215,0.00000000,1,0
D,FPP,CONSTRAINT_FREQ_MEASURE,1,"2025/05/01 21:00:00","2025/05/01 20:55:12",F_T+RREG_0050,1,RAISEREG,0.01301215,0.00000000,1,0
D,FPP,CONSTRAINT_FREQ_MEASURE,1,"2025/05/01 21:00:00","2025/05/01 20:55:12",F_TASCAP_RREG_0220,1,RAISEREG,0.02349007,0.00000000,1,0
D,FPP,CONSTRAINT_FREQ_MEASURE,1,"2025/05/01 21:00:00","2025/05/01 20:55:16",F_I+NIL_APD_TL_L5,1,LOWERREG,0.02524258,0.00000000,1,0
D,FPP,CONSTRAINT_FREQ_MEASURE,1,"2025/05/01 21:00:00","2025/05/01 20:55:16",F_T+LREG_0050,1,LOWERREG,0.02078723,0.00000000,1,0
D,FPP,CONSTRAINT_FREQ_MEASURE,1,"2025/05/01 21:00:00","2025/05/01 20:55:16",F_T+RREG_0050,1,RAISEREG,0.02078723,0.00000000,1,0
D,FPP,CONSTRAINT_FREQ_MEASURE,1,"2025/05/01 21:00:00","2025/05/01 20:55:16",F_TASCAP_RREG_0220,1,RAISEREG,0.02548837,0.00000000,1,0
D,FPP,CONSTRAINT_FREQ_MEASURE,1,"2025/05/01 21:00:00","2025/05/01 20:55:20",F_I+NIL_APD_TL_L5,1,LOWERREG,0.02630387,0.00000000,1,0
D,FPP,CONSTRAINT_FREQ_MEASURE,1,"2025/05/01 21:00:00","2025/05/01 20:55:20",F_T+LREG_0050,1,LOWERREG,0.02416785,0.00000000,1,0
D,FPP,CONSTRAINT_FREQ_MEASURE,1,"2025/05/01 21:00:00","2025/05/01 20:55:20",F_T+RREG_0050,1,RAISEREG,0.02416785,0.00000000,1,0
D,FPP,CONSTRAINT_FREQ_MEASURE,1,"2025/05/01 21:00:00","2025/05/01 20:55:20",F_TASCAP_RREG_0220,1,RAISEREG,0.02642171,0.00000000,1,0
D,FPP,CONSTRAINT_FREQ_MEASURE,1,"2025/05/01 21:00:00","2025/05/01 20:55:24",F_I+NIL_APD_TL_L5,1,LOWERREG,0.02732452,0.00000000,1,0
D,FPP,CONSTRAINT_FREQ_MEASURE,1,"2025/05/01 21:00:00","2025/05/01 20:55:24",F_T+LREG_0050,1,LOWERREG,0.02901944,0.00000000,1,0
D,FPP,CONSTRAINT_FREQ_MEASURE,1,"2025/05/01 21:00:00","2025/05/01 20:55:24",F_T+RREG_0050,1,RAISEREG,0.02901944,0.00000000,1,0
D,FPP,CONSTRAINT_FREQ_MEASURE,1,"2025/05/01 21:00:00","2025/05/01 20:55:24",F_TASCAP_RREG_0220,1,RAISEREG,0.02723101,0.00000000,1,0
D,FPP,CONSTRAINT_FREQ_MEASURE,1,"2025/05/01 21:00:00","2025/05/01 20:55:28",F_I+NIL_APD_TL_L5,1,LOWERREG,0.02669845,0.00000000,1,0
D,FPP,CONSTRAINT_FREQ_MEASURE,1,"2025/05/01 21:00:00","2025/05/01 20:55:28",F_T+LREG_0050,1,LOWERREG,0.03523734,0.00000000,1,0
D,FPP,CONSTRAINT_FREQ_MEASURE,1,"2025/05/01 21:00:00","2025/05/01 20:55:28",F_T+RREG_0050,1,RAISEREG,0.03523734,0.00000000,1,0
D,FPP,CONSTRAINT_FREQ_MEASURE,1,"2025/05/01 21:00:00","2025/05/01 20:55:28",F_TASCAP_RREG_0220,1,RAISEREG,0.02622738,0.00000000,1,0
D,FPP,CONSTRAINT_FREQ_MEASURE,1,"2025/05/01 21:00:00","2025/05/01 20:55:32",F_I+NIL_APD_TL_L5,1,LOWERREG,0.02671350,0.00000000,1,0
D,FPP,CONSTRAINT_FREQ_MEASURE,1,"2025/05/01 21:00:00","2025/05/01 20:55:32",F_T+LREG_0050,1,LOWERREG,0.04296238,0.00000000,1,0
D,FPP,CONSTRAINT_FREQ_MEASURE,1,"2025/05/01 21:00:00","2025/05/01 20:55:32",F_T+RREG_0050,1,RAISEREG,0.04296238,0.00000000,1,0
D,FPP,CONSTRAINT_FREQ_MEASURE,1,"2025/05/01 21:00:00","2025/05/01 20:55:32",F_TASCAP_RREG_0220,1,RAISEREG,0.02581710,0.00000000,1,0
D,FPP,CONSTRAINT_FREQ_MEASURE,1,"2025/05/01 21:00:00","2025/05/01 20:55:36",F_I+NIL_APD_TL_L5,1,LOWERREG,0.02636558,0.00000000,1,0
D,FPP,CONSTRAINT_FREQ_MEASURE,1,"2025/05/01 21:00:00","2025/05/01 20:55:36",F_T+LREG_0050,1,LOWERREG,0.04452630,0.00000000,1,0
D,FPP,CONSTRAINT_FREQ_MEASURE,1,"2025/05/01 21:00:00","2025/05/01 20:55:36",F_T+RREG_0050,1,RAISEREG,0.04452630,0.00000000,1,0
D,FPP,CONSTRAINT_FREQ_MEASURE,1,"2025/05/01 21:00:00","2025/05/01 20:55:36",F_TASCAP_RREG_0220,1,RAISEREG,0.02536371,0.00000000,1,0
D,FPP,CONSTRAINT_FREQ_MEASURE,1,"2025/05/01 21:00:00","2025/05/01 20:55:40",F_I+NIL_APD_TL_L5,1,LOWERREG,0.02620023,0.00000000,1,0
D,FPP,CONSTRAINT_FREQ_MEASURE,1,"2025/05/01 21:00:00","2025/05/01 20:55:40",F_T+LREG_0050,1,LOWERREG,0.04018712,0.00000000,1,0
D,FPP,CONSTRAINT_FREQ_MEASURE,1,"2025/05/01 21:00:00","2025/05/01 20:55:40",F_T+RREG_0050,1,RAISEREG,0.04018712,0.00000000,1,0
D,FPP,CONSTRAINT_FREQ_MEASURE,1,"2025/05/01 21:00:00","2025/05/01 20:55:40",F_TASCAP_RREG_0220,1,RAISEREG,0.02542862,0.00000000,1,0
D,FPP,CONSTRAINT_FREQ_MEASURE,1,"2025/05/01 21:00:00","2025/05/01 20:55:44",F_I+NIL_APD_TL_L5,1,LOWERREG,0.02590556,0.00000000,1,0
D,FPP,CONSTRAINT_FREQ_MEASURE,1,"2025/05/01 21:00:00","2025/05/01 20:55:44",F_T+LREG_0050,1,LOWERREG,0.03547887,0.00000000,1,0
D,FPP,CONSTRAINT_FREQ_MEASURE,1,"2025/05/01 21:00:00","2025/05/01 20:55:44",F_T+RREG_0050,1,RAISEREG,0.03547887,0.00000000,1,0
D,FPP,CONSTRAINT_FREQ_MEASURE,1,"2025/05/01 21:00:00","2025/05/01 20:55:44",F_TASCAP_RREG_0220,1,RAISEREG,0.02537743,0.00000000,1,0
D,FPP,CONSTRAINT_FREQ_MEASURE,1,"2025/05/01 21:00:00","2025/05/01 20:55:48",F_I+NIL_APD_TL_L5,1,LOWERREG,0.02546100,0.00000000,1,0
D,FPP,CONSTRAINT_FREQ_MEASURE,1,"2025/05/01 21:00:00","2025/05/01 20:55:48",F_T+LREG_0050,1,LOWERREG,0.03359468,0.00000000,1,0
D,FPP,CONSTRAINT_FREQ_MEASURE,1,"2025/05/01 21:00:00","2025/05/01 20:55:48",F_T+RREG_0050,1,RAISEREG,0.03359468,0.00000000,1,0
D,FPP,CONSTRAINT_FREQ_MEASURE,1,"2025/05/01 21:00:00","2025/05/01 20:55:48",F_TASCAP_RREG_0220,1,RAISEREG,0.02501230,0.00000000,1,0
D,FPP,CONSTRAINT_FREQ_MEASURE,1,"2025/05/01 21:00:00","2025/05/01 20:55:52",F_I+NIL_APD_TL_L5,1,LOWERREG,0.02503404,0.00000000,1,0
D,FPP,CONSTRAINT_FREQ_MEASURE,1,"2025/05/01 21:00:00","2025/05/01 20:55:52",F_T+LREG_0050,1,LOWERREG,0.03568475,0.00000000,1,0
D,FPP,CONSTRAINT_FREQ_MEASURE,1,"2025/05/01 21:00:00","2025/05/01 20:55:52",F_T+RREG_0050,1,RAISEREG,0.03568475,0.00000000,1,0
D,FPP,CONSTRAINT_FREQ_MEASURE,1,"2025/05/01 21:00:00","2025/05/01 20:55:52",F_TASCAP_RREG_0220,1,RAISEREG,0.02444648,0.00000000,1,0
D,FPP,CONSTRAINT_FREQ_MEASURE,1,"2025/05/01 21:00:00","2025/05/01 20:55:56",F_I+NIL_APD_TL_L5,1,LOWERREG,0.02666778,0.00000000,1,0
D,FPP,CONSTRAINT_FREQ_MEASURE,1,"2025/05/01 21:00:00","2025/05/01 20:55:56",F_T+LREG_0050,1,LOWERREG,0.03731036,0.00000000,1,0
D,FPP,CONSTRAINT_FREQ_MEASURE,1,"2025/05/01 21:00:00","2025/05/01 20:55:56",F_T+RREG_0050,1,RAISEREG,0.03731036,0.00000000,1,0
D,FPP,CONSTRAINT_FREQ_MEASURE,1,"2025/05/01 21:00:00","2025/05/01 20:55:56",F_TASCAP_RREG_0220,1,RAISEREG,0.02608066,0.00000000,1,0
D,FPP,CONSTRAINT_FREQ_MEASURE,1,"2025/05/01 21:00:00","2025/05/01 20:56:00",F_I+NIL_APD_TL_L5,1,LOWERREG,0.02872344,0.00000000,1,0
D,FPP,CONSTRAINT_FREQ_MEASURE,1,"2025/05/01 21:00:00","2025/05/01 20:56:00",F_T+LREG_0050,1,LOWERREG,0.03790806,0.00000000,1,0
D,FPP,CONSTRAINT_FREQ_MEASURE,1,"2025/05/01 21:00:00","2025/05/01 20:56:00",F_T+RREG_0050,1,RAISEREG,0.03790806,0.00000000,1,0
D,FPP,CONSTRAINT_FREQ_MEASURE,1,"2025/05/01 21:00:00","2025/05/01 20:56:00",F_TASCAP_RREG_0220,1,RAISEREG,0.02821676,0.00000000,1,0
D,FPP,CONSTRAINT_FREQ_MEASURE,1,"2025/05/01 21:00:00","2025/05/01 20:56:04",F_I+NIL_APD_TL_L5,1,LOWERREG,0.03041695,0.00000000,1,0
D,FPP,CONSTRAINT_FREQ_MEASURE,1,"2025/05/01 21:00:00","2025/05/01 20:56:04",F_T+LREG_0050,1,LOWERREG,0.03548405,0.00000000,1,0
D,FPP,CONSTRAINT_FREQ_MEASURE,1,"2025/05/01 21:00:00","2025/05/01 20:56:04",F_T+RREG_0050,1,RAISEREG,0.03548405,0.00000000,1,0
D,FPP,CONSTRAINT_FREQ_MEASURE,1,"2025/05/01 21:00:00","2025/05/01 20:56:04",F_TASCAP_RREG_0220,1,RAISEREG,0.03013741,0.00000000,1,0
D,FPP,CONSTRAINT_FREQ_MEASURE,1,"2025/05/01 21:00:00","2025/05/01 20:56:08",F_I+NIL_APD_TL_L5,1,LOWERREG,0.03206801,0.00000000,1,0
D,FPP,CONSTRAINT_FREQ_MEASURE,1,"2025/05/01 21:00:00","2025/05/01 20:56:08",F_T+LREG_0050,1,LOWERREG,0.03448759,0.00000000,1,0
D,FPP,CONSTRAINT_FREQ_MEASURE,1,"2025/05/01 21:00:00","2025/05/01 20:56:08",F_T+RREG_0050,1,RAISEREG,0.03448759,0.00000000,1,0
D,FPP,CONSTRAINT_FREQ_MEASURE,1,"2025/05/01 21:00:00","2025/05/01 20:56:08",F_TASCAP_RREG_0220,1,RAISEREG,0.03193453,0.00000000,1,0
D,FPP,CONSTRAINT_FREQ_MEASURE,1,"2025/05/01 21:00:00","2025/05/01 20:56:12",F_I+NIL_APD_TL_L5,1,LOWERREG,0.03293408,0.00000000,1,0
D,FPP,CONSTRAINT_FREQ_MEASURE,1,"2025/05/01 21:00:00","2025/05/01 20:56:12",F_T+LREG_0050,1,LOWERREG,0.03593479,0.00000000,1,0
D,FPP,CONSTRAINT_FREQ_MEASURE,1,"2025/05/01 21:00:00","2025/05/01 20:56:12",F_T+RREG_0050,1,RAISEREG,0.03593479,0.00000000,1,0
D,FPP,CONSTRAINT_FREQ_MEASURE,1,"2025/05/01 21:00:00","2025/05/01 20:56:12",F_TASCAP_RREG_0220,1,RAISEREG,0.03276854,0.00000000,1,0
D,FPP,CONSTRAINT_FREQ_MEASURE,1,"2025/05/01 21:00:00","2025/05/01 20:56:16",F_I+NIL_APD_TL_L5,1,LOWERREG,0.03265756,0.00000000,1,0
D,FPP,CONSTRAINT_FREQ_MEASURE,1,"2025/05/01 21:00:00","2025/05/01 20:56:16",F_T+LREG_0050,1,LOWERREG,0.03550484,0.00000000,1,0
D,FPP,CONSTRAINT_FREQ_MEASURE,1,"2025/05/01 21:00:00","2025/05/01 20:56:16",F_T+RREG_0050,1,RAISEREG,0.03550484,0.00000000,1,0
D,FPP,CONSTRAINT_FREQ_MEASURE,1,"2025/05/01 21:00:00","2025/05/01 20:56:16",F_TASCAP_RREG_0220,1,RAISEREG,0.03250048,0.00000000,1,0
D,FPP,CONSTRAINT_FREQ_MEASURE,1,"2025/05/01 21:00:00","2025/05/01 20:56:20",F_I+NIL_APD_TL_L5,1,LOWERREG,0.03318689,0.00000000,1,0
D,FPP,CONSTRAINT_FREQ_MEASURE,1,"2025/05/01 21:00:00","2025/05/01 20:56:20",F_T+LREG_0050,1,LOWERREG,0.03183710,0.00000000,1,0
D,FPP,CONSTRAINT_FREQ_MEASURE,1,"2025/05/01 21:00:00","2025/05/01 20:56:20",F_T+RREG_0050,1,RAISEREG,0.03183710,0.00000000,1,0
D,FPP,CONSTRAINT_FREQ_MEASURE,1,"2025/05/01 21:00:00","2025/05/01 20:56:20",F_TASCAP_RREG_0220,1,RAISEREG,0.03326136,0.00000000,1,0
D,FPP,CONSTRAINT_FREQ_MEASURE,1,"2025/05/01 21:00:00","2025/05/01 20:56:24",F_I+NIL_APD_TL_L5,1,LOWERREG,0.03350030,0.00000000,1,0
D,FPP,CONSTRAINT_FREQ_MEASURE,1,"2025/05/01 21:00:00","2025/05/01 20:56:24",F_T+LREG_0050,1,LOWERREG,0.02587330,0.00000000,1,0
D,FPP,CONSTRAINT_FREQ_MEASURE,1,"2025/05/01 21:00:00","2025/05/01 20:56:24",F_T+RREG_0050,1,RAISEREG,0.02587330,0.00000000,1,0
D,FPP,CONSTRAINT_FREQ_MEASURE,1,"2025/05/01 21:00:00","2025/05/01 20:56:24",F_TASCAP_RREG_0220,1,RAISEREG,0.03392106,0.00000000,1,0
D,FPP,CONSTRAINT_FREQ_MEASURE,1,"2025/05/01 21:00:00","2025/05/01 20:56:28",F_I+NIL_APD_TL_L5,1,LOWERREG,0.03298015,0.00000000,1,0
D,FPP,CONSTRAINT_FREQ_MEASURE,1,"2025/05/01 21:00:00","2025/05/01 20:56:28",F_T+LREG_0050,1,LOWERREG,0.02501257,0.00000000,1,0
D,FPP,CONSTRAINT_FREQ_MEASURE,1,"2025/05/01 21:00:00","2025/05/01 20:56:28",F_T+RREG_0050,1,RAISEREG,0.02501257,0.00000000,1,0
D,FPP,CONSTRAINT_FREQ_MEASURE,1,"2025/05/01 21:00:00","2025/05/01 20:56:28",F_TASCAP_RREG_0220,1,RAISEREG,0.03341969,0.00000000,1,0
D,FPP,CONSTRAINT_FREQ_MEASURE,1,"2025/05/01 21:00:00","2025/05/01 20:56:32",F_I+NIL_APD_TL_L5,1,LOWERREG,0.03197663,0.00000000,1,0
D,FPP,CONSTRAINT_FREQ_MEASURE,1,"2025/05/01 21:00:00","2025/05/01 20:56:32",F_T+LREG_0050,1,LOWERREG,0.03078755,0.00000000,1,0
D,FPP,CONSTRAINT_FREQ_MEASURE,1,"2025/05/01 21:00:00","2025/05/01 20:56:32",F_T+RREG_0050,1,RAISEREG,0.03078755,0.00000000,1,0
D,FPP,CONSTRAINT_FREQ_MEASURE,1,"2025/05/01 21:00:00","2025/05/01 20:56:32",F_TASCAP_RREG_0220,1,RAISEREG,0.03204223,0.00000000,1,0
D,FPP,CONSTRAINT_FREQ_MEASURE,1,"2025/05/01 21:00:00","2025/05/01 20:56:36",F_I+NIL_APD_TL_L5,1,LOWERREG,0.03174074,0.00000000,1,0
D,FPP,CONSTRAINT_FREQ_MEASURE,1,"2025/05/01 21:00:00","2025/05/01 20:56:36",F_T+LREG_0050,1,LOWERREG,0.03594587,0.00000000,1,0
D,FPP,CONSTRAINT_FREQ_MEASURE,1,"2025/05/01 21:00:00","2025/05/01 20:56:36",F_T+RREG_0050,1,RAISEREG,0.03594587,0.00000000,1,0
D,FPP,CONSTRAINT_FREQ_MEASURE,1,"2025/05/01 21:00:00","2025/05/01 20:56:36",F_TASCAP_RREG_0220,1,RAISEREG,0.03150875,0.00000000,1,0
D,FPP,CONSTRAINT_FREQ_MEASURE,1,"2025/05/01 21:00:00","2025/05/01 20:56:40",F_I+NIL_APD_TL_L5,1,LOWERREG,0.03181814,0.00000000,1,0
D,FPP,CONSTRAINT_FREQ_MEASURE,1,"2025/05/01 21:00:00","2025/05/01 20:56:40",F_T+LREG_0050,1,LOWERREG,0.03795790,0.00000000,1,0
D,FPP,CONSTRAINT_FREQ_MEASURE,1,"2025/05/01 21:00:00","2025/05/01 20:56:40",F_T+RREG_0050,1,RAISEREG,0.03795790,0.00000000,1,0
D,FPP,CONSTRAINT_FREQ_MEASURE,1,"2025/05/01 21:00:00","2025/05/01 20:56:40",F_TASCAP_RREG_0220,1,RAISEREG,0.03147943,0.00000000,1,0
D,FPP,CONSTRAINT_FREQ_MEASURE,1,"2025/05/01 21:00:00","2025/05/01 20:56:44",F_I+NIL_APD_TL_L5,1,LOWERREG,0.03313903,0.00000000,1,0
D,FPP,CONSTRAINT_FREQ_MEASURE,1,"2025/05/01 21:00:00","2025/05/01 20:56:44",F_T+LREG_0050,1,LOWERREG,0.04307837,0.00000000,1,0
D,FPP,CONSTRAINT_FREQ_MEASURE,1,"2025/05/01 21:00:00","2025/05/01 20:56:44",F_T+RREG_0050,1,RAISEREG,0.04307837,0.00000000,1,0
D,FPP,CONSTRAINT_FREQ_MEASURE,1,"2025/05/01 21:00:00","2025/05/01 20:56:44",F_TASCAP_RREG_0220,1,RAISEREG,0.03259071,0.00000000,1,0
D,FPP,CONSTRAINT_FREQ_MEASURE,1,"2025/05/01 21:00:00","2025/05/01 20:56:48",F_I+NIL_APD_TL_L5,1,LOWERREG,0.03555747,0.00000000,1,0
D,FPP,CONSTRAINT_FREQ_MEASURE,1,"2025/05/01 21:00:00","2025/05/01 20:56:48",F_T+LREG_0050,1,LOWERREG,0.06106095,0.00000000,1,0
D,FPP,CONSTRAINT_FREQ_MEASURE,1,"2025/05/01 21:00:00","2025/05/01 20:56:48",F_T+RREG_0050,1,RAISEREG,0.06106095,0.00000000,1,0
D,FPP,CONSTRAINT_FREQ_MEASURE,1,"2025/05/01 21:00:00","2025/05/01 20:56:48",F_TASCAP_RREG_0220,1,RAISEREG,0.03415052,0.00000000,1,0
D,FPP,CONSTRAINT_FREQ_MEASURE,1,"2025/05/01 21:00:00","2025/05/01 20:56:52",F_I+NIL_APD_TL_L5,1,LOWERREG,0.03707399,0.00000000,1,0
D,FPP,CONSTRAINT_FREQ_MEASURE,1,"2025/05/01 21:00:00","2025/05/01 20:56:52",F_T+LREG_0050,1,LOWERREG,0.05882518,0.00000000,1,0
D,FPP,CONSTRAINT_FREQ_MEASURE,1,"2025/05/01 21:00:00","2025/05/01 20:56:52",F_T+RREG_0050,1,RAISEREG,0.05882518,0.00000000,1,0
D,FPP,CONSTRAINT_FREQ_MEASURE,1,"2025/05/01 21:00:00","2025/05/01 20:56:52",F_TASCAP_RREG_0220,1,RAISEREG,0.03587405,0.00000000,1,0
D,FPP,CONSTRAINT_FREQ_MEASURE,1,"2025/05/01 21:00:00","2025/05/01 20:56:56",F_I+NIL_APD_TL_L5,1,LOWERREG,0.03730015,0.00000000,1,0
D,FPP,CONSTRAINT_FREQ_MEASURE,1,"2025/05/01 21:00:00","2025/05/01 20:56:56",F_T+LREG_0050,1,LOWERREG,0.05064181,0.00000000,1,0
D,FPP,CONSTRAINT_FREQ_MEASURE,1,"2025/05/01 21:00:00","2025/05/01 20:56:56",F_T+RREG_0050,1,RAISEREG,0.05064181,0.00000000,1,0
D,FPP,CONSTRAINT_FREQ_MEASURE,1,"2025/05/01 21:00:00","2025/05/01 20:56:56",F_TASCAP_RREG_0220,1,RAISEREG,0.03656413,0.00000000,1,0
D,FPP,CONSTRAINT_FREQ_MEASURE,1,"2025/05/01 21:00:00","2025/05/01 20:57:00",F_I+NIL_APD_TL_L5,1,LOWERREG,0.03759922,0.00000000,1,0
D,FPP,CONSTRAINT_FREQ_MEASURE,1,"2025/05/01 21:00:00","2025/05/01 20:57:00",F_T+LREG_0050,1,LOWERREG,0.04538807,0.00000000,1,0
D,FPP,CONSTRAINT_FREQ_MEASURE,1,"2025/05/01 21:00:00","2025/05/01 20:57:00",F_T+RREG_0050,1,RAISEREG,0.04538807,0.00000000,1,0
D,FPP,CONSTRAINT_FREQ_MEASURE,1,"2025/05/01 21:00:00","2025/05/01 20:57:00",F_TASCAP_RREG_0220,1,RAISEREG,0.03716953,0.00000000,1,0
D,FPP,CONSTRAINT_FREQ_MEASURE,1,"2025/05/01 21:00:00","2025/05/01 20:57:04",F_I+NIL_APD_TL_L5,1,LOWERREG,0.03960943,0.00000000,1,0
D,FPP,CONSTRAINT_FREQ_MEASURE,1,"2025/05/01 21:00:00","2025/05/01 20:57:04",F_T+LREG_0050,1,LOWERREG,0.04285739,0.00000000,1,0
D,FPP,CONSTRAINT_FREQ_MEASURE,1,"2025/05/01 21:00:00","2025/05/01 20:57:04",F_T+RREG_0050,1,RAISEREG,0.04285739,0.00000000,1,0
D,FPP,CONSTRAINT_FREQ_MEASURE,1,"2025/05/01 21:00:00","2025/05/01 20:57:04",F_TASCAP_RREG_0220,1,RAISEREG,0.03943025,0.00000000,1,0
D,FPP,CONSTRAINT_FREQ_MEASURE,1,"2025/05/01 21:00:00","2025/05/01 20:57:08",F_I+NIL_APD_TL_L5,1,LOWERREG,0.04136355,0.00000000,1,0
D,FPP,CONSTRAINT_FREQ_MEASURE,1,"2025/05/01 21:00:00","2025/05/01 20:57:08",F_T+LREG_0050,1,LOWERREG,0.04644464,0.00000000,1,0
D,FPP,CONSTRAINT_FREQ_MEASURE,1,"2025/05/01 21:00:00","2025/05/01 20:57:08",F_T+RREG_0050,1,RAISEREG,0.04644464,0.00000000,1,0
D,FPP,CONSTRAINT_FREQ_MEASURE,1,"2025/05/01 21:00:00","2025/05/01 20:57:08",F_TASCAP_RREG_0220,1,RAISEREG,0.04108325,0.00000000,1,0
D,FPP,CONSTRAINT_FREQ_MEASURE,1,"2025/05/01 21:00:00","2025/05/01 20:57:12",F_I+NIL_APD_TL_L5,1,LOWERREG,0.04173460,0.00000000,1,0
D,FPP,CONSTRAINT_FREQ_MEASURE,1,"2025/05/01 21:00:00","2025/05/01 20:57:12",F_T+LREG_0050,1,LOWERREG,0.04056805,0.00000000,1,0
D,FPP,CONSTRAINT_FREQ_MEASURE,1,"2025/05/01 21:00:00","2025/05/01 20:57:12",F_T+RREG_0050,1,RAISEREG,0.04056805,0.00000000,1,0
D,FPP,CONSTRAINT_FREQ_MEASURE,1,"2025/05/01 21:00:00","2025/05/01 20:57:12",F_TASCAP_RREG_0220,1,RAISEREG,0.04179896,0.00000000,1,0
D,FPP,CONSTRAINT_FREQ_MEASURE,1,"2025/05/01 21:00:00","2025/05/01 20:57:16",F_I+NIL_APD_TL_L5,1,LOWERREG,0.04197112,0.00000000,1,0
D,FPP,CONSTRAINT_FREQ_MEASURE,1,"2025/05/01 21:00:00","2025/05/01 20:57:16",F_T+LREG_0050,1,LOWERREG,0.03399737,0.00000000,1,0
D,FPP,CONSTRAINT_FREQ_MEASURE,1,"2025/05/01 21:00:00","2025/05/01 20:57:16",F_T+RREG_0050,1,RAISEREG,0.03399737,0.00000000,1,0
D,FPP,CONSTRAINT_FREQ_MEASURE,1,"2025/05/01 21:00:00","2025/05/01 20:57:16",F_TASCAP_RREG_0220,1,RAISEREG,0.04241100,0.00000000,1,0
D,FPP,CONSTRAINT_FREQ_MEASURE,1,"2025/05/01 21:00:00","2025/05/01 20:57:20",F_I+NIL_APD_TL_L5,1,LOWERREG,0.04111811,0.00000000,1,0
D,FPP,CONSTRAINT_FREQ_MEASURE,1,"2025/05/01 21:00:00","2025/05/01 20:57:20",F_T+LREG_0050,1,LOWERREG,0.03933129,0.00000000,1,0
D,FPP,CONSTRAINT_FREQ_MEASURE,1,"2025/05/01 21:00:00","2025/05/01 20:57:20",F_T+RREG_0050,1,RAISEREG,0.03933129,0.00000000,1,0
D,FPP,CONSTRAINT_FREQ_MEASURE,1,"2025/05/01 21:00:00","2025/05/01 20:57:20",F_TASCAP_RREG_0220,1,RAISEREG,0.04121668,0.00000000,1,0
D,FPP,CONSTRAINT_FREQ_MEASURE,1,"2025/05/01 21:00:00","2025/05/01 20:57:24",F_I+NIL_APD_TL_L5,1,LOWERREG,0.03739576,0.00000000,1,0
D,FPP,CONSTRAINT_FREQ_MEASURE,1,"2025/05/01 21:00:00","2025/05/01 20:57:24",F_T+LREG_0050,1,LOWERREG,0.04503545,0.00000000,1,0
D,FPP,CONSTRAINT_FREQ_MEASURE,1,"2025/05/01 21:00:00","2025/05/01 20:57:24",F_T+RREG_0050,1,RAISEREG,0.04503545,0.00000000,1,0
D,FPP,CONSTRAINT_FREQ_MEASURE,1,"2025/05/01 21:00:00","2025/05/01 20:57:24",F_TASCAP_RREG_0220,1,RAISEREG,0.03697430,0.00000000,1,0
D,FPP,CONSTRAINT_FREQ_MEASURE,1,"2025/05/01 21:00:00","2025/05/01 20:57:28",F_I+NIL_APD_TL_L5,1,LOWERREG,0.03060309,0.00000000,1,0
D,FPP,CONSTRAINT_FREQ_MEASURE,1,"2025/05/01 21:00:00","2025/05/01 20:57:28",F_T+LREG_0050,1,LOWERREG,0.03724979,0.00000000,1,0
D,FPP,CONSTRAINT_FREQ_MEASURE,1,"2025/05/01 21:00:00","2025/05/01 20:57:28",F_T+RREG_0050,1,RAISEREG,0.03724979,0.00000000,1,0
D,FPP,CONSTRAINT_FREQ_MEASURE,1,"2025/05/01 21:00:00","2025/05/01 20:57:28",F_TASCAP_RREG_0220,1,RAISEREG,0.03023641,0.00000000,1,0
D,FPP,CONSTRAINT_FREQ_MEASURE,1,"2025/05/01 21:00:00","2025/05/01 20:57:32",F_I+NIL_APD_TL_L5,1,LOWERREG,0.02545604,0.00000000,1,0
D,FPP,CONSTRAINT_FREQ_MEASURE,1,"2025/05/01 21:00:00","2025/05/01 20:57:32",F_T+LREG_0050,1,LOWERREG,0.02941650,0.00000000,1,0
D,FPP,CONSTRAINT_FREQ_MEASURE,1,"2025/05/01 21:00:00","2025/05/01 20:57:32",F_T+RREG_0050,1,RAISEREG,0.02941650,0.00000000,1,0
D,FPP,CONSTRAINT_FREQ_MEASURE,1,"2025/05/01 21:00:00","2025/05/01 20:57:32",F_TASCAP_RREG_0220,1,RAISEREG,0.02523756,0.00000000,1,0
D,FPP,CONSTRAINT_FREQ_MEASURE,1,"2025/05/01 21:00:00","2025/05/01 20:57:36",F_I+NIL_APD_TL_L5,1,LOWERREG,0.02454191,0.00000000,1,0
D,FPP,CONSTRAINT_FREQ_MEASURE,1,"2025/05/01 21:00:00","2025/05/01 20:57:36",F_T+LREG_0050,1,LOWERREG,0.02732394,0.00000000,1,0
D,FPP,CONSTRAINT_FREQ_MEASURE,1,"2025/05/01 21:00:00","2025/05/01 20:57:36",F_T+RREG_0050,1,RAISEREG,0.02732394,0.00000000,1,0
D,FPP,CONSTRAINT_FREQ_MEASURE,1,"2025/05/01 21:00:00","2025/05/01 20:57:36",F_TASCAP_RREG_0220,1,RAISEREG,0.02438844,0.00000000,1,0
D,FPP,CONSTRAINT_FREQ_MEASURE,1,"2025/05/01 21:00:00","2025/05/01 20:57:40",F_I+NIL_APD_TL_L5,1,LOWERREG,0.02614897,0.00000000,1,0
D,FPP,CONSTRAINT_FREQ_MEASURE,1,"2025/05/01 21:00:00","2025/05/01 20:57:40",F_T+LREG_0050,1,LOWERREG,0.03080751,0.00000000,1,0
D,FPP,CONSTRAINT_FREQ_MEASURE,1,"2025/05/01 21:00:00","2025/05/01 20:57:40",F_T+RREG_0050,1,RAISEREG,0.03080751,0.00000000,1,0
D,FPP,CONSTRAINT_FREQ_MEASURE,1,"2025/05/01 21:00:00","2025/05/01 20:57:40",F_TASCAP_RREG_0220,1,RAISEREG,0.02589197,0.00000000,1,0
D,FPP,CONSTRAINT_FREQ_MEASURE,1,"2025/05/01 21:00:00","2025/05/01 20:57:44",F_I+NIL_APD_TL_L5,1,LOWERREG,0.02771459,0.00000000,1,0
D,FPP,CONSTRAINT_FREQ_MEASURE,1,"2025/05/01 21:00:00","2025/05/01 20:57:44",F_T+LREG_0050,1,LOWERREG,0.03640584,0.00000000,1,0
D,FPP,CONSTRAINT_FREQ_MEASURE,1,"2025/05/01 21:00:00","2025/05/01 20:57:44",F_T+RREG_0050,1,RAISEREG,0.03640584,0.00000000,1,0
D,FPP,CONSTRAINT_FREQ_MEASURE,1,"2025/05/01 21:00:00","2025/05/01 20:57:44",F_TASCAP_RREG_0220,1,RAISEREG,0.02723512,0.00000000,1,0
D,FPP,CONSTRAINT_FREQ_MEASURE,1,"2025/05/01 21:00:00","2025/05/01 20:57:48",F_I+NIL_APD_TL_L5,1,LOWERREG,0.02867992,0.00000000,1,0
D,FPP,CONSTRAINT_FREQ_MEASURE,1,"2025/05/01 21:00:00","2025/05/01 20:57:48",F_T+LREG_0050,1,LOWERREG,0.04609343,0.00000000,1,0
D,FPP,CONSTRAINT_FREQ_MEASURE,1,"2025/05/01 21:00:00","2025/05/01 20:57:48",F_T+RREG_0050,1,RAISEREG,0.04609343,0.00000000,1,0
D,FPP,CONSTRAINT_FREQ_MEASURE,1,"2025/05/01 21:00:00","2025/05/01 20:57:48",F_TASCAP_RREG_0220,1,RAISEREG,0.02771927,0.00000000,1,0
D,FPP,CONSTRAINT_FREQ_MEASURE,1,"2025/05/01 21:00:00","2025/05/01 20:57:52",F_I+NIL_APD_TL_L5,1,LOWERREG,0.03061214,0.00000000,1,0
D,FPP,CONSTRAINT_FREQ_MEASURE,1,"2025/05/01 21:00:00","2025/05/01 20:57:52",F_T+LREG_0050,1,LOWERREG,0.04740600,0.00000000,1,0
D,FPP,CONSTRAINT_FREQ_MEASURE,1,"2025/05/01 21:00:00","2025/05/01 20:57:52",F_T+RREG_0050,1,RAISEREG,0.04740600,0.00000000,1,0
D,FPP,CONSTRAINT_FREQ_MEASURE,1,"2025/05/01 21:00:00","2025/05/01 20:57:52",F_TASCAP_RREG_0220,1,RAISEREG,0.02968568,0.00000000,1,0
D,FPP,CONSTRAINT_FREQ_MEASURE,1,"2025/05/01 21:00:00","2025/05/01 20:57:56",F_I+NIL_APD_TL_L5,1,LOWERREG,0.03352760,0.00000000,1,0
D,FPP,CONSTRAINT_FREQ_MEASURE,1,"2025/05/01 21:00:00","2025/05/01 20:57:56",F_T+LREG_0050,1,LOWERREG,0.04776022,0.00000000,1,0
D,FPP,CONSTRAINT_FREQ_MEASURE,1,"2025/05/01 21:00:00","2025/05/01 20:57:56",F_T+RREG_0050,1,RAISEREG,0.04776022,0.00000000,1,0
D,FPP,CONSTRAINT_FREQ_MEASURE,1,"2025/05/01 21:00:00","2025/05/01 20:57:56",F_TASCAP_RREG_0220,1,RAISEREG,0.03274244,0.00000000,1,0
D,FPP,CONSTRAINT_FREQ_MEASURE,1,"2025/05/01 21:00:00","2025/05/01 20:58:00",F_I+NIL_APD_TL_L5,1,LOWERREG,0.03423272,0.00000000,1,0
D,FPP,CONSTRAINT_FREQ_MEASURE,1,"2025/05/01 21:00:00","2025/05/01 20:58:00",F_T+LREG_0050,1,LOWERREG,0.04648017,0.00000000,1,0
D,FPP,CONSTRAINT_FREQ_MEASURE,1,"2025/05/01 21:00:00","2025/05/01 20:58:00",F_T+RREG_0050,1,RAISEREG,0.04648017,0.00000000,1,0
D,FPP,CONSTRAINT_FREQ_MEASURE,1,"2025/05/01 21:00:00","2025/05/01 20:58:00",F_TASCAP_RREG_0220,1,RAISEREG,0.03355707,0.00000000,1,0
D,FPP,CONSTRAINT_FREQ_MEASURE,1,"2025/05/01 21:00:00","2025/05/01 20:58:04",F_I+NIL_APD_TL_L5,1,LOWERREG,0.03377155,0.00000000,1,0
D,FPP,CONSTRAINT_FREQ_MEASURE,1,"2025/05/01 21:00:00","2025/05/01 20:58:04",F_T+LREG_0050,1,LOWERREG,0.04859569,0.00000000,1,0
D,FPP,CONSTRAINT_FREQ_MEASURE,1,"2025/05/01 21:00:00","2025/05/01 20:58:04",F_T+RREG_0050,1,RAISEREG,0.04859569,0.00000000,1,0
D,FPP,CONSTRAINT_FREQ_MEASURE,1,"2025/05/01 21:00:00","2025/05/01 20:58:04",F_TASCAP_RREG_0220,1,RAISEREG,0.03295375,0.00000000,1,0
D,FPP,CONSTRAINT_FREQ_MEASURE,1,"2025/05/01 21:00:00","2025/05/01 20:58:08",F_I+NIL_APD_TL_L5,1,LOWERREG,0.03348692,0.00000000,1,0
D,FPP,CONSTRAINT_FREQ_MEASURE,1,"2025/05/01 21:00:00","2025/05/01 20:58:08",F_T+LREG_0050,1,LOWERREG,0.05335220,0.00000000,1,0
D,FPP,CONSTRAINT_FREQ_MEASURE,1,"2025/05/01 21:00:00","2025/05/01 20:58:08",F_T+RREG_0050,1,RAISEREG,0.05335220,0.00000000,1,0
D,FPP,CONSTRAINT_FREQ_MEASURE,1,"2025/05/01 21:00:00","2025/05/01 20:58:08",F_TASCAP_RREG_0220,1,RAISEREG,0.03239101,0.00000000,1,0
D,FPP,CONSTRAINT_FREQ_MEASURE,1,"2025/05/01 21:00:00","2025/05/01 20:58:12",F_I+NIL_APD_TL_L5,1,LOWERREG,0.03382307,0.00000000,1,0
D,FPP,CONSTRAINT_FREQ_MEASURE,1,"2025/05/01 21:00:00","2025/05/01 20:58:12",F_T+LREG_0050,1,LOWERREG,0.05260727,0.00000000,1,0
D,FPP,CONSTRAINT_FREQ_MEASURE,1,"2025/05/01 21:00:00","2025/05/01 20:58:12",F_T+RREG_0050,1,RAISEREG,0.05260727,0.00000000,1,0
D,FPP,CONSTRAINT_FREQ_MEASURE,1,"2025/05/01 21:00:00","2025/05/01 20:58:12",F_TASCAP_RREG_0220,1,RAISEREG,0.03278680,0.00000000,1,0
D,FPP,CONSTRAINT_FREQ_MEASURE,1,"2025/05/01 21:00:00","2025/05/01 20:58:16",F_I+NIL_APD_TL_L5,1,LOWERREG,0.03356220,0.00000000,1,0
D,FPP,CONSTRAINT_FREQ_MEASURE,1,"2025/05/01 21:00:00","2025/05/01 20:58:16",F_T+LREG_0050,1,LOWERREG,0.05380565,0.00000000,1,0
D,FPP,CONSTRAINT_FREQ_MEASURE,1,"2025/05/01 21:00:00","2025/05/01 20:58:16",F_T+RREG_0050,1,RAISEREG,0.05380565,0.00000000,1,0
D,FPP,CONSTRAINT_FREQ_MEASURE,1,"2025/05/01 21:00:00","2025/05/01 20:58:16",F_TASCAP_RREG_0220,1,RAISEREG,0.03244544,0.00000000,1,0
D,FPP,CONSTRAINT_FREQ_MEASURE,1,"2025/05/01 21:00:00","2025/05/01 20:58:20",F_I+NIL_APD_TL_L5,1,LOWERREG,0.03292226,0.00000000,1,0
D,FPP,CONSTRAINT_FREQ_MEASURE,1,"2025/05/01 21:00:00","2025/05/01 20:58:20",F_T+LREG_0050,1,LOWERREG,0.05740439,0.00000000,1,0
D,FPP,CONSTRAINT_FREQ_MEASURE,1,"2025/05/01 21:00:00","2025/05/01 20:58:20",F_T+RREG_0050,1,RAISEREG,0.05740439,0.00000000,1,0
D,FPP,CONSTRAINT_FREQ_MEASURE,1,"2025/05/01 21:00:00","2025/05/01 20:58:20",F_TASCAP_RREG_0220,1,RAISEREG,0.03157165,0.00000000,1,0
D,FPP,CONSTRAINT_FREQ_MEASURE,1,"2025/05/01 21:00:00","2025/05/01 20:58:24",F_I+NIL_APD_TL_L5,1,LOWERREG,0.03153123,0.00000000,1,0
D,FPP,CONSTRAINT_FREQ_MEASURE,1,"2025/05/01 21:00:00","2025/05/01 20:58:24",F_T+LREG_0050,1,LOWERREG,0.05620341,0.00000000,1,0
D,FPP,CONSTRAINT_FREQ_MEASURE,1,"2025/05/01 21:00:00","2025/05/01 20:58:24",F_T+RREG_0050,1,RAISEREG,0.05620341,0.00000000,1,0
D,FPP,CONSTRAINT_FREQ_MEASURE,1,"2025/05/01 21:00:00","2025/05/01 20:58:24",F_TASCAP_RREG_0220,1,RAISEREG,0.03017014,0.00000000,1,0
D,FPP,CONSTRAINT_FREQ_MEASURE,1,"2025/05/01 21:00:00","2025/05/01 20:58:28",F_I+NIL_APD_TL_L5,1,LOWERREG,0.03134113,0.00000000,1,0
D,FPP,CONSTRAINT_FREQ_MEASURE,1,"2025/05/01 21:00:00","2025/05/01 20:58:28",F_T+LREG_0050,1,LOWERREG,0.05104710,0.00000000,1,0
D,FPP,CONSTRAINT_FREQ_MEASURE,1,"2025/05/01 21:00:00","2025/05/01 20:58:28",F_T+RREG_0050,1,RAISEREG,0.05104710,0.00000000,1,0
D,FPP,CONSTRAINT_FREQ_MEASURE,1,"2025/05/01 21:00:00","2025/05/01 20:58:28",F_TASCAP_RREG_0220,1,RAISEREG,0.03025401,0.00000000,1,0
D,FPP,CONSTRAINT_FREQ_MEASURE,1,"2025/05/01 21:00:00","2025/05/01 20:58:32",F_I+NIL_APD_TL_L5,1,LOWERREG,0.03165093,0.00000000,1,0
D,FPP,CONSTRAINT_FREQ_MEASURE,1,"2025/05/01 21:00:00","2025/05/01 20:58:32",F_T+LREG_0050,1,LOWERREG,0.04592552,0.00000000,1,0
D,FPP,CONSTRAINT_FREQ_MEASURE,1,"2025/05/01 21:00:00","2025/05/01 20:58:32",F_T+RREG_0050,1,RAISEREG,0.04592552,0.00000000,1,0
D,FPP,CONSTRAINT_FREQ_MEASURE,1,"2025/05/01 21:00:00","2025/05/01 20:58:32",F_TASCAP_RREG_0220,1,RAISEREG,0.03086345,0.00000000,1,0
D,FPP,CONSTRAINT_FREQ_MEASURE,1,"2025/05/01 21:00:00","2025/05/01 20:58:36",F_I+NIL_APD_TL_L5,1,LOWERREG,0.03099836,0.00000000,1,0
D,FPP,CONSTRAINT_FREQ_MEASURE,1,"2025/05/01 21:00:00","2025/05/01 20:58:36",F_T+LREG_0050,1,LOWERREG,0.03905318,0.00000000,1,0
D,FPP,CONSTRAINT_FREQ_MEASURE,1,"2025/05/01 21:00:00","2025/05/01 20:58:36",F_T+RREG_0050,1,RAISEREG,0.03905318,0.00000000,1,0
D,FPP,CONSTRAINT_FREQ_MEASURE,1,"2025/05/01 21:00:00","2025/05/01 20:58:36",F_TASCAP_RREG_0220,1,RAISEREG,0.03055400,0.00000000,1,0
D,FPP,CONSTRAINT_FREQ_MEASURE,1,"2025/05/01 21:00:00","2025/05/01 20:58:40",F_I+NIL_APD_TL_L5,1,LOWERREG,0.02950985,0.00000000,1,0
D,FPP,CONSTRAINT_FREQ_MEASURE,1,"2025/05/01 21:00:00","2025/05/01 20:58:40",F_T+LREG_0050,1,LOWERREG,0.02526358,0.00000000,1,0
D,FPP,CONSTRAINT_FREQ_MEASURE,1,"2025/05/01 21:00:00","2025/05/01 20:58:40",F_T+RREG_0050,1,RAISEREG,0.02526358,0.00000000,1,0
D,FPP,CONSTRAINT_FREQ_MEASURE,1,"2025/05/01 21:00:00","2025/05/01 20:58:40",F_TASCAP_RREG_0220,1,RAISEREG,0.02974410,0.00000000,1,0
D,FPP,CONSTRAINT_FREQ_MEASURE,1,"2025/05/01 21:00:00","2025/05/01 20:58:44",F_I+NIL_APD_TL_L5,1,LOWERREG,0.03018864,0.00000000,1,0
D,FPP,CONSTRAINT_FREQ_MEASURE,1,"2025/05/01 21:00:00","2025/05/01 20:58:44",F_T+LREG_0050,1,LOWERREG,0.02298278,0.00000000,1,0
D,FPP,CONSTRAINT_FREQ_MEASURE,1,"2025/05/01 21:00:00","2025/05/01 20:58:44",F_T+RREG_0050,1,RAISEREG,0.02298278,0.00000000,1,0
D,FPP,CONSTRAINT_FREQ_MEASURE,1,"2025/05/01 21:00:00","2025/05/01 20:58:44",F_TASCAP_RREG_0220,1,RAISEREG,0.03058616,0.00000000,1,0
D,FPP,CONSTRAINT_FREQ_MEASURE,1,"2025/05/01 21:00:00","2025/05/01 20:58:48",F_I+NIL_APD_TL_L5,1,LOWERREG,0.03225321,0.00000000,1,0
D,FPP,CONSTRAINT_FREQ_MEASURE,1,"2025/05/01 21:00:00","2025/05/01 20:58:48",F_T+LREG_0050,1,LOWERREG,0.03076438,0.00000000,1,0
D,FPP,CONSTRAINT_FREQ_MEASURE,1,"2025/05/01 21:00:00","2025/05/01 20:58:48",F_T+RREG_0050,1,RAISEREG,0.03076438,0.00000000,1,0
D,FPP,CONSTRAINT_FREQ_MEASURE,1,"2025/05/01 21:00:00","2025/05/01 20:58:48",F_TASCAP_RREG_0220,1,RAISEREG,0.03233535,0.00000000,1,0
D,FPP,CONSTRAINT_FREQ_MEASURE,1,"2025/05/01 21:00:00","2025/05/01 20:58:52",F_I+NIL_APD_TL_L5,1,LOWERREG,0.03334892,0.00000000,1,0
D,FPP,CONSTRAINT_FREQ_MEASURE,1,"2025/05/01 21:00:00","2025/05/01 20:58:52",F_T+LREG_0050,1,LOWERREG,0.03792785,0.00000000,1,0
D,FPP,CONSTRAINT_FREQ_MEASURE,1,"2025/05/01 21:00:00","2025/05/01 20:58:52",F_T+RREG_0050,1,RAISEREG,0.03792785,0.00000000,1,0
D,FPP,CONSTRAINT_FREQ_MEASURE,1,"2025/05/01 21:00:00","2025/05/01 20:58:52",F_TASCAP_RREG_0220,1,RAISEREG,0.03309632,0.00000000,1,0
D,FPP,CONSTRAINT_FREQ_MEASURE,1,"2025/05/01 21:00:00","2025/05/01 20:58:56",F_I+NIL_APD_TL_L5,1,LOWERREG,0.03374351,0.00000000,1,0
D,FPP,CONSTRAINT_FREQ_MEASURE,1,"2025/05/01 21:00:00","2025/05/01 20:58:56",F_T+LREG_0050,1,LOWERREG,0.03861055,0.00000000,1,0
D,FPP,CONSTRAINT_FREQ_MEASURE,1,"2025/05/01 21:00:00","2025/05/01 20:58:56",F_T+RREG_0050,1,RAISEREG,0.03861055,0.00000000,1,0
D,FPP,CONSTRAINT_FREQ_MEASURE,1,"2025/05/01 21:00:00","2025/05/01 20:58:56",F_TASCAP_RREG_0220,1,RAISEREG,0.03347501,0.00000000,1,0
D,FPP,CONSTRAINT_FREQ_MEASURE,1,"2025/05/01 21:00:00","2025/05/01 20:59:00",F_I+NIL_APD_TL_L5,1,LOWERREG,0.03377449,0.00000000,1,0
D,FPP,CONSTRAINT_FREQ_MEASURE,1,"2025/05/01 21:00:00","2025/05/01 20:59:00",F_T+LREG_0050,1,LOWERREG,0.03647487,0.00000000,1,0
D,FPP,CONSTRAINT_FREQ_MEASURE,1,"2025/05/01 21:00:00","2025/05/01 20:59:00",F_T+RREG_0050,1,RAISEREG,0.03647487,0.00000000,1,0
D,FPP,CONSTRAINT_FREQ_MEASURE,1,"2025/05/01 21:00:00","2025/05/01 20:59:00",F_TASCAP_RREG_0220,1,RAISEREG,0.03362552,0.00000000,1,0
D,FPP,CONSTRAINT_FREQ_MEASURE,1,"2025/05/01 21:00:00","2025/05/01 20:59:04",F_I+NIL_APD_TL_L5,1,LOWERREG,0.03557230,0.00000000,1,0
D,FPP,CONSTRAINT_FREQ_MEASURE,1,"2025/05/01 21:00:00","2025/05/01 20:59:04",F_T+LREG_0050,1,LOWERREG,0.03703601,0.00000000,1,0
D,FPP,CONSTRAINT_FREQ_MEASURE,1,"2025/05/01 21:00:00","2025/05/01 20:59:04",F_T+RREG_0050,1,RAISEREG,0.03703601,0.00000000,1,0
D,FPP,CONSTRAINT_FREQ_MEASURE,1,"2025/05/01 21:00:00","2025/05/01 20:59:04",F_TASCAP_RREG_0220,1,RAISEREG,0.03549155,0.00000000,1,0
D,FPP,CONSTRAINT_FREQ_MEASURE,1,"2025/05/01 21:00:00","2025/05/01 20:59:08",F_I+NIL_APD_TL_L5,1,LOWERREG,0.03609041,0.00000000,1,0
D,FPP,CONSTRAINT_FREQ_MEASURE,1,"2025/05/01 21:00:00","2025/05/01 20:59:08",F_T+LREG_0050,1,LOWERREG,0.04436134,0.00000000,1,0
D,FPP,CONSTRAINT_FREQ_MEASURE,1,"2025/05/01 21:00:00","2025/05/01 20:59:08",F_T+RREG_0050,1,RAISEREG,0.04436134,0.00000000,1,0
D,FPP,CONSTRAINT_FREQ_MEASURE,1,"2025/05/01 21:00:00","2025/05/01 20:59:08",F_TASCAP_RREG_0220,1,RAISEREG,0.03563412,0.00000000,1,0
D,FPP,CONSTRAINT_FREQ_MEASURE,1,"2025/05/01 21:00:00","2025/05/01 20:59:12",F_I+NIL_APD_TL_L5,1,LOWERREG,0.03603036,0.00000000,1,0
D,FPP,CONSTRAINT_FREQ_MEASURE,1,"2025/05/01 21:00:00","2025/05/01 20:59:12",F_T+LREG_0050,1,LOWERREG,0.04694771,0.00000000,1,0
D,FPP,CONSTRAINT_FREQ_MEASURE,1,"2025/05/01 21:00:00","2025/05/01 20:59:12",F_T+RREG_0050,1,RAISEREG,0.04694771,0.00000000,1,0
D,FPP,CONSTRAINT_FREQ_MEASURE,1,"2025/05/01 21:00:00","2025/05/01 20:59:12",F_TASCAP_RREG_0220,1,RAISEREG,0.03542808,0.00000000,1,0
D,FPP,CONSTRAINT_FREQ_MEASURE,1,"2025/05/01 21:00:00","2025/05/01 20:59:16",F_I+NIL_APD_TL_L5,1,LOWERREG,0.03452738,0.00000000,1,0
D,FPP,CONSTRAINT_FREQ_MEASURE,1,"2025/05/01 21:00:00","2025/05/01 20:59:16",F_T+LREG_0050,1,LOWERREG,0.04518155,0.00000000,1,0
D,FPP,CONSTRAINT_FREQ_MEASURE,1,"2025/05/01 21:00:00","2025/05/01 20:59:16",F_T+RREG_0050,1,RAISEREG,0.04518155,0.00000000,1,0
D,FPP,CONSTRAINT_FREQ_MEASURE,1,"2025/05/01 21:00:00","2025/05/01 20:59:16",F_TASCAP_RREG_0220,1,RAISEREG,0.03393963,0.00000000,1,0
D,FPP,CONSTRAINT_FREQ_MEASURE,1,"2025/05/01 21:00:00","2025/05/01 20:59:20",F_I+NIL_APD_TL_L5,1,LOWERREG,0.03271342,0.00000000,1,0
D,FPP,CONSTRAINT_FREQ_MEASURE,1,"2025/05/01 21:00:00","2025/05/01 20:59:20",F_T+LREG_0050,1,LOWERREG,0.04469676,0.00000000,1,0
D,FPP,CONSTRAINT_FREQ_MEASURE,1,"2025/05/01 21:00:00","2025/05/01 20:59:20",F_T+RREG_0050,1,RAISEREG,0.04469676,0.00000000,1,0
D,FPP,CONSTRAINT_FREQ_MEASURE,1,"2025/05/01 21:00:00","2025/05/01 20:59:20",F_TASCAP_RREG_0220,1,RAISEREG,0.03205234,0.00000000,1,0
D,FPP,CONSTRAINT_FREQ_MEASURE,1,"2025/05/01 21:00:00","2025/05/01 20:59:24",F_I+NIL_APD_TL_L5,1,LOWERREG,0.03001558,0.00000000,1,0
D,FPP,CONSTRAINT_FREQ_MEASURE,1,"2025/05/01 21:00:00","2025/05/01 20:59:24",F_T+LREG_0050,1,LOWERREG,0.04165304,0.00000000,1,0
D,FPP,CONSTRAINT_FREQ_MEASURE,1,"2025/05/01 21:00:00","2025/05/01 20:59:24",F_T+RREG_0050,1,RAISEREG,0.04165304,0.00000000,1,0
D,FPP,CONSTRAINT_FREQ_MEASURE,1,"2025/05/01 21:00:00","2025/05/01 20:59:24",F_TASCAP_RREG_0220,1,RAISEREG,0.02937358,0.00000000,1,0
D,FPP,CONSTRAINT_FREQ_MEASURE,1,"2025/05/01 21:00:00","2025/05/01 20:59:28",F_I+NIL_APD_TL_L5,1,LOWERREG,0.02752440,0.00000000,1,0
D,FPP,CONSTRAINT_FREQ_MEASURE,1,"2025/05/01 21:00:00","2025/05/01 20:59:28",F_T+LREG_0050,1,LOWERREG,0.04128570,0.00000000,1,0
D,FPP,CONSTRAINT_FREQ_MEASURE,1,"2025/05/01 21:00:00","2025/05/01 20:59:28",F_T+RREG_0050,1,RAISEREG,0.04128570,0.00000000,1,0
D,FPP,CONSTRAINT_FREQ_MEASURE,1,"2025/05/01 21:00:00","2025/05/01 20:59:28",F_TASCAP_RREG_0220,1,RAISEREG,0.02676523,0.00000000,1,0
D,FPP,CONSTRAINT_FREQ_MEASURE,1,"2025/05/01 21:00:00","2025/05/01 20:59:32",F_I+NIL_APD_TL_L5,1,LOWERREG,0.02543176,0.00000000,1,0
D,FPP,CONSTRAINT_FREQ_MEASURE,1,"2025/05/01 21:00:00","2025/05/01 20:59:32",F_T+LREG_0050,1,LOWERREG,0.03988888,0.00000000,1,0
D,FPP,CONSTRAINT_FREQ_MEASURE,1,"2025/05/01 21:00:00","2025/05/01 20:59:32",F_T+RREG_0050,1,RAISEREG,0.03988888,0.00000000,1,0
D,FPP,CONSTRAINT_FREQ_MEASURE,1,"2025/05/01 21:00:00","2025/05/01 20:59:32",F_TASCAP_RREG_0220,1,RAISEREG,0.02463421,0.00000000,1,0
D,FPP,CONSTRAINT_FREQ_MEASURE,1,"2025/05/01 21:00:00","2025/05/01 20:59:36",F_I+NIL_APD_TL_L5,1,LOWERREG,0.02378182,0.00000000,1,0
D,FPP,CONSTRAINT_FREQ_MEASURE,1,"2025/05/01 21:00:00","2025/05/01 20:59:36",F_T+LREG_0050,1,LOWERREG,0.04213580,0.00000000,1,0
D,FPP,CONSTRAINT_FREQ_MEASURE,1,"2025/05/01 21:00:00","2025/05/01 20:59:36",F_T+RREG_0050,1,RAISEREG,0.04213580,0.00000000,1,0
D,FPP,CONSTRAINT_FREQ_MEASURE,1,"2025/05/01 21:00:00","2025/05/01 20:59:36",F_TASCAP_RREG_0220,1,RAISEREG,0.02276929,0.00000000,1,0
D,FPP,CONSTRAINT_FREQ_MEASURE,1,"2025/05/01 21:00:00","2025/05/01 20:59:40",F_I+NIL_APD_TL_L5,1,LOWERREG,0.01996867,0.00000000,1,0
D,FPP,CONSTRAINT_FREQ_MEASURE,1,"2025/05/01 21:00:00","2025/05/01 20:59:40",F_T+LREG_0050,1,LOWERREG,0.03432784,0.00000000,1,0
D,FPP,CONSTRAINT_FREQ_MEASURE,1,"2025/05/01 21:00:00","2025/05/01 20:59:40",F_T+RREG_0050,1,RAISEREG,0.03432784,0.00000000,1,0
D,FPP,CONSTRAINT_FREQ_MEASURE,1,"2025/05/01 21:00:00","2025/05/01 20:59:40",F_TASCAP_RREG_0220,1,RAISEREG,0.01917652,0.00000000,1,0
D,FPP,CONSTRAINT_FREQ_MEASURE,1,"2025/05/01 21:00:00","2025/05/01 20:59:44",F_I+NIL_APD_TL_L5,1,LOWERREG,0.01605924,0.00000000,1,0
D,FPP,CONSTRAINT_FREQ_MEASURE,1,"2025/05/01 21:00:00","2025/05/01 20:59:44",F_T+LREG_0050,1,LOWERREG,0.01803276,0.00000000,1,0
D,FPP,CONSTRAINT_FREQ_MEASURE,1,"2025/05/01 21:00:00","2025/05/01 20:59:44",F_T+RREG_0050,1,RAISEREG,0.01803276,0.00000000,1,0
D,FPP,CONSTRAINT_FREQ_MEASURE,1,"2025/05/01 21:00:00","2025/05/01 20:59:44",F_TASCAP_RREG_0220,1,RAISEREG,0.01595037,0.00000000,1,0
D,FPP,CONSTRAINT_FREQ_MEASURE,1,"2025/05/01 21:00:00","2025/05/01 20:59:48",F_I+NIL_APD_TL_L5,1,LOWERREG,0.01483836,0.00000000,1,0
D,FPP,CONSTRAINT_FREQ_MEASURE,1,"2025/05/01 21:00:00","2025/05/01 20:59:48",F_T+LREG_0050,1,LOWERREG,0.01135881,0.00000000,1,0
D,FPP,CONSTRAINT_FREQ_MEASURE,1,"2025/05/01 21:00:00","2025/05/01 20:59:48",F_T+RREG_0050,1,RAISEREG,0.01135881,0.00000000,1,0
D,FPP,CONSTRAINT_FREQ_MEASURE,1,"2025/05/01 21:00:00","2025/05/01 20:59:48",F_TASCAP_RREG_0220,1,RAISEREG,0.01503032,0.00000000,1,0
D,FPP,CONSTRAINT_FREQ_MEASURE,1,"2025/05/01 21:00:00","2025/05/01 20:59:52",F_I+NIL_APD_TL_L5,1,LOWERREG,0.01544431,0.00000000,1,0
D,FPP,CONSTRAINT_FREQ_MEASURE,1,"2025/05/01 21:00:00","2025/05/01 20:59:52",F_T+LREG_0050,1,LOWERREG,0.01239019,0.00000000,1,0
D,FPP,CONSTRAINT_FREQ_MEASURE,1,"2025/05/01 21:00:00","2025/05/01 20:59:52",F_T+RREG_0050,1,RAISEREG,0.01239019,0.00000000,1,0
D,FPP,CONSTRAINT_FREQ_MEASURE,1,"2025/05/01 21:00:00","2025/05/01 20:59:52",F_TASCAP_RREG_0220,1,RAISEREG,0.01561280,0.00000000,1,0
D,FPP,CONSTRAINT_FREQ_MEASURE,1,"2025/05/01 21:00:00","2025/05/01 20:59:56",F_I+NIL_APD_TL_L5,1,LOWERREG,0.01685019,0.00000000,1,0
D,FPP,CONSTRAINT_FREQ_MEASURE,1,"2025/05/01 21:00:00","2025/05/01 20:59:56",F_T+LREG_0050,1,LOWERREG,0.01763681,0.00000000,1,0
D,FPP,CONSTRAINT_FREQ_MEASURE,1,"2025/05/01 21:00:00","2025/05/01 20:59:56",F_T+RREG_0050,1,RAISEREG,0.01763681,0.00000000,1,0
D,FPP,CONSTRAINT_FREQ_MEASURE,1,"2025/05/01 21:00:00","2025/05/01 20:59:56",F_TASCAP_RREG_0220,1,RAISEREG,0.01680680,0.00000000,1,0
D,FPP,CONSTRAINT_FREQ_MEASURE,1,"2025/05/01 21:00:00","2025/05/01 21:00:00",F_I+NIL_APD_TL_L5,1,LOWERREG,0.01746353,0.00000000,1,0
D,FPP,CONSTRAINT_FREQ_MEASURE,1,"2025/05/01 21:00:00","2025/05/01 21:00:00",F_T+LREG_0050,1,LOWERREG,0.01305085,0.00000000,1,0
D,FPP,CONSTRAINT_FREQ_MEASURE,1,"2025/05/01 21:00:00","2025/05/01 21:00:00",F_T+RREG_0050,1,RAISEREG,0.01305085,0.00000000,1,0
D,FPP,CONSTRAINT_FREQ_MEASURE,1,"2025/05/01 21:00:00","2025/05/01 21:00:00",F_TASCAP_RREG_0220,1,RAISEREG,0.01770697,0.00000000,1,0
I,FPP,FPP_RCR,1,INTERVAL_DATETIME,CONSTRAINTID,VERSIONNO,BIDTYPE,RCR,RCR_REASON_FLAG
D,FPP,FPP_RCR,1,"2025/05/01 21:00:00",F_I+NIL_APD_TL_L5,1,LOWERREG,0.00000,1
D,FPP,FPP_RCR,1,"2025/05/01 21:00:00",F_T+LREG_0050,1,LOWERREG,0.00000,1
D,FPP,FPP_RCR,1,"2025/05/01 21:00:00",F_T+RREG_0050,1,RAISEREG,32.94891,0
D,FPP,FPP_RCR,1,"2025/05/01 21:00:00",F_TASCAP_RREG_0220,1,RAISEREG,308.67272,0
I,FPP,FPP_USAGE,1,INTERVAL_DATETIME,CONSTRAINTID,VERSIONNO,BIDTYPE,REGULATION_MW,USED_MW,USAGE,USAGE_REASON_FLAG,USAGE_VALUE
D,FPP,FPP_USAGE,1,"2025/05/01 21:00:00",F_I+NIL_APD_TL_L5,1,LOWERREG,264.00000000,28.64716000,0.00000000,1,0.00000000
D,FPP,FPP_USAGE,1,"2025/05/01 21:00:00",F_T+LREG_0050,1,LOWERREG,50.00000000,28.61272000,0.00000000,1,0.00000000
D,FPP,FPP_USAGE,1,"2025/05/01 21:00:00",F_T+RREG_0050,1,RAISEREG,50.00000000,7.54214000,0.15084280,0,0.15084280
D,FPP,FPP_USAGE,1,"2025/05/01 21:00:00",F_TASCAP_RREG_0220,1,RAISEREG,170.00000000,103.42259000,0.60836818,0,0.60836818
I,FPP,REGION_FREQ_MEASURE,1,INTERVAL_DATETIME,MEASUREMENT_DATETIME,REGIONID,VERSIONNO,FREQ_DEVIATION_HZ,HZ_QUALITY_FLAG,FREQ_MEASURE_HZ,FM_ALIGNMENT_FLAG
D,FPP,REGION_FREQ_MEASURE,1,"2025/05/01 21:00:00","2025/05/01 20:55:04",NSW1,1,-0.03100000,1,0.02102659,1
D,FPP,REGION_FREQ_MEASURE,1,"2025/05/01 21:00:00","2025/05/01 20:55:04",QLD1,1,-0.03000000,1,0.01956361,1
D,FPP,REGION_FREQ_MEASURE,1,"2025/05/01 21:00:00","2025/05/01 20:55:04",SA1,1,-0.01200000,1,0.01571466,1
D,FPP,REGION_FREQ_MEASURE,1,"2025/05/01 21:00:00","2025/05/01 20:55:04",TAS1,1,0.01100000,1,0.00771396,1
D,FPP,REGION_FREQ_MEASURE,1,"2025/05/01 21:00:00","2025/05/01 20:55:04",VIC1,1,-0.01300000,1,0.01463021,1
D,FPP,REGION_FREQ_MEASURE,1,"2025/05/01 21:00:00","2025/05/01 20:55:08",NSW1,1,-0.03300000,1,0.02368735,1
D,FPP,REGION_FREQ_MEASURE,1,"2025/05/01 21:00:00","2025/05/01 20:55:08",QLD1,1,-0.03200000,1,0.02232725,1
D,FPP,REGION_FREQ_MEASURE,1,"2025/05/01 21:00:00","2025/05/01 20:55:08",SA1,1,-0.02600000,1,0.01800029,1
D,FPP,REGION_FREQ_MEASURE,1,"2025/05/01 21:00:00","2025/05/01 20:55:08",TAS1,1,-0.01100000,1,0.00844419,1
D,FPP,REGION_FREQ_MEASURE,1,"2025/05/01 21:00:00","2025/05/01 20:55:08",VIC1,1,-0.02900000,1,0.01782350,1
D,FPP,REGION_FREQ_MEASURE,1,"2025/05/01 21:00:00","2025/05/01 20:55:12",NSW1,1,-0.02900000,1,0.02486794,1
D,FPP,REGION_FREQ_MEASURE,1,"2025/05/01 21:00:00","2025/05/01 20:55:12",QLD1,1,-0.03000000,1,0.02403231,1
D,FPP,REGION_FREQ_MEASURE,1,"2025/05/01 21:00:00","2025/05/01 20:55:12",SA1,1,-0.03000000,1,0.02066689,1
D,FPP,REGION_FREQ_MEASURE,1,"2025/05/01 21:00:00","2025/05/01 20:55:12",TAS1,1,-0.02900000,1,0.01301215,1
D,FPP,REGION_FREQ_MEASURE,1,"2025/05/01 21:00:00","2025/05/01 20:55:12",VIC1,1,-0.03500000,1,0.02164050,1
D,FPP,REGION_FREQ_MEASURE,1,"2025/05/01 21:00:00","2025/05/01 20:55:16",NSW1,1,-0.03400000,1,0.02689729,1
D,FPP,REGION_FREQ_MEASURE,1,"2025/05/01 21:00:00","2025/05/01 20:55:16",QLD1,1,-0.03000000,1,0.02535846,1
D,FPP,REGION_FREQ_MEASURE,1,"2025/05/01 21:00:00","2025/05/01 20:55:16",SA1,1,-0.03300000,1,0.02340758,1
D,FPP,REGION_FREQ_MEASURE,1,"2025/05/01 21:00:00","2025/05/01 20:55:16",TAS1,1,-0.04800000,1,0.02078723,1
D,FPP,REGION_FREQ_MEASURE,1,"2025/05/01 21:00:00","2025/05/01 20:55:16",VIC1,1,-0.03300000,1,0.02416483,1
D,FPP,REGION_FREQ_MEASURE,1,"2025/05/01 21:00:00","2025/05/01 20:55:20",NSW1,1,-0.03100000,1,0.02780900,1
D,FPP,REGION_FREQ_MEASURE,1,"2025/05/01 21:00:00","2025/05/01 20:55:20",QLD1,1,-0.03100000,1,0.02661214,1
D,FPP,REGION_FREQ_MEASURE,1,"2025/05/01 21:00:00","2025/05/01 20:55:20",SA1,1,-0.02700000,1,0.02420590,1
D,FPP,REGION_FREQ_MEASURE,1,"2025/05/01 21:00:00","2025/05/01 20:55:20",TAS1,1,-0.03600000,1,0.02416785,1
D,FPP,REGION_FREQ_MEASURE,1,"2025/05/01 21:00:00","2025/05/01 20:55:20",VIC1,1,-0.02700000,1,0.02479487,1
D,FPP,REGION_FREQ_MEASURE,1,"2025/05/01 21:00:00","2025/05/01 20:55:24",NSW1,1,-0.02500000,1,0.02718478,1
D,FPP,REGION_FREQ_MEASURE,1,"2025/05/01 21:00:00","2025/05/01 20:55:24",QLD1,1,-0.03100000,1,0.02758722,1
D,FPP,REGION_FREQ_MEASURE,1,"2025/05/01 21:00:00","2025/05/01 20:55:24",SA1,1,-0.03500000,1,0.02660459,1
D,FPP,REGION_FREQ_MEASURE,1,"2025/05/01 21:00:00","2025/05/01 20:55:24",TAS1,1,-0.04600000,1,0.02901944,1
D,FPP,REGION_FREQ_MEASURE,1,"2025/05/01 21:00:00","2025/05/01 20:55:24",VIC1,1,-0.03500000,1,0.02706268,1
D,FPP,REGION_FREQ_MEASURE,1,"2025/05/01 21:00:00","2025/05/01 20:55:28",NSW1,1,-0.02000000,1,0.02558816,1
D,FPP,REGION_FREQ_MEASURE,1,"2025/05/01 21:00:00","2025/05/01 20:55:28",QLD1,1,-0.01700000,1,0.02523450,1
D,FPP,REGION_FREQ_MEASURE,1,"2025/05/01 21:00:00","2025/05/01 20:55:28",SA1,1,-0.03100000,1,0.02758135,1
D,FPP,REGION_FREQ_MEASURE,1,"2025/05/01 21:00:00","2025/05/01 20:55:28",TAS1,1,-0.05700000,1,0.03523734,1
D,FPP,REGION_FREQ_MEASURE,1,"2025/05/01 21:00:00","2025/05/01 20:55:28",VIC1,1,-0.03100000,1,0.02793764,1
D,FPP,REGION_FREQ_MEASURE,1,"2025/05/01 21:00:00","2025/05/01 20:55:32",NSW1,1,-0.02500000,1,0.02545746,1
D,FPP,REGION_FREQ_MEASURE,1,"2025/05/01 21:00:00","2025/05/01 20:55:32",QLD1,1,-0.02500000,1,0.02518239,1
D,FPP,REGION_FREQ_MEASURE,1,"2025/05/01 21:00:00","2025/05/01 20:55:32",SA1,1,-0.02700000,1,0.02745216,1
D,FPP,REGION_FREQ_MEASURE,1,"2025/05/01 21:00:00","2025/05/01 20:55:32",TAS1,1,-0.07000000,1,0.04296238,1
D,FPP,REGION_FREQ_MEASURE,1,"2025/05/01 21:00:00","2025/05/01 20:55:32",VIC1,1,-0.02200000,1,0.02661816,1
D,FPP,REGION_FREQ_MEASURE,1,"2025/05/01 21:00:00","2025/05/01 20:55:36",NSW1,1,-0.02300000,1,0.02491136,1
D,FPP,REGION_FREQ_MEASURE,1,"2025/05/01 21:00:00","2025/05/01 20:55:36",QLD1,1,-0.02500000,1,0.02514186,1
D,FPP,REGION_FREQ_MEASURE,1,"2025/05/01 21:00:00","2025/05/01 20:55:36",SA1,1,-0.02200000,1,0.02624057,1
D,FPP,REGION_FREQ_MEASURE,1,"2025/05/01 21:00:00","2025/05/01 20:55:36",TAS1,1,-0.05000000,1,0.04452630,1
D,FPP,REGION_FREQ_MEASURE,1,"2025/05/01 21:00:00","2025/05/01 20:55:36",VIC1,1,-0.02400000,1,0.02603635,1
D,FPP,REGION_FREQ_MEASURE,1,"2025/05/01 21:00:00","2025/05/01 20:55:40",NSW1,1,-0.02500000,1,0.02493106,1
D,FPP,REGION_FREQ_MEASURE,1,"2025/05/01 21:00:00","2025/05/01 20:55:40",QLD1,1,-0.02500000,1,0.02511034,1
D,FPP,REGION_FREQ_MEASURE,1,"2025/05/01 21:00:00","2025/05/01 20:55:40",SA1,1,-0.02700000,1,0.02640933,1
D,FPP,REGION_FREQ_MEASURE,1,"2025/05/01 21:00:00","2025/05/01 20:55:40",TAS1,1,-0.02500000,1,0.04018712,1
D,FPP,REGION_FREQ_MEASURE,1,"2025/05/01 21:00:00","2025/05/01 20:55:40",VIC1,1,-0.02700000,1,0.02625049,1
D,FPP,REGION_FREQ_MEASURE,1,"2025/05/01 21:00:00","2025/05/01 20:55:44",NSW1,1,-0.02600000,1,0.02516860,1
D,FPP,REGION_FREQ_MEASURE,1,"2025/05/01 21:00:00","2025/05/01 20:55:44",QLD1,1,-0.02600000,1,0.02530804,1
D,FPP,REGION_FREQ_MEASURE,1,"2025/05/01 21:00:00","2025/05/01 20:55:44",SA1,1,-0.02200000,1,0.02542948,1
D,FPP,REGION_FREQ_MEASURE,1,"2025/05/01 21:00:00","2025/05/01 20:55:44",TAS1,1,-0.01900000,1,0.03547887,1
D,FPP,REGION_FREQ_MEASURE,1,"2025/05/01 21:00:00","2025/05/01 20:55:44",VIC1,1,-0.02400000,1,0.02575038,1
D,FPP,REGION_FREQ_MEASURE,1,"2025/05/01 21:00:00","2025/05/01 20:55:48",NSW1,1,-0.02300000,1,0.02468669,1
D,FPP,REGION_FREQ_MEASURE,1,"2025/05/01 21:00:00","2025/05/01 20:55:48",QLD1,1,-0.02400000,1,0.02501736,1
D,FPP,REGION_FREQ_MEASURE,1,"2025/05/01 21:00:00","2025/05/01 20:55:48",SA1,1,-0.02200000,1,0.02466737,1
D,FPP,REGION_FREQ_MEASURE,1,"2025/05/01 21:00:00","2025/05/01 20:55:48",TAS1,1,-0.02700000,1,0.03359468,1
D,FPP,REGION_FREQ_MEASURE,1,"2025/05/01 21:00:00","2025/05/01 20:55:48",VIC1,1,-0.02500000,1,0.02558363,1
D,FPP,REGION_FREQ_MEASURE,1,"2025/05/01 21:00:00","2025/05/01 20:55:52",NSW1,1,-0.02300000,1,0.02431187,1
D,FPP,REGION_FREQ_MEASURE,1,"2025/05/01 21:00:00","2025/05/01 20:55:52",QLD1,1,-0.01900000,1,0.02368017,1
D,FPP,REGION_FREQ_MEASURE,1,"2025/05/01 21:00:00","2025/05/01 20:55:52",SA1,1,-0.02500000,1,0.02474129,1
D,FPP,REGION_FREQ_MEASURE,1,"2025/05/01 21:00:00","2025/05/01 20:55:52",TAS1,1,-0.04300000,1,0.03568475,1
D,FPP,REGION_FREQ_MEASURE,1,"2025/05/01 21:00:00","2025/05/01 20:55:52",VIC1,1,-0.02500000,1,0.02545393,1
D,FPP,REGION_FREQ_MEASURE,1,"2025/05/01 21:00:00","2025/05/01 20:55:56",NSW1,1,-0.03800000,1,0.02735368,1
D,FPP,REGION_FREQ_MEASURE,1,"2025/05/01 21:00:00","2025/05/01 20:55:56",QLD1,1,-0.03700000,1,0.02664013,1
D,FPP,REGION_FREQ_MEASURE,1,"2025/05/01 21:00:00","2025/05/01 20:55:56",SA1,1,-0.02000000,1,0.02368767,1
D,FPP,REGION_FREQ_MEASURE,1,"2025/05/01 21:00:00","2025/05/01 20:55:56",TAS1,1,-0.04300000,1,0.03731036,1
D,FPP,REGION_FREQ_MEASURE,1,"2025/05/01 21:00:00","2025/05/01 20:55:56",VIC1,1,-0.02000000,1,0.02424195,1
D,FPP,REGION_FREQ_MEASURE,1,"2025/05/01 21:00:00","2025/05/01 20:56:00",NSW1,1,-0.03700000,1,0.02949731,1
D,FPP,REGION_FREQ_MEASURE,1,"2025/05/01 21:00:00","2025/05/01 20:56:00",QLD1,1,-0.03800000,1,0.02916455,1
D,FPP,REGION_FREQ_MEASURE,1,"2025/05/01 21:00:00","2025/05/01 20:56:00",SA1,1,-0.02200000,1,0.02331263,1
D,FPP,REGION_FREQ_MEASURE,1,"2025/05/01 21:00:00","2025/05/01 20:56:00",TAS1,1,-0.04000000,1,0.03790806,1
D,FPP,REGION_FREQ_MEASURE,1,"2025/05/01 21:00:00","2025/05/01 20:56:00",VIC1,1,-0.03500000,1,0.02663263,1
D,FPP,REGION_FREQ_MEASURE,1,"2025/05/01 21:00:00","2025/05/01 20:56:04",NSW1,1,-0.03400000,1,0.03049791,1
D,FPP,REGION_FREQ_MEASURE,1,"2025/05/01 21:00:00","2025/05/01 20:56:04",QLD1,1,-0.03700000,1,0.03090576,1
D,FPP,REGION_FREQ_MEASURE,1,"2025/05/01 21:00:00","2025/05/01 20:56:04",SA1,1,-0.04000000,1,0.02702093,1
D,FPP,REGION_FREQ_MEASURE,1,"2025/05/01 21:00:00","2025/05/01 20:56:04",TAS1,1,-0.02700000,1,0.03548405,1
D,FPP,REGION_FREQ_MEASURE,1,"2025/05/01 21:00:00","2025/05/01 20:56:04",VIC1,1,-0.04000000,1,0.02960316,1
D,FPP,REGION_FREQ_MEASURE,1,"2025/05/01 21:00:00","2025/05/01 20:56:08",NSW1,1,-0.03800000,1,0.03216504,1
D,FPP,REGION_FREQ_MEASURE,1,"2025/05/01 21:00:00","2025/05/01 20:56:08",QLD1,1,-0.03900000,1,0.03270448,1
D,FPP,REGION_FREQ_MEASURE,1,"2025/05/01 21:00:00","2025/05/01 20:56:08",SA1,1,-0.03700000,1,0.02923850,1
D,FPP,REGION_FREQ_MEASURE,1,"2025/05/01 21:00:00","2025/05/01 20:56:08",TAS1,1,-0.03100000,1,0.03448759,1
D,FPP,REGION_FREQ_MEASURE,1,"2025/05/01 21:00:00","2025/05/01 20:56:08",VIC1,1,-0.03800000,1,0.03146912,1
D,FPP,REGION_FREQ_MEASURE,1,"2025/05/01 21:00:00","2025/05/01 20:56:12",NSW1,1,-0.03400000,1,0.03257281,1
D,FPP,REGION_FREQ_MEASURE,1,"2025/05/01 21:00:00","2025/05/01 20:56:12",QLD1,1,-0.03600000,1,0.03343682,1
D,FPP,REGION_FREQ_MEASURE,1,"2025/05/01 21:00:00","2025/05/01 20:56:12",SA1,1,-0.03500000,1,0.03051883,1
D,FPP,REGION_FREQ_MEASURE,1,"2025/05/01 21:00:00","2025/05/01 20:56:12",TAS1,1,-0.04100000,1,0.03593479,1
D,FPP,REGION_FREQ_MEASURE,1,"2025/05/01 21:00:00","2025/05/01 20:56:12",VIC1,1,-0.03800000,1,0.03292043,1
D,FPP,REGION_FREQ_MEASURE,1,"2025/05/01 21:00:00","2025/05/01 20:56:16",NSW1,1,-0.02900000,1,0.03177885,1
D,FPP,REGION_FREQ_MEASURE,1,"2025/05/01 21:00:00","2025/05/01 20:56:16",QLD1,1,-0.03100000,1,0.03289530,1
D,FPP,REGION_FREQ_MEASURE,1,"2025/05/01 21:00:00","2025/05/01 20:56:16",SA1,1,-0.03500000,1,0.03151465,1
D,FPP,REGION_FREQ_MEASURE,1,"2025/05/01 21:00:00","2025/05/01 20:56:16",TAS1,1,-0.03400000,1,0.03550484,1
D,FPP,REGION_FREQ_MEASURE,1,"2025/05/01 21:00:00","2025/05/01 20:56:16",VIC1,1,-0.03500000,1,0.03338256,1
D,FPP,REGION_FREQ_MEASURE,1,"2025/05/01 21:00:00","2025/05/01 20:56:20",NSW1,1,-0.04100000,1,0.03382799,1
D,FPP,REGION_FREQ_MEASURE,1,"2025/05/01 21:00:00","2025/05/01 20:56:20",QLD1,1,-0.03300000,1,0.03291857,1
D,FPP,REGION_FREQ_MEASURE,1,"2025/05/01 21:00:00","2025/05/01 20:56:20",SA1,1,-0.03200000,1,0.03162251,1
D,FPP,REGION_FREQ_MEASURE,1,"2025/05/01 21:00:00","2025/05/01 20:56:20",TAS1,1,-0.01900000,1,0.03183710,1
D,FPP,REGION_FREQ_MEASURE,1,"2025/05/01 21:00:00","2025/05/01 20:56:20",VIC1,1,-0.03300000,1,0.03329755,1
D,FPP,REGION_FREQ_MEASURE,1,"2025/05/01 21:00:00","2025/05/01 20:56:24",NSW1,1,-0.03600000,1,0.03431066,1
D,FPP,REGION_FREQ_MEASURE,1,"2025/05/01 21:00:00","2025/05/01 20:56:24",QLD1,1,-0.03800000,1,0.03404778,1
D,FPP,REGION_FREQ_MEASURE,1,"2025/05/01 21:00:00","2025/05/01 20:56:24",SA1,1,-0.03100000,1,0.03148417,1
D,FPP,REGION_FREQ_MEASURE,1,"2025/05/01 21:00:00","2025/05/01 20:56:24",TAS1,1,-0.00500000,1,0.02587330,1
D,FPP,REGION_FREQ_MEASURE,1,"2025/05/01 21:00:00","2025/05/01 20:56:24",VIC1,1,-0.03600000,1,0.03389809,1
D,FPP,REGION_FREQ_MEASURE,1,"2025/05/01 21:00:00","2025/05/01 20:56:28",NSW1,1,-0.02600000,1,0.03246385,1
D,FPP,REGION_FREQ_MEASURE,1,"2025/05/01 21:00:00","2025/05/01 20:56:28",QLD1,1,-0.02900000,1,0.03292605,1
D,FPP,REGION_FREQ_MEASURE,1,"2025/05/01 21:00:00","2025/05/01 20:56:28",SA1,1,-0.03900000,1,0.03315435,1
D,FPP,REGION_FREQ_MEASURE,1,"2025/05/01 21:00:00","2025/05/01 20:56:28",TAS1,1,-0.02200000,1,0.02501257,1
D,FPP,REGION_FREQ_MEASURE,1,"2025/05/01 21:00:00","2025/05/01 20:56:28",VIC1,1,-0.04100000,1,0.03547629,1
D,FPP,REGION_FREQ_MEASURE,1,"2025/05/01 21:00:00","2025/05/01 20:56:32",NSW1,1,-0.02600000,1,0.03102744,1
D,FPP,REGION_FREQ_MEASURE,1,"2025/05/01 21:00:00","2025/05/01 20:56:32",QLD1,1,-0.02300000,1,0.03072026,1
D,FPP,REGION_FREQ_MEASURE,1,"2025/05/01 21:00:00","2025/05/01 20:56:32",SA1,1,-0.03400000,1,0.03334227,1
D,FPP,REGION_FREQ_MEASURE,1,"2025/05/01 21:00:00","2025/05/01 20:56:32",TAS1,1,-0.05100000,1,0.03078755,1
D,FPP,REGION_FREQ_MEASURE,1,"2025/05/01 21:00:00","2025/05/01 20:56:32",VIC1,1,-0.03200000,1,0.03470378,1
D,FPP,REGION_FREQ_MEASURE,1,"2025/05/01 21:00:00","2025/05/01 20:56:36",NSW1,1,-0.03000000,1,0.03079912,1
D,FPP,REGION_FREQ_MEASURE,1,"2025/05/01 21:00:00","2025/05/01 20:56:36",QLD1,1,-0.03100000,1,0.03078242,1
D,FPP,REGION_FREQ_MEASURE,1,"2025/05/01 21:00:00","2025/05/01 20:56:36",SA1,1,-0.02800000,1,0.03215510,1
D,FPP,REGION_FREQ_MEASURE,1,"2025/05/01 21:00:00","2025/05/01 20:56:36",TAS1,1,-0.05400000,1,0.03594587,1
D,FPP,REGION_FREQ_MEASURE,1,"2025/05/01 21:00:00","2025/05/01 20:56:36",VIC1,1,-0.02800000,1,0.03321405,1
D,FPP,REGION_FREQ_MEASURE,1,"2025/05/01 21:00:00","2025/05/01 20:56:40",NSW1,1,-0.03400000,1,0.03151043,1
D,FPP,REGION_FREQ_MEASURE,1,"2025/05/01 21:00:00","2025/05/01 20:56:40",QLD1,1,-0.03400000,1,0.03149744,1
D,FPP,REGION_FREQ_MEASURE,1,"2025/05/01 21:00:00","2025/05/01 20:56:40",SA1,1,-0.02600000,1,0.03078730,1
D,FPP,REGION_FREQ_MEASURE,1,"2025/05/01 21:00:00","2025/05/01 20:56:40",TAS1,1,-0.04500000,1,0.03795790,1
D,FPP,REGION_FREQ_MEASURE,1,"2025/05/01 21:00:00","2025/05/01 20:56:40",VIC1,1,-0.02600000,1,0.03161093,1
D,FPP,REGION_FREQ_MEASURE,1,"2025/05/01 21:00:00","2025/05/01 20:56:44",NSW1,1,-0.03900000,1,0.03317478,1
D,FPP,REGION_FREQ_MEASURE,1,"2025/05/01 21:00:00","2025/05/01 20:56:44",QLD1,1,-0.03800000,1,0.03294245,1
D,FPP,REGION_FREQ_MEASURE,1,"2025/05/01 21:00:00","2025/05/01 20:56:44",SA1,1,-0.03300000,1,0.03127901,1
D,FPP,REGION_FREQ_MEASURE,1,"2025/05/01 21:00:00","2025/05/01 20:56:44",TAS1,1,-0.06100000,1,0.04307837,1
D,FPP,REGION_FREQ_MEASURE,1,"2025/05/01 21:00:00","2025/05/01 20:56:44",VIC1,1,-0.03200000,1,0.03169739,1
D,FPP,REGION_FREQ_MEASURE,1,"2025/05/01 21:00:00","2025/05/01 20:56:48",NSW1,1,-0.04100000,1,0.03491372,1
D,FPP,REGION_FREQ_MEASURE,1,"2025/05/01 21:00:00","2025/05/01 20:56:48",QLD1,1,-0.04000000,1,0.03451079,1
D,FPP,REGION_FREQ_MEASURE,1,"2025/05/01 21:00:00","2025/05/01 20:56:48",SA1,1,-0.04000000,1,0.03321701,1
D,FPP,REGION_FREQ_MEASURE,1,"2025/05/01 21:00:00","2025/05/01 20:56:48",TAS1,1,-0.12400000,1,0.06106095,1
D,FPP,REGION_FREQ_MEASURE,1,"2025/05/01 21:00:00","2025/05/01 20:56:48",VIC1,1,-0.03700000,1,0.03287575,1
D,FPP,REGION_FREQ_MEASURE,1,"2025/05/01 21:00:00","2025/05/01 20:56:52",NSW1,1,-0.04300000,1,0.03671067,1
D,FPP,REGION_FREQ_MEASURE,1,"2025/05/01 21:00:00","2025/05/01 20:56:52",QLD1,1,-0.04300000,1,0.03639728,1
D,FPP,REGION_FREQ_MEASURE,1,"2025/05/01 21:00:00","2025/05/01 20:56:52",SA1,1,-0.03500000,1,0.03361323,1
D,FPP,REGION_FREQ_MEASURE,1,"2025/05/01 21:00:00","2025/05/01 20:56:52",TAS1,1,-0.05100000,1,0.05882518,1
D,FPP,REGION_FREQ_MEASURE,1,"2025/05/01 21:00:00","2025/05/01 20:56:52",VIC1,1,-0.04100000,1,0.03468114,1
D,FPP,REGION_FREQ_MEASURE,1,"2025/05/01 21:00:00","2025/05/01 20:56:56",NSW1,1,-0.03700000,1,0.03677497,1
D,FPP,REGION_FREQ_MEASURE,1,"2025/05/01 21:00:00","2025/05/01 20:56:56",QLD1,1,-0.03900000,1,0.03697566,1
D,FPP,REGION_FREQ_MEASURE,1,"2025/05/01 21:00:00","2025/05/01 20:56:56",SA1,1,-0.04200000,1,0.03547696,1
D,FPP,REGION_FREQ_MEASURE,1,"2025/05/01 21:00:00","2025/05/01 20:56:56",TAS1,1,-0.02200000,1,0.05064181,1
D,FPP,REGION_FREQ_MEASURE,1,"2025/05/01 21:00:00","2025/05/01 20:56:56",VIC1,1,-0.04100000,1,0.03608533,1
D,FPP,REGION_FREQ_MEASURE,1,"2025/05/01 21:00:00","2025/05/01 20:57:00",NSW1,1,-0.04100000,1,0.03771387,1
D,FPP,REGION_FREQ_MEASURE,1,"2025/05/01 21:00:00","2025/05/01 20:57:00",QLD1,1,-0.03500000,1,0.03653662,1
D,FPP,REGION_FREQ_MEASURE,1,"2025/05/01 21:00:00","2025/05/01 20:57:00",SA1,1,-0.04200000,1,0.03692652,1
D,FPP,REGION_FREQ_MEASURE,1,"2025/05/01 21:00:00","2025/05/01 20:57:00",TAS1,1,-0.02700000,1,0.04538807,1
D,FPP,REGION_FREQ_MEASURE,1,"2025/05/01 21:00:00","2025/05/01 20:57:00",VIC1,1,-0.04100000,1,0.03717748,1
D,FPP,REGION_FREQ_MEASURE,1,"2025/05/01 21:00:00","2025/05/01 20:57:04",NSW1,1,-0.05500000,1,0.04155523,1
D,FPP,REGION_FREQ_MEASURE,1,"2025/05/01 21:00:00","2025/05/01 20:57:04",QLD1,1,-0.05400000,1,0.04041737,1
D,FPP,REGION_FREQ_MEASURE,1,"2025/05/01 21:00:00","2025/05/01 20:57:04",SA1,1,-0.03100000,1,0.03560952,1
D,FPP,REGION_FREQ_MEASURE,1,"2025/05/01 21:00:00","2025/05/01 20:57:04",TAS1,1,-0.03400000,1,0.04285739,1
D,FPP,REGION_FREQ_MEASURE,1,"2025/05/01 21:00:00","2025/05/01 20:57:04",VIC1,1,-0.03300000,1,0.03624915,1
D,FPP,REGION_FREQ_MEASURE,1,"2025/05/01 21:00:00","2025/05/01 20:57:08",NSW1,1,-0.04200000,1,0.04165407,1
D,FPP,REGION_FREQ_MEASURE,1,"2025/05/01 21:00:00","2025/05/01 20:57:08",QLD1,1,-0.04600000,1,0.04165795,1
D,FPP,REGION_FREQ_MEASURE,1,"2025/05/01 21:00:00","2025/05/01 20:57:08",SA1,1,-0.04700000,1,0.03814074,1
D,FPP,REGION_FREQ_MEASURE,1,"2025/05/01 21:00:00","2025/05/01 20:57:08",TAS1,1,-0.05900000,1,0.04644464,1
D,FPP,REGION_FREQ_MEASURE,1,"2025/05/01 21:00:00","2025/05/01 20:57:08",VIC1,1,-0.05500000,1,0.04041601,1
D,FPP,REGION_FREQ_MEASURE,1,"2025/05/01 21:00:00","2025/05/01 20:57:12",NSW1,1,-0.04100000,1,0.04150872,1
D,FPP,REGION_FREQ_MEASURE,1,"2025/05/01 21:00:00","2025/05/01 20:57:12",QLD1,1,-0.03900000,1,0.04106729,1
D,FPP,REGION_FREQ_MEASURE,1,"2025/05/01 21:00:00","2025/05/01 20:57:12",SA1,1,-0.05600000,1,0.04210946,1
D,FPP,REGION_FREQ_MEASURE,1,"2025/05/01 21:00:00","2025/05/01 20:57:12",TAS1,1,-0.02000000,1,0.04056805,1
D,FPP,REGION_FREQ_MEASURE,1,"2025/05/01 21:00:00","2025/05/01 20:57:12",VIC1,1,-0.05200000,1,0.04299023,1
D,FPP,REGION_FREQ_MEASURE,1,"2025/05/01 21:00:00","2025/05/01 20:57:16",NSW1,1,-0.04700000,1,0.04272900,1
D,FPP,REGION_FREQ_MEASURE,1,"2025/05/01 21:00:00","2025/05/01 20:57:16",QLD1,1,-0.04600000,1,0.04216345,1
D,FPP,REGION_FREQ_MEASURE,1,"2025/05/01 21:00:00","2025/05/01 20:57:16",SA1,1,-0.04200000,1,0.04208514,1
D,FPP,REGION_FREQ_MEASURE,1,"2025/05/01 21:00:00","2025/05/01 20:57:16",TAS1,1,-0.01100000,1,0.03399737,1
D,FPP,REGION_FREQ_MEASURE,1,"2025/05/01 21:00:00","2025/05/01 20:57:16",VIC1,1,-0.04000000,1,0.04232573,1
D,FPP,REGION_FREQ_MEASURE,1,"2025/05/01 21:00:00","2025/05/01 20:57:20",NSW1,1,-0.03000000,1,0.03990033,1
D,FPP,REGION_FREQ_MEASURE,1,"2025/05/01 21:00:00","2025/05/01 20:57:20",QLD1,1,-0.03700000,1,0.04101602,1
D,FPP,REGION_FREQ_MEASURE,1,"2025/05/01 21:00:00","2025/05/01 20:57:20",SA1,1,-0.04200000,1,0.04206622,1
D,FPP,REGION_FREQ_MEASURE,1,"2025/05/01 21:00:00","2025/05/01 20:57:20",TAS1,1,-0.05800000,1,0.03933129,1
D,FPP,REGION_FREQ_MEASURE,1,"2025/05/01 21:00:00","2025/05/01 20:57:20",VIC1,1,-0.04600000,1,0.04314223,1
D,FPP,REGION_FREQ_MEASURE,1,"2025/05/01 21:00:00","2025/05/01 20:57:24",NSW1,1,-0.01000000,1,0.03325581,1
D,FPP,REGION_FREQ_MEASURE,1,"2025/05/01 21:00:00","2025/05/01 20:57:24",QLD1,1,-0.01500000,1,0.03523468,1
D,FPP,REGION_FREQ_MEASURE,1,"2025/05/01 21:00:00","2025/05/01 20:57:24",SA1,1,-0.04400000,1,0.04249595,1
D,FPP,REGION_FREQ_MEASURE,1,"2025/05/01 21:00:00","2025/05/01 20:57:24",TAS1,1,-0.06500000,1,0.04503545,1
D,FPP,REGION_FREQ_MEASURE,1,"2025/05/01 21:00:00","2025/05/01 20:57:24",VIC1,1,-0.04200000,1,0.04288840,1
D,FPP,REGION_FREQ_MEASURE,1,"2025/05/01 21:00:00","2025/05/01 20:57:28",NSW1,1,-0.00100000,1,0.02608785,1
D,FPP,REGION_FREQ_MEASURE,1,"2025/05/01 21:00:00","2025/05/01 20:57:28",QLD1,1,-0.00200000,1,0.02784920,1
D,FPP,REGION_FREQ_MEASURE,1,"2025/05/01 21:00:00","2025/05/01 20:57:28",SA1,1,-0.02200000,1,0.03794129,1
D,FPP,REGION_FREQ_MEASURE,1,"2025/05/01 21:00:00","2025/05/01 20:57:28",TAS1,1,-0.01000000,1,0.03724979,1
D,FPP,REGION_FREQ_MEASURE,1,"2025/05/01 21:00:00","2025/05/01 20:57:28",VIC1,1,-0.01600000,1,0.03691320,1
D,FPP,REGION_FREQ_MEASURE,1,"2025/05/01 21:00:00","2025/05/01 20:57:32",NSW1,1,-0.01000000,1,0.02251277,1
D,FPP,REGION_FREQ_MEASURE,1,"2025/05/01 21:00:00","2025/05/01 20:57:32",QLD1,1,-0.01000000,1,0.02388271,1
D,FPP,REGION_FREQ_MEASURE,1,"2025/05/01 21:00:00","2025/05/01 20:57:32",SA1,1,-0.00700000,1,0.03106545,1
D,FPP,REGION_FREQ_MEASURE,1,"2025/05/01 21:00:00","2025/05/01 20:57:32",TAS1,1,-0.00200000,1,0.02941650,1
D,FPP,REGION_FREQ_MEASURE,1,"2025/05/01 21:00:00","2025/05/01 20:57:32",VIC1,1,-0.00200000,1,0.02915471,1
D,FPP,REGION_FREQ_MEASURE,1,"2025/05/01 21:00:00","2025/05/01 20:57:36",NSW1,1,-0.03200000,1,0.02462104,1
D,FPP,REGION_FREQ_MEASURE,1,"2025/05/01 21:00:00","2025/05/01 20:57:36",QLD1,1,-0.02900000,1,0.02501989,1
D,FPP,REGION_FREQ_MEASURE,1,"2025/05/01 21:00:00","2025/05/01 20:57:36",SA1,1,-0.00400000,1,0.02505091,1
D,FPP,REGION_FREQ_MEASURE,1,"2025/05/01 21:00:00","2025/05/01 20:57:36",TAS1,1,-0.02000000,1,0.02732394,1
D,FPP,REGION_FREQ_MEASURE,1,"2025/05/01 21:00:00","2025/05/01 20:57:36",VIC1,1,-0.00200000,1,0.02312033,1
D,FPP,REGION_FREQ_MEASURE,1,"2025/05/01 21:00:00","2025/05/01 20:57:40",NSW1,1,-0.03900000,1,0.02781636,1
D,FPP,REGION_FREQ_MEASURE,1,"2025/05/01 21:00:00","2025/05/01 20:57:40",QLD1,1,-0.03700000,1,0.02768214,1
D,FPP,REGION_FREQ_MEASURE,1,"2025/05/01 21:00:00","2025/05/01 20:57:40",SA1,1,-0.01300000,1,0.02237293,1
D,FPP,REGION_FREQ_MEASURE,1,"2025/05/01 21:00:00","2025/05/01 20:57:40",TAS1,1,-0.04300000,1,0.03080751,1
D,FPP,REGION_FREQ_MEASURE,1,"2025/05/01 21:00:00","2025/05/01 20:57:40",VIC1,1,-0.01800000,1,0.02198248,1
D,FPP,REGION_FREQ_MEASURE,1,"2025/05/01 21:00:00","2025/05/01 20:57:44",NSW1,1,-0.02700000,1,0.02763495,1
D,FPP,REGION_FREQ_MEASURE,1,"2025/05/01 21:00:00","2025/05/01 20:57:44",QLD1,1,-0.03000000,1,0.02819722,1
D,FPP,REGION_FREQ_MEASURE,1,"2025/05/01 21:00:00","2025/05/01 20:57:44",SA1,1,-0.03700000,1,0.02562339,1
D,FPP,REGION_FREQ_MEASURE,1,"2025/05/01 21:00:00","2025/05/01 20:57:44",TAS1,1,-0.05600000,1,0.03640584,1
D,FPP,REGION_FREQ_MEASURE,1,"2025/05/01 21:00:00","2025/05/01 20:57:44",VIC1,1,-0.04000000,1,0.02598637,1
D,FPP,REGION_FREQ_MEASURE,1,"2025/05/01 21:00:00","2025/05/01 20:57:48",NSW1,1,-0.02900000,1,0.02793829,1
D,FPP,REGION_FREQ_MEASURE,1,"2025/05/01 21:00:00","2025/05/01 20:57:48",QLD1,1,-0.02500000,1,0.02748673,1
D,FPP,REGION_FREQ_MEASURE,1,"2025/05/01 21:00:00","2025/05/01 20:57:48",SA1,1,-0.03700000,1,0.02815153,1
D,FPP,REGION_FREQ_MEASURE,1,"2025/05/01 21:00:00","2025/05/01 20:57:48",TAS1,1,-0.08000000,1,0.04609343,1
D,FPP,REGION_FREQ_MEASURE,1,"2025/05/01 21:00:00","2025/05/01 20:57:48",VIC1,1,-0.03300000,1,0.02754495,1
D,FPP,REGION_FREQ_MEASURE,1,"2025/05/01 21:00:00","2025/05/01 20:57:52",NSW1,1,-0.04400000,1,0.03150756,1
D,FPP,REGION_FREQ_MEASURE,1,"2025/05/01 21:00:00","2025/05/01 20:57:52",QLD1,1,-0.03800000,1,0.02982301,1
D,FPP,REGION_FREQ_MEASURE,1,"2025/05/01 21:00:00","2025/05/01 20:57:52",SA1,1,-0.02600000,1,0.02767341,1
D,FPP,REGION_FREQ_MEASURE,1,"2025/05/01 21:00:00","2025/05/01 20:57:52",TAS1,1,-0.05200000,1,0.04740600,1
D,FPP,REGION_FREQ_MEASURE,1,"2025/05/01 21:00:00","2025/05/01 20:57:52",VIC1,1,-0.02700000,1,0.02742385,1
D,FPP,REGION_FREQ_MEASURE,1,"2025/05/01 21:00:00","2025/05/01 20:57:56",NSW1,1,-0.04700000,1,0.03495032,1
D,FPP,REGION_FREQ_MEASURE,1,"2025/05/01 21:00:00","2025/05/01 20:57:56",QLD1,1,-0.04900000,1,0.03408456,1
D,FPP,REGION_FREQ_MEASURE,1,"2025/05/01 21:00:00","2025/05/01 20:57:56",SA1,1,-0.03200000,1,0.02863487,1
D,FPP,REGION_FREQ_MEASURE,1,"2025/05/01 21:00:00","2025/05/01 20:57:56",TAS1,1,-0.04900000,1,0.04776022,1
D,FPP,REGION_FREQ_MEASURE,1,"2025/05/01 21:00:00","2025/05/01 20:57:56",VIC1,1,-0.03500000,1,0.02910744,1
D,FPP,REGION_FREQ_MEASURE,1,"2025/05/01 21:00:00","2025/05/01 20:58:00",NSW1,1,-0.02800000,1,0.03340580,1
D,FPP,REGION_FREQ_MEASURE,1,"2025/05/01 21:00:00","2025/05/01 20:58:00",QLD1,1,-0.03300000,1,0.03384355,1
D,FPP,REGION_FREQ_MEASURE,1,"2025/05/01 21:00:00","2025/05/01 20:58:00",SA1,1,-0.03900000,1,0.03093823,1
D,FPP,REGION_FREQ_MEASURE,1,"2025/05/01 21:00:00","2025/05/01 20:58:00",TAS1,1,-0.04200000,1,0.04648017,1
D,FPP,REGION_FREQ_MEASURE,1,"2025/05/01 21:00:00","2025/05/01 20:58:00",VIC1,1,-0.05200000,1,0.03419468,1
D,FPP,REGION_FREQ_MEASURE,1,"2025/05/01 21:00:00","2025/05/01 20:58:04",NSW1,1,-0.02800000,1,0.03220451,1
D,FPP,REGION_FREQ_MEASURE,1,"2025/05/01 21:00:00","2025/05/01 20:58:04",QLD1,1,-0.02800000,1,0.03254498,1
D,FPP,REGION_FREQ_MEASURE,1,"2025/05/01 21:00:00","2025/05/01 20:58:04",SA1,1,-0.03900000,1,0.03272973,1
D,FPP,REGION_FREQ_MEASURE,1,"2025/05/01 21:00:00","2025/05/01 20:58:04",TAS1,1,-0.05600000,1,0.04859569,1
D,FPP,REGION_FREQ_MEASURE,1,"2025/05/01 21:00:00","2025/05/01 20:58:04",VIC1,1,-0.03600000,1,0.03459586,1
D,FPP,REGION_FREQ_MEASURE,1,"2025/05/01 21:00:00","2025/05/01 20:58:08",NSW1,1,-0.03200000,1,0.03215906,1
D,FPP,REGION_FREQ_MEASURE,1,"2025/05/01 21:00:00","2025/05/01 20:58:08",QLD1,1,-0.03000000,1,0.03197943,1
D,FPP,REGION_FREQ_MEASURE,1,"2025/05/01 21:00:00","2025/05/01 20:58:08",SA1,1,-0.02900000,1,0.03190090,1
D,FPP,REGION_FREQ_MEASURE,1,"2025/05/01 21:00:00","2025/05/01 20:58:08",TAS1,1,-0.07000000,1,0.05335220,1
D,FPP,REGION_FREQ_MEASURE,1,"2025/05/01 21:00:00","2025/05/01 20:58:08",VIC1,1,-0.02900000,1,0.03335234,1
D,FPP,REGION_FREQ_MEASURE,1,"2025/05/01 21:00:00","2025/05/01 20:58:12",NSW1,1,-0.03600000,1,0.03301260,1
D,FPP,REGION_FREQ_MEASURE,1,"2025/05/01 21:00:00","2025/05/01 20:58:12",QLD1,1,-0.03500000,1,0.03265067,1
D,FPP,REGION_FREQ_MEASURE,1,"2025/05/01 21:00:00","2025/05/01 20:58:12",SA1,1,-0.02900000,1,0.03125626,1
D,FPP,REGION_FREQ_MEASURE,1,"2025/05/01 21:00:00","2025/05/01 20:58:12",TAS1,1,-0.05000000,1,0.05260727,1
D,FPP,REGION_FREQ_MEASURE,1,"2025/05/01 21:00:00","2025/05/01 20:58:12",VIC1,1,-0.03200000,1,0.03305182,1
D,FPP,REGION_FREQ_MEASURE,1,"2025/05/01 21:00:00","2025/05/01 20:58:16",NSW1,1,-0.03000000,1,0.03234313,1
D,FPP,REGION_FREQ_MEASURE,1,"2025/05/01 21:00:00","2025/05/01 20:58:16",QLD1,1,-0.03200000,1,0.03250608,1
D,FPP,REGION_FREQ_MEASURE,1,"2025/05/01 21:00:00","2025/05/01 20:58:16",SA1,1,-0.03200000,1,0.03142154,1
D,FPP,REGION_FREQ_MEASURE,1,"2025/05/01 21:00:00","2025/05/01 20:58:16",TAS1,1,-0.05800000,1,0.05380565,1
D,FPP,REGION_FREQ_MEASURE,1,"2025/05/01 21:00:00","2025/05/01 20:58:16",VIC1,1,-0.03200000,1,0.03281808,1
D,FPP,REGION_FREQ_MEASURE,1,"2025/05/01 21:00:00","2025/05/01 20:58:20",NSW1,1,-0.02300000,1,0.03026688,1
D,FPP,REGION_FREQ_MEASURE,1,"2025/05/01 21:00:00","2025/05/01 20:58:20",QLD1,1,-0.02500000,1,0.03083806,1
D,FPP,REGION_FREQ_MEASURE,1,"2025/05/01 21:00:00","2025/05/01 20:58:20",SA1,1,-0.03800000,1,0.03288342,1
D,FPP,REGION_FREQ_MEASURE,1,"2025/05/01 21:00:00","2025/05/01 20:58:20",TAS1,1,-0.07000000,1,0.05740439,1
D,FPP,REGION_FREQ_MEASURE,1,"2025/05/01 21:00:00","2025/05/01 20:58:20",VIC1,1,-0.03800000,1,0.03396962,1
D,FPP,REGION_FREQ_MEASURE,1,"2025/05/01 21:00:00","2025/05/01 20:58:24",NSW1,1,-0.02300000,1,0.02865202,1
D,FPP,REGION_FREQ_MEASURE,1,"2025/05/01 21:00:00","2025/05/01 20:58:24",QLD1,1,-0.02400000,1,0.02931849,1
D,FPP,REGION_FREQ_MEASURE,1,"2025/05/01 21:00:00","2025/05/01 20:58:24",SA1,1,-0.02900000,1,0.03202044,1
D,FPP,REGION_FREQ_MEASURE,1,"2025/05/01 21:00:00","2025/05/01 20:58:24",TAS1,1,-0.05200000,1,0.05620341,1
D,FPP,REGION_FREQ_MEASURE,1,"2025/05/01 21:00:00","2025/05/01 20:58:24",VIC1,1,-0.02900000,1,0.03286526,1
D,FPP,REGION_FREQ_MEASURE,1,"2025/05/01 21:00:00","2025/05/01 20:58:28",NSW1,1,-0.03600000,1,0.03028490,1
D,FPP,REGION_FREQ_MEASURE,1,"2025/05/01 21:00:00","2025/05/01 20:58:28",QLD1,1,-0.03200000,1,0.02991438,1
D,FPP,REGION_FREQ_MEASURE,1,"2025/05/01 21:00:00","2025/05/01 20:58:28",SA1,1,-0.02300000,1,0.03001590,1
D,FPP,REGION_FREQ_MEASURE,1,"2025/05/01 21:00:00","2025/05/01 20:58:28",TAS1,1,-0.03300000,1,0.05104710,1
D,FPP,REGION_FREQ_MEASURE,1,"2025/05/01 21:00:00","2025/05/01 20:58:28",VIC1,1,-0.02300000,1,0.03067298,1
D,FPP,REGION_FREQ_MEASURE,1,"2025/05/01 21:00:00","2025/05/01 20:58:32",NSW1,1,-0.03800000,1,0.03199937,1
D,FPP,REGION_FREQ_MEASURE,1,"2025/05/01 21:00:00","2025/05/01 20:58:32",QLD1,1,-0.03600000,1,0.03126674,1
D,FPP,REGION_FREQ_MEASURE,1,"2025/05/01 21:00:00","2025/05/01 20:58:32",SA1,1,-0.02300000,1,0.02845681,1
D,FPP,REGION_FREQ_MEASURE,1,"2025/05/01 21:00:00","2025/05/01 20:58:32",TAS1,1,-0.02800000,1,0.04592552,1
D,FPP,REGION_FREQ_MEASURE,1,"2025/05/01 21:00:00","2025/05/01 20:58:32",VIC1,1,-0.02500000,1,0.02941232,1
D,FPP,REGION_FREQ_MEASURE,1,"2025/05/01 21:00:00","2025/05/01 20:58:36",NSW1,1,-0.02400000,1,0.03022173,1
D,FPP,REGION_FREQ_MEASURE,1,"2025/05/01 21:00:00","2025/05/01 20:58:36",QLD1,1,-0.02500000,1,0.02987413,1
D,FPP,REGION_FREQ_MEASURE,1,"2025/05/01 21:00:00","2025/05/01 20:58:36",SA1,1,-0.03900000,1,0.03079974,1
D,FPP,REGION_FREQ_MEASURE,1,"2025/05/01 21:00:00","2025/05/01 20:58:36",TAS1,1,-0.01500000,1,0.03905318,1
D,FPP,REGION_FREQ_MEASURE,1,"2025/05/01 21:00:00","2025/05/01 20:58:36",VIC1,1,-0.04000000,1,0.03176514,1
D,FPP,REGION_FREQ_MEASURE,1,"2025/05/01 21:00:00","2025/05/01 20:58:40",NSW1,1,-0.02700000,1,0.02950579,1
D,FPP,REGION_FREQ_MEASURE,1,"2025/05/01 21:00:00","2025/05/01 20:58:40",QLD1,1,-0.02400000,1,0.02856877,1
D,FPP,REGION_FREQ_MEASURE,1,"2025/05/01 21:00:00","2025/05/01 20:58:40",SA1,1,-0.03100000,1,0.03084424,1
D,FPP,REGION_FREQ_MEASURE,1,"2025/05/01 21:00:00","2025/05/01 20:58:40",TAS1,1,0.02300000,1,0.02526358,0
D,FPP,REGION_FREQ_MEASURE,1,"2025/05/01 21:00:00","2025/05/01 20:58:40",VIC1,1,-0.02900000,1,0.03115066,1
D,FPP,REGION_FREQ_MEASURE,1,"2025/05/01 21:00:00","2025/05/01 20:58:44",NSW1,1,-0.04000000,1,0.03183784,1
D,FPP,REGION_FREQ_MEASURE,1,"2025/05/01 21:00:00","2025/05/01 20:58:44",QLD1,1,-0.03700000,1,0.03044238,1
D,FPP,REGION_FREQ_MEASURE,1,"2025/05/01 21:00:00","2025/05/01 20:58:44",SA1,1,-0.02300000,1,0.02910108,1
D,FPP,REGION_FREQ_MEASURE,1,"2025/05/01 21:00:00","2025/05/01 20:58:44",TAS1,1,-0.01500000,1,0.02298278,1
D,FPP,REGION_FREQ_MEASURE,1,"2025/05/01 21:00:00","2025/05/01 20:58:44",VIC1,1,-0.02300000,1,0.02933940,1
D,FPP,REGION_FREQ_MEASURE,1,"2025/05/01 21:00:00","2025/05/01 20:58:48",NSW1,1,-0.04000000,1,0.03365165,1
D,FPP,REGION_FREQ_MEASURE,1,"2025/05/01 21:00:00","2025/05/01 20:58:48",QLD1,1,-0.03800000,1,0.03212185,1
D,FPP,REGION_FREQ_MEASURE,1,"2025/05/01 21:00:00","2025/05/01 20:58:48",SA1,1,-0.03400000,1,0.03018973,1
D,FPP,REGION_FREQ_MEASURE,1,"2025/05/01 21:00:00","2025/05/01 20:58:48",TAS1,1,-0.05800000,1,0.03076438,1
D,FPP,REGION_FREQ_MEASURE,1,"2025/05/01 21:00:00","2025/05/01 20:58:48",VIC1,1,-0.03800000,1,0.03126398,1
D,FPP,REGION_FREQ_MEASURE,1,"2025/05/01 21:00:00","2025/05/01 20:58:52",NSW1,1,-0.03100000,1,0.03306239,1
D,FPP,REGION_FREQ_MEASURE,1,"2025/05/01 21:00:00","2025/05/01 20:58:52",QLD1,1,-0.03500000,1,0.03276144,1
D,FPP,REGION_FREQ_MEASURE,1,"2025/05/01 21:00:00","2025/05/01 20:58:52",SA1,1,-0.03800000,1,0.03192535,1
D,FPP,REGION_FREQ_MEASURE,1,"2025/05/01 21:00:00","2025/05/01 20:58:52",TAS1,1,-0.06300000,1,0.03792785,1
D,FPP,REGION_FREQ_MEASURE,1,"2025/05/01 21:00:00","2025/05/01 20:58:52",VIC1,1,-0.04300000,1,0.03387198,1
D,FPP,REGION_FREQ_MEASURE,1,"2025/05/01 21:00:00","2025/05/01 20:58:56",NSW1,1,-0.03500000,1,0.03349297,1
D,FPP,REGION_FREQ_MEASURE,1,"2025/05/01 21:00:00","2025/05/01 20:58:56",QLD1,1,-0.03200000,1,0.03259223,1
D,FPP,REGION_FREQ_MEASURE,1,"2025/05/01 21:00:00","2025/05/01 20:58:56",SA1,1,-0.04100000,1,0.03394194,1
D,FPP,REGION_FREQ_MEASURE,1,"2025/05/01 21:00:00","2025/05/01 20:58:56",TAS1,1,-0.04100000,1,0.03861055,1
D,FPP,REGION_FREQ_MEASURE,1,"2025/05/01 21:00:00","2025/05/01 20:58:56",VIC1,1,-0.03600000,1,0.03434487,1
D,FPP,REGION_FREQ_MEASURE,1,"2025/05/01 21:00:00","2025/05/01 20:59:00",NSW1,1,-0.03700000,1,0.03427231,1
D,FPP,REGION_FREQ_MEASURE,1,"2025/05/01 21:00:00","2025/05/01 20:59:00",QLD1,1,-0.03600000,1,0.03334951,1
D,FPP,REGION_FREQ_MEASURE,1,"2025/05/01 21:00:00","2025/05/01 20:59:00",SA1,1,-0.03000000,1,0.03306595,1
D,FPP,REGION_FREQ_MEASURE,1,"2025/05/01 21:00:00","2025/05/01 20:59:00",TAS1,1,-0.02900000,1,0.03647487,1
D,FPP,REGION_FREQ_MEASURE,1,"2025/05/01 21:00:00","2025/05/01 20:59:00",VIC1,1,-0.02900000,1,0.03315712,1
D,FPP,REGION_FREQ_MEASURE,1,"2025/05/01 21:00:00","2025/05/01 20:59:04",NSW1,1,-0.04600000,1,0.03687846,1
D,FPP,REGION_FREQ_MEASURE,1,"2025/05/01 21:00:00","2025/05/01 20:59:04",QLD1,1,-0.04500000,1,0.03593851,1
D,FPP,REGION_FREQ_MEASURE,1,"2025/05/01 21:00:00","2025/05/01 20:59:04",SA1,1,-0.03400000,1,0.03327352,1
D,FPP,REGION_FREQ_MEASURE,1,"2025/05/01 21:00:00","2025/05/01 20:59:04",TAS1,1,-0.03900000,1,0.03703601,1
D,FPP,REGION_FREQ_MEASURE,1,"2025/05/01 21:00:00","2025/05/01 20:59:04",VIC1,1,-0.03500000,1,0.03356665,1
D,FPP,REGION_FREQ_MEASURE,1,"2025/05/01 21:00:00","2025/05/01 20:59:08",NSW1,1,-0.03300000,1,0.03601658,1
D,FPP,REGION_FREQ_MEASURE,1,"2025/05/01 21:00:00","2025/05/01 20:59:08",QLD1,1,-0.03300000,1,0.03528551,1
D,FPP,REGION_FREQ_MEASURE,1,"2025/05/01 21:00:00","2025/05/01 20:59:08",SA1,1,-0.04100000,1,0.03499052,1
D,FPP,REGION_FREQ_MEASURE,1,"2025/05/01 21:00:00","2025/05/01 20:59:08",TAS1,1,-0.07000000,1,0.04436134,1
D,FPP,REGION_FREQ_MEASURE,1,"2025/05/01 21:00:00","2025/05/01 20:59:08",VIC1,1,-0.04300000,1,0.03566295,1
D,FPP,REGION_FREQ_MEASURE,1,"2025/05/01 21:00:00","2025/05/01 20:59:12",NSW1,1,-0.03300000,1,0.03534623,1
D,FPP,REGION_FREQ_MEASURE,1,"2025/05/01 21:00:00","2025/05/01 20:59:12",QLD1,1,-0.03200000,1,0.03455540,1
D,FPP,REGION_FREQ_MEASURE,1,"2025/05/01 21:00:00","2025/05/01 20:59:12",SA1,1,-0.04300000,1,0.03677040,1
D,FPP,REGION_FREQ_MEASURE,1,"2025/05/01 21:00:00","2025/05/01 20:59:12",TAS1,1,-0.05600000,1,0.04694771,1
D,FPP,REGION_FREQ_MEASURE,1,"2025/05/01 21:00:00","2025/05/01 20:59:12",VIC1,1,-0.03800000,1,0.03618229,1
D,FPP,REGION_FREQ_MEASURE,1,"2025/05/01 21:00:00","2025/05/01 20:59:16",NSW1,1,-0.02700000,1,0.03349151,1
D,FPP,REGION_FREQ_MEASURE,1,"2025/05/01 21:00:00","2025/05/01 20:59:16",QLD1,1,-0.03000000,1,0.03354309,1
D,FPP,REGION_FREQ_MEASURE,1,"2025/05/01 21:00:00","2025/05/01 20:59:16",SA1,1,-0.02800000,1,0.03482142,1
D,FPP,REGION_FREQ_MEASURE,1,"2025/05/01 21:00:00","2025/05/01 20:59:16",TAS1,1,-0.03900000,1,0.04518155,1
D,FPP,REGION_FREQ_MEASURE,1,"2025/05/01 21:00:00","2025/05/01 20:59:16",VIC1,1,-0.03000000,1,0.03480845,1
D,FPP,REGION_FREQ_MEASURE,1,"2025/05/01 21:00:00","2025/05/01 20:59:20",NSW1,1,-0.02300000,1,0.03116006,1
D,FPP,REGION_FREQ_MEASURE,1,"2025/05/01 21:00:00","2025/05/01 20:59:20",QLD1,1,-0.02400000,1,0.03142240,1
D,FPP,REGION_FREQ_MEASURE,1,"2025/05/01 21:00:00","2025/05/01 20:59:20",SA1,1,-0.02800000,1,0.03330555,1
D,FPP,REGION_FREQ_MEASURE,1,"2025/05/01 21:00:00","2025/05/01 20:59:20",TAS1,1,-0.04300000,1,0.04469676,1
D,FPP,REGION_FREQ_MEASURE,1,"2025/05/01 21:00:00","2025/05/01 20:59:20",VIC1,1,-0.03000000,1,0.03373991,1
D,FPP,REGION_FREQ_MEASURE,1,"2025/05/01 21:00:00","2025/05/01 20:59:24",NSW1,1,-0.01800000,1,0.02823560,1
D,FPP,REGION_FREQ_MEASURE,1,"2025/05/01 21:00:00","2025/05/01 20:59:24",QLD1,1,-0.01700000,1,0.02821742,1
D,FPP,REGION_FREQ_MEASURE,1,"2025/05/01 21:00:00","2025/05/01 20:59:24",SA1,1,-0.02500000,1,0.03145987,1
D,FPP,REGION_FREQ_MEASURE,1,"2025/05/01 21:00:00","2025/05/01 20:59:24",TAS1,1,-0.03100000,1,0.04165304,1
D,FPP,REGION_FREQ_MEASURE,1,"2025/05/01 21:00:00","2025/05/01 20:59:24",VIC1,1,-0.02500000,1,0.03179771,1
D,FPP,REGION_FREQ_MEASURE,1,"2025/05/01 21:00:00","2025/05/01 20:59:28",NSW1,1,-0.01800000,1,0.02596102,1
D,FPP,REGION_FREQ_MEASURE,1,"2025/05/01 21:00:00","2025/05/01 20:59:28",QLD1,1,-0.01800000,1,0.02594688,1
D,FPP,REGION_FREQ_MEASURE,1,"2025/05/01 21:00:00","2025/05/01 20:59:28",SA1,1,-0.02000000,1,0.02891323,1
D,FPP,REGION_FREQ_MEASURE,1,"2025/05/01 21:00:00","2025/05/01 20:59:28",TAS1,1,-0.04000000,1,0.04128570,1
D,FPP,REGION_FREQ_MEASURE,1,"2025/05/01 21:00:00","2025/05/01 20:59:28",VIC1,1,-0.01600000,1,0.02828711,1
D,FPP,REGION_FREQ_MEASURE,1,"2025/05/01 21:00:00","2025/05/01 20:59:32",NSW1,1,-0.01400000,1,0.02330302,1
D,FPP,REGION_FREQ_MEASURE,1,"2025/05/01 21:00:00","2025/05/01 20:59:32",QLD1,1,-0.01500000,1,0.02351424,1
D,FPP,REGION_FREQ_MEASURE,1,"2025/05/01 21:00:00","2025/05/01 20:59:32",SA1,1,-0.02200000,1,0.02737696,1
D,FPP,REGION_FREQ_MEASURE,1,"2025/05/01 21:00:00","2025/05/01 20:59:32",TAS1,1,-0.03500000,1,0.03988888,1
D,FPP,REGION_FREQ_MEASURE,1,"2025/05/01 21:00:00","2025/05/01 20:59:32",VIC1,1,-0.02300000,1,0.02711220,1
D,FPP,REGION_FREQ_MEASURE,1,"2025/05/01 21:00:00","2025/05/01 20:59:36",NSW1,1,-0.01300000,1,0.02101346,1
D,FPP,REGION_FREQ_MEASURE,1,"2025/05/01 21:00:00","2025/05/01 20:59:36",QLD1,1,-0.01900000,1,0.02251108,1
D,FPP,REGION_FREQ_MEASURE,1,"2025/05/01 21:00:00","2025/05/01 20:59:36",SA1,1,-0.01900000,1,0.02551541,1
D,FPP,REGION_FREQ_MEASURE,1,"2025/05/01 21:00:00","2025/05/01 20:59:36",TAS1,1,-0.05000000,1,0.04213580,1
D,FPP,REGION_FREQ_MEASURE,1,"2025/05/01 21:00:00","2025/05/01 20:59:36",VIC1,1,-0.01700000,1,0.02486504,1
D,FPP,REGION_FREQ_MEASURE,1,"2025/05/01 21:00:00","2025/05/01 20:59:40",NSW1,1,0.00100000,1,0.01612158,1
D,FPP,REGION_FREQ_MEASURE,1,"2025/05/01 21:00:00","2025/05/01 20:59:40",QLD1,1,-0.00300000,1,0.01817528,1
D,FPP,REGION_FREQ_MEASURE,1,"2025/05/01 21:00:00","2025/05/01 20:59:40",SA1,1,-0.01700000,1,0.02362310,1
D,FPP,REGION_FREQ_MEASURE,1,"2025/05/01 21:00:00","2025/05/01 20:59:40",TAS1,1,-0.00700000,1,0.03432784,1
D,FPP,REGION_FREQ_MEASURE,1,"2025/05/01 21:00:00","2025/05/01 20:59:40",VIC1,1,-0.01900000,1,0.02356170,1
D,FPP,REGION_FREQ_MEASURE,1,"2025/05/01 21:00:00","2025/05/01 20:59:44",NSW1,1,-0.00600000,1,0.01387234,1
D,FPP,REGION_FREQ_MEASURE,1,"2025/05/01 21:00:00","2025/05/01 20:59:44",QLD1,1,-0.00100000,1,0.01435855,1
D,FPP,REGION_FREQ_MEASURE,1,"2025/05/01 21:00:00","2025/05/01 20:59:44",SA1,1,-0.00800000,1,0.02015130,1
D,FPP,REGION_FREQ_MEASURE,1,"2025/05/01 21:00:00","2025/05/01 20:59:44",TAS1,1,0.03900000,1,0.01803276,0
D,FPP,REGION_FREQ_MEASURE,1,"2025/05/01 21:00:00","2025/05/01 20:59:44",VIC1,1,-0.00600000,1,0.01965910,1
D,FPP,REGION_FREQ_MEASURE,1,"2025/05/01 21:00:00","2025/05/01 20:59:48",NSW1,1,-0.01900000,1,0.01501182,1
D,FPP,REGION_FREQ_MEASURE,1,"2025/05/01 21:00:00","2025/05/01 20:59:48",QLD1,1,-0.01700000,1,0.01494554,1
D,FPP,REGION_FREQ_MEASURE,1,"2025/05/01 21:00:00","2025/05/01 20:59:48",SA1,1,0.00500000,1,0.01456212,1
D,FPP,REGION_FREQ_MEASURE,1,"2025/05/01 21:00:00","2025/05/01 20:59:48",TAS1,1,0.01200000,1,0.01135881,1
D,FPP,REGION_FREQ_MEASURE,1,"2025/05/01 21:00:00","2025/05/01 20:59:48",VIC1,1,0.00000000,1,0.01529041,1
D,FPP,REGION_FREQ_MEASURE,1,"2025/05/01 21:00:00","2025/05/01 20:59:52",NSW1,1,-0.01900000,1,0.01589808,1
D,FPP,REGION_FREQ_MEASURE,1,"2025/05/01 21:00:00","2025/05/01 20:59:52",QLD1,1,-0.01900000,1,0.01584653,1
D,FPP,REGION_FREQ_MEASURE,1,"2025/05/01 21:00:00","2025/05/01 20:59:52",SA1,1,-0.01100000,1,0.01377054,1
D,FPP,REGION_FREQ_MEASURE,1,"2025/05/01 21:00:00","2025/05/01 20:59:52",TAS1,1,-0.01600000,1,0.01239019,1
D,FPP,REGION_FREQ_MEASURE,1,"2025/05/01 21:00:00","2025/05/01 20:59:52",VIC1,1,-0.01600000,1,0.01544810,1
D,FPP,REGION_FREQ_MEASURE,1,"2025/05/01 21:00:00","2025/05/01 20:59:56",NSW1,1,-0.02200000,1,0.01725406,1
D,FPP,REGION_FREQ_MEASURE,1,"2025/05/01 21:00:00","2025/05/01 20:59:56",QLD1,1,-0.02300000,1,0.01743619,1
D,FPP,REGION_FREQ_MEASURE,1,"2025/05/01 21:00:00","2025/05/01 20:59:56",SA1,1,-0.01800000,1,0.01471042,1
D,FPP,REGION_FREQ_MEASURE,1,"2025/05/01 21:00:00","2025/05/01 20:59:56",TAS1,1,-0.03600000,1,0.01763681,1
D,FPP,REGION_FREQ_MEASURE,1,"2025/05/01 21:00:00","2025/05/01 20:59:56",VIC1,1,-0.01800000,1,0.01601519,1
D,FPP,REGION_FREQ_MEASURE,1,"2025/05/01 21:00:00","2025/05/01 21:00:00",NSW1,1,-0.01900000,1,0.01764205,1
D,FPP,REGION_FREQ_MEASURE,1,"2025/05/01 21:00:00","2025/05/01 21:00:00",QLD1,1,-0.01900000,1,0.01778370,1
D,FPP,REGION_FREQ_MEASURE,1,"2025/05/01 21:00:00","2025/05/01 21:00:00",SA1,1,-0.02000000,1,0.01588588,1
D,FPP,REGION_FREQ_MEASURE,1,"2025/05/01 21:00:00","2025/05/01 21:00:00",TAS1,1,0.00300000,1,0.01305085,1
D,FPP,REGION_FREQ_MEASURE,1,"2025/05/01 21:00:00","2025/05/01 21:00:00",VIC1,1,-0.02600000,1,0.01823404,1
I,FPP,RESIDUAL_CF,1,INTERVAL_DATETIME,CONSTRAINTID,VERSIONNO,BIDTYPE,RESIDUAL_CF,NEGATIVE_RESIDUAL_CF,RESIDUAL_DCF,RESIDUAL_CF_REASON_FLAG,CF_ABS_POSITIVE_PERF_TOTAL,CF_ABS_NEGATIVE_PERF_TOTAL,NCF_ABS_NEGATIVE_PERF_TOTAL
D,FPP,RESIDUAL_CF,1,"2025/05/01 21:00:00",F_I+NIL_APD_TL_L5,1,LOWERREG,0.00000000,0.00000000,-0.27755719,8,0.00000,0.00000,0.00000
D,FPP,RESIDUAL_CF,1,"2025/05/01 21:00:00",F_T+LREG_0050,1,LOWERREG,0.00000000,0.00000000,-0.22422379,8,0.00000,0.00000,0.00000
D,FPP,RESIDUAL_CF,1,"2025/05/01 21:00:00",F_T+RREG_0050,1,RAISEREG,0.01307172,0.00000000,-0.32144596,0,24.32732,65.08827,65.08827
D,FPP,RESIDUAL_CF,1,"2025/05/01 21:00:00",F_TASCAP_RREG_0220,1,RAISEREG,-0.57480251,-0.57480251,-0.24320973,0,479.03545,446.12860,446.12860
I,FPP,RESIDUAL_PERFORMANCE,1,INTERVAL_DATETIME,REGIONID,VERSIONNO,RAISE_PERFORMANCE,RAISE_REASON_FLAG,LOWER_PERFORMANCE,LOWER_REASON_FLAG
D,FPP,RESIDUAL_PERFORMANCE,1,"2025/05/01 21:00:00",NSW1,1,-33.27671,0,,8
D,FPP,RESIDUAL_PERFORMANCE,1,"2025/05/01 21:00:00",QLD1,1,-167.01913,0,,8
D,FPP,RESIDUAL_PERFORMANCE,1,"2025/05/01 21:00:00",SA1,1,-25.05676,0,,8
D,FPP,RESIDUAL_PERFORMANCE,1,"2025/05/01 21:00:00",TAS1,1,0.31800,0,,8
D,FPP,RESIDUAL_PERFORMANCE,1,"2025/05/01 21:00:00",VIC1,1,-31.08324,0,,8
I,FPP,FPP_RUN,1,INTERVAL_DATETIME,VERSIONNO,FPPRUN_DATETIME,RUN_STATUS,AUTHORISED_DATETIME
D,FPP,FPP_RUN,1,"2025/05/01 21:00:00",1,"2025/05/01 21:00:00",Completed,"2025/05/01 21:03:15"
C,"END OF REPORT",702
