C,SETP.WORLD,FPP_PUBLIC_RATES,AEMO,PUBLIC,2025/05/01,23:33:15,0000000461505516,FPP,0000000461505515
I,FPP,EST_PERF_COST_RATE,1,INTERVAL_DATETIME,CONSTRAINTID,VERSIONNO,BIDTYPE,RELEVANT_REGIONS,FPP_PAYMENT_RATE,FPP_RECOVERY_RATE,USED_FCAS_RATE,UNUSED_FCAS_RATE
D,FPP,EST_PERF_COST_RATE,1,"2025/05/01 23:30:00",F_I+RREG_0220,1,RAISEREG,"NSW1,QLD1,SA1,TAS1,VIC1",0.00000000,0.00000000,0.00000000,0.30056642
D,FPP,EST_PERF_COST_RATE,1,"2025/05/01 23:30:00",F_T+LREG_0050,1,LOWERREG,TAS1,0.20668931,1.50309140,0.76124811,0.46255698
D,FPP,EST_PERF_COST_RATE,1,"2025/05/01 23:30:00",F_T+RREG_0050,1,RAISEREG,TAS1,0.23886723,0.03181438,0.00714694,0.06383780
D,FPP,EST_PERF_COST_RATE,1,"2025/05/01 23:30:00",F_TASCAP_LREG_0210,1,LOWERREG,"NSW1,QLD1,SA1,VIC1",0.61363536,0.56596564,0.05601390,0.08643601
I,FPP,EST_RESIDUAL_COST_RATE,1,INTERVAL_DATETIME,CONSTRAINTID,VERSIONNO,BIDTYPE,RELEVANT_REGIONS,FPP,USED_FCAS,UNUSED_FCAS
D,FPP,EST_RESIDUAL_COST_RATE,1,"2025/05/01 23:30:00",F_I+RREG_0220,1,RAISEREG,"NSW1,QLD1,SA1,TAS1,VIC1",0.00000000,0.00000000,-0.01478387
D,FPP,EST_RESIDUAL_COST_RATE,1,"2025/05/01 23:30:00",F_T+LREG_0050,1,LOWERREG,TAS1,0.00561932,0.00000000,-0.02455231
D,FPP,EST_RESIDUAL_COST_RATE,1,"2025/05/01 23:30:00",F_T+RREG_0050,1,RAISEREG,TAS1,-0.00064707,-0.00014536,-0.00412333
D,FPP,EST_RESIDUAL_COST_RATE,1,"2025/05/01 23:30:00",F_TASCAP_LREG_0210,1,LOWERREG,"NSW1,QLD1,SA1,VIC1",0.00104118,0.00000000,-0.00382013
I,FPP,FCAS_SUMMARY,1,RUN_DATETIME,RUNNO,INTERVAL_DATETIME,CONSTRAINTID,VERSIONNO,BIDTYPE,RELEVANT_REGIONS,REGULATION_MW,CONSTRAINT_MARGINAL_VALUE,P_REGULATION,BASE_COST,TSFCAS,TOTAL_FPP,RCR,USAGE,USAGE_VALUE
D,FPP,FCAS_SUMMARY,1,"2025/05/01 23:30:00",1,"2025/05/01 23:30:00",F_I+RREG_0220,1,RAISEREG,"NSW1,QLD1,SA1,TAS1,VIC1",220.00000000,5.84000000,5.84000000,107.06666667,107.06666667,0.00000000,0.00000,0.00000000,0.00000000
D,FPP,FCAS_SUMMARY,1,"2025/05/01 23:30:00",1,"2025/05/01 23:30:00",F_T+LREG_0050,1,LOWERREG,TAS1,50.00000000,2.52000000,2.52000000,10.50000000,10.50000000,0.62707470,2.98607,0.03024620,0.03024620
D,FPP,FCAS_SUMMARY,1,"2025/05/01 23:30:00",1,"2025/05/01 23:30:00",F_T+RREG_0050,1,RAISEREG,TAS1,50.00000000,0.29000000,0.29000000,1.20833333,1.20833333,0.06899680,2.85504,0.01282740,0.01282740
D,FPP,FCAS_SUMMARY,1,"2025/05/01 23:30:00",1,"2025/05/01 23:30:00",F_TASCAP_LREG_0210,1,LOWERREG,"NSW1,QLD1,SA1,VIC1",160.00000000,1.90000000,1.90000000,25.33333333,25.33333333,23.23111792,146.72285,0.09187594,0.09187594
C,"END OF REPORT",17
