C,SETP.WORLD,FPP_PUBLIC_RATES,AEMO,PUBLIC,2025/05/03,12:23:20,0000000461716998,FPP,0000000461716997
I,FPP,EST_PERF_COST_RATE,1,INTERVAL_DATETIME,CONSTRAINTID,VERSIONNO,BIDTYPE,RELEVANT_REGIONS,FPP_PAYMENT_RATE,FPP_RECOVERY_RATE,USED_FCAS_RATE,UNUSED_FCAS_RATE
D,FPP,EST_PERF_COST_RATE,1,"2025/05/03 12:20:00",F_MAIN++LREG_0210,1,LOWERREG,"NSW1,QLD1,SA1,VIC1",0.23380807,0.24836816,0.05657575,0.12787459
D,FPP,EST_PERF_COST_RATE,1,"2025/05/03 12:20:00",F_T+LREG_0050,1,LOWERREG,TAS1,0.68740431,0.16441420,0.07712287,0.33656895
D,FPP,EST_PERF_COST_RATE,1,"2025/05/03 12:20:00",F_T+RREG_0050,1,RAISEREG,TAS1,1.43047016,0.95621387,0.63115941,0.75827462
D,FPP,EST_PERF_COST_RATE,1,"2025/05/03 12:20:00",F_TASCAP_RREG_0220,1,RAISEREG,"NSW1,QLD1,SA1,VIC1",0.00000000,0.00000000,0.00000000,0.25098933
I,FPP,EST_RESIDUAL_COST_RATE,1,INTERVAL_DATETIME,CONSTRAINTID,VERSIONNO,BIDTYPE,RELEVANT_REGIONS,FPP,USED_FCAS,UNUSED_FCAS
D,FPP,EST_RESIDUAL_COST_RATE,1,"2025/05/03 12:20:00",F_MAIN++LREG_0210,1,LOWERREG,"NSW1,QLD1,SA1,VIC1",0.00156776,0.00000000,-0.00940795
D,FPP,EST_RESIDUAL_COST_RATE,1,"2025/05/03 12:20:00",F_T+LREG_0050,1,LOWERREG,TAS1,-0.02702355,-0.01267612,-0.02010599
D,FPP,EST_RESIDUAL_COST_RATE,1,"2025/05/03 12:20:00",F_T+RREG_0050,1,RAISEREG,TAS1,-0.03394551,-0.02240610,-0.05512144
D,FPP,EST_RESIDUAL_COST_RATE,1,"2025/05/03 12:20:00",F_TASCAP_RREG_0220,1,RAISEREG,"NSW1,QLD1,SA1,VIC1",0.00000000,0.00000000,-0.02019843
I,FPP,FCAS_SUMMARY,1,RUN_DATETIME,RUNNO,INTERVAL_DATETIME,CONSTRAINTID,VERSIONNO,BIDTYPE,RELEVANT_REGIONS,REGULATION_MW,CONSTRAINT_MARGINAL_VALUE,P_REGULATION,BASE_COST,TSFCAS,TOTAL_FPP,RCR,USAGE,USAGE_VALUE
D,FPP,FCAS_SUMMARY,1,"2025/05/03 12:20:00",1,"2025/05/03 12:20:00",F_MAIN++LREG_0210,1,LOWERREG,"NSW1,QLD1,SA1,VIC1",184.87701000,3.60000000,3.60000000,55.46310300,55.46310300,94.06916400,313.56388,0.38634696,0.38634696
D,FPP,FCAS_SUMMARY,1,"2025/05/03 12:20:00",1,"2025/05/03 12:20:00",F_T+LREG_0050,1,LOWERREG,TAS1,50.00000000,2.39000000,2.39000000,9.95833333,9.95833333,5.43479029,27.28765,0.25600000,0.25600000
D,FPP,FCAS_SUMMARY,1,"2025/05/03 12:20:00",1,"2025/05/03 12:20:00",F_T+RREG_0050,1,RAISEREG,TAS1,50.00000000,5.74000000,5.74000000,23.91666667,23.91666667,14.76835990,30.87462,0.40758260,0.40758260
D,FPP,FCAS_SUMMARY,1,"2025/05/03 12:20:00",1,"2025/05/03 12:20:00",F_TASCAP_RREG_0220,1,RAISEREG,"NSW1,QLD1,SA1,VIC1",170.00000000,5.98000000,5.98000000,84.71666667,84.71666667,0.00000000,0.00000,0.00000000,0.00000000
C,"END OF REPORT",17
